run_id,task_id,robot_id,start_zone,goal_zone,static_path_length_m,turn_count,junction_crossings_count,nominal_speed_mps,fleet_size,candidate_corridor_count,mean_nearby_robot_count,avg_nearby_robot_speed_mps,max_corridor_queue_length,reservation_count,corridor_occupancy_ratio,active_blockage_count,waiting_time_s,total_stop_time_s,mean_peer_freshness_ms,task_load_count,actual_travel_time_s
run_1789770802,rnd_task_001,robot_1,South,South,0.85,0,0,0.46,4,1,0.03,0.0,3,28,0.073,70,246.12,242.12,500.0,3,494.4
run_1789770802,rnd_task_002,robot_2,North,North,35.25,2,1,0.46,4,1,0.04,0.07,6,46,0.085,90,507.72,503.72,500.0,5,848.6
run_1789770802,rnd_task_003,robot_3,South,North,85.6,4,2,0.46,4,2,0.2,0.04,5,40,0.085,69,424.6,420.6,500.0,4,704.4
run_1789770802,rnd_task_004,robot_4,North,North,30.2,2,1,0.46,4,1,0.12,0.16,7,54,0.09,140,651.6,647.6,500.0,6,952.8
run_1789770802,rnd_task_005,robot_1,North,South,50.67,4,2,0.46,4,2,0.07,0.16,7,36,0.068,92,504.94,500.94,500.0,6,769.6
run_1789770802,rnd_task_006,robot_3,North,South,0.85,0,2,0.46,4,2,0.14,0.12,7,43,0.102,83,371.42,367.42,500.0,6,627.2
run_1789770802,rnd_task_007,robot_2,South,North,0.51,0,2,0.46,4,2,0.06,0.08,9,53,0.088,98,628.0,624.0,500.0,6,908.2
run_1789770802,rnd_task_008,robot_4,North,South,0.49,0,2,0.46,4,2,0.03,0.0,7,46,0.092,49,408.1,404.1,500.0,5,764.8
run_1789770802,rnd_task_009,robot_1,North,Central,64.69,4,2,0.46,4,2,0.06,0.08,7,37,0.088,49,409.0,405.0,500.0,6,614.28
run_1789770802,rnd_task_010,robot_3,Central,North,0.49,0,2,0.46,4,2,0.04,0.17,7,40,0.079,68,294.08,290.08,500.0,6,732.4
run_1789770802,rnd_task_011,robot_4,South,North,73.22,4,2,0.46,4,2,0.0,0.18,8,43,0.087,53,335.2,331.2,500.0,6,755.8
run_1789770802,rnd_task_012,robot_2,Central,North,0.47,0,2,0.46,4,2,0.03,0.17,8,37,0.106,53,344.54,340.54,500.0,5,547.6
run_1789770802,rnd_task_013,robot_1,North,South,43.19,4,2,0.46,4,2,0.03,0.09,7,37,0.081,53,461.18,457.18,500.0,5,665.2
run_1789770802,rnd_task_014,robot_3,North,North,53.01,2,1,0.46,4,1,0.02,0.46,7,31,0.069,46,294.64,290.64,500.0,6,638.42
run_1789770802,rnd_task_015,robot_2,South,North,0.85,0,2,0.46,4,2,0.02,0.28,10,58,0.079,65,727.4,723.4,500.0,8,1140.92
run_1789770802,rnd_task_016,robot_4,North,South,59.88,4,2,0.46,4,2,0.03,0.33,6,36,0.085,64,492.62,488.62,500.0,4,633.82
run_1789770802,rnd_task_017,robot_1,South,North,6.0,0,2,0.46,4,2,0.01,0.0,7,47,0.087,65,372.54,368.54,500.0,5,800.88
run_1789770802,rnd_task_018,robot_3,Central,South,6.0,0,2,0.46,4,2,0.02,0.0,6,31,0.069,42,326.38,322.38,500.0,4,635.8
run_1789770802,rnd_task_019,robot_4,Central,Central,78.22,4,2,0.46,4,1,0.0,0.18,6,35,0.103,20,141.94,137.94,500.0,4,483.6
run_1789770802,rnd_task_021,robot_3,South,Central,22.65,2,0,0.46,4,2,0.04,0.08,9,43,0.109,49,208.98,204.98,500.0,2,585.2
run_1789771871,rnd_task_001,robot_4,North,North,22.26,2,1,0.46,4,1,0.1,0.18,4,29,0.085,54,347.42,343.42,500.0,4,538.1
run_1789771871,rnd_task_002,robot_3,South,North,52.36,4,2,0.46,4,2,0.14,0.04,6,41,0.079,67,410.74,406.74,500.0,6,738.3
run_1789771871,rnd_task_003,robot_1,Central,Central,0.51,0,0,0.46,4,1,0.02,0.0,3,23,0.08,33,251.02,247.02,500.0,3,399.88
run_1789771871,rnd_task_004,robot_2,Central,South,69.97,4,2,0.46,4,2,0.04,0.0,5,34,0.088,48,464.64,460.64,500.0,5,617.0
run_1789771871,rnd_task_005,robot_1,North,Central,81.91,4,2,0.46,4,2,0.09,0.02,8,48,0.064,173,674.18,670.18,500.0,8,1161.0
run_1789771871,rnd_task_006,robot_4,North,North,35.25,2,1,0.46,4,1,0.08,0.21,5,35,0.078,135,322.86,318.86,500.0,5,664.98
run_1789771871,rnd_task_007,robot_2,North,South,6.0,0,2,0.46,4,2,0.04,0.01,6,41,0.068,150,725.82,721.82,500.0,6,938.2
run_1789771871,rnd_task_008,robot_3,North,North,29.54,2,1,0.46,4,1,0.1,0.02,3,23,0.061,122,229.6,225.6,500.0,4,488.8
run_1789771871,rnd_task_009,robot_4,North,South,66.1,4,2,0.46,4,2,0.09,0.06,7,42,0.072,107,671.34,667.34,500.0,6,884.9
run_1789771871,rnd_task_010,robot_3,South,North,48.14,4,2,0.46,4,2,0.09,0.12,5,41,0.07,107,636.04,632.04,500.0,5,860.32
run_1789771871,rnd_task_011,robot_1,South,North,6.0,1,2,0.46,4,2,0.02,0.06,6,37,0.087,86,376.18,372.18,500.0,6,663.2
run_1789771871,rnd_task_012,robot_2,Central,South,74.38,4,2,0.46,4,2,0.09,0.04,5,37,0.09,86,354.94,350.94,500.0,5,601.14
run_1789771871,rnd_task_013,robot_4,North,North,21.6,2,0,0.46,4,1,0.0,0.18,6,29,0.073,0,462.5,458.5,500.0,5,546.52
run_1789771871,rnd_task_014,robot_3,South,North,79.73,4,2,0.46,4,2,0.0,0.23,11,72,0.098,1,715.96,711.96,500.0,9,1098.02
run_1789771871,rnd_task_015,robot_2,Central,North,6.03,1,2,0.46,4,2,0.0,0.18,7,41,0.089,1,348.84,344.84,500.0,5,671.2
run_1789771871,rnd_task_016,robot_1,South,South,47.38,2,1,0.46,4,1,0.02,0.41,9,53,0.101,1,410.88,406.88,500.0,5,815.6
run_1789771871,rnd_task_017,robot_4,North,North,8.95,2,0,0.46,4,1,0.0,0.18,6,30,0.093,1,185.12,181.12,500.0,5,450.6
run_1789771871,rnd_task_018,robot_2,Central,South,73.25,4,2,0.46,4,2,0.0,0.18,5,30,0.135,2,217.18,213.18,500.0,5,339.6
run_1789771871,rnd_task_019,robot_1,North,North,37.05,2,1,0.46,4,1,0.09,0.18,6,47,0.112,47,400.82,396.82,500.0,4,658.4
run_1789771871,rnd_task_020,robot_4,Central,Central,98.97,4,2,0.46,4,1,0.19,0.03,5,33,0.088,45,255.68,251.68,500.0,3,547.6
run_1789739898,rnd_task_001,robot_4,North,North,22.26,2,1,0.46,4,1,0.07,0.04,4,29,0.076,90,358.8,354.8,500.0,4,551.4
run_1789739898,rnd_task_002,robot_3,South,North,52.36,4,2,0.46,4,2,0.07,0.03,6,47,0.09,97,425.3,421.3,500.0,6,757.0
run_1789739898,rnd_task_003,robot_1,Central,Central,0.51,0,0,0.46,4,1,0.11,0.02,4,21,0.07,79,239.64,235.64,500.0,3,398.6
run_1789739898,rnd_task_004,robot_2,Central,South,69.97,4,2,0.46,4,2,0.08,0.02,5,35,0.087,87,477.42,473.42,500.0,5,641.18
run_1789739898,rnd_task_005,robot_1,North,Central,6.0,1,2,0.46,4,2,0.05,0.0,8,61,0.084,166,671.5,667.5,500.0,8,1148.62
run_1789739898,rnd_task_006,robot_4,North,North,35.25,2,1,0.46,4,1,0.07,0.08,5,41,0.094,114,316.06,312.06,500.0,5,661.06
run_1789739898,rnd_task_007,robot_2,North,South,6.0,0,2,0.46,4,2,0.06,0.02,6,43,0.076,152,701.94,697.94,500.0,6,896.66
run_1789739898,rnd_task_008,robot_3,North,North,29.54,2,1,0.46,4,1,0.09,0.0,3,24,0.069,107,232.5,228.5,500.0,4,466.0
run_1789739898,rnd_task_009,robot_4,North,South,66.1,4,2,0.46,4,2,0.12,0.08,7,42,0.075,71,680.36,676.36,500.0,7,902.6
run_1789739898,rnd_task_010,robot_3,South,North,6.0,0,2,0.46,4,2,0.1,0.11,5,36,0.066,70,580.52,576.52,500.0,5,786.6
run_1789739898,rnd_task_011,robot_1,South,North,66.86,4,2,0.46,4,2,0.02,0.01,6,38,0.083,30,392.66,388.66,500.0,6,676.22
run_1789739898,rnd_task_012,robot_2,Central,South,5.77,1,2,0.46,4,2,0.13,0.04,4,36,0.088,30,353.04,349.04,500.0,5,592.6
run_1789739898,rnd_task_013,robot_3,North,North,5.89,1,0,0.46,4,1,0.0,0.18,6,36,0.08,0,410.66,406.66,500.0,6,647.38
run_1789739898,rnd_task_014,robot_4,South,North,0.67,0,2,0.46,4,2,0.01,0.46,9,53,0.089,11,440.1,436.1,500.0,7,899.16
run_1789739898,rnd_task_015,robot_2,Central,North,85.1,4,2,0.46,4,2,0.0,0.18,7,40,0.088,11,349.0,345.0,500.0,5,661.6
run_1789739898,rnd_task_016,robot_1,South,South,47.38,2,1,0.46,4,1,0.0,0.18,9,58,0.111,11,394.26,390.26,500.0,6,810.6
run_1789739898,rnd_task_017,robot_3,North,North,8.95,2,0,0.46,4,1,0.02,0.46,6,35,0.104,12,191.46,187.46,500.0,6,479.2
run_1789739898,rnd_task_018,robot_2,Central,South,73.25,4,2,0.46,4,2,0.0,0.18,5,24,0.115,2,197.46,193.46,500.0,5,313.2
run_1789739898,rnd_task_019,robot_4,North,North,37.05,2,1,0.46,4,1,0.0,0.18,5,25,0.108,2,138.6,134.6,500.0,4,351.68
run_1789739898,rnd_task_020,robot_1,Central,Central,98.97,4,2,0.46,4,1,0.0,0.18,4,19,0.059,40,206.5,202.5,500.0,3,478.4
run_1789738839,rnd_task_001,robot_1,South,South,24.94,2,0,0.46,4,1,0.05,0.0,3,28,0.069,68,253.84,249.84,500.0,3,521.0
run_1789738839,rnd_task_002,robot_2,North,North,35.25,2,1,0.46,4,1,0.06,0.16,7,59,0.104,114,550.5,546.5,500.0,6,906.2
run_1789738839,rnd_task_003,robot_3,South,North,85.6,4,2,0.46,4,2,0.13,0.05,5,47,0.098,94,430.7,426.7,500.0,4,733.8
run_1789738839,rnd_task_004,robot_4,North,North,30.2,2,1,0.46,4,1,0.1,0.1,5,47,0.092,89,510.98,506.98,500.0,5,758.4
run_1789738839,rnd_task_005,robot_1,North,South,50.67,4,2,0.46,4,2,0.04,0.25,8,48,0.089,94,539.56,535.56,500.0,6,811.6
run_1789738839,rnd_task_006,robot_3,North,South,65.89,4,2,0.46,4,2,0.1,0.3,6,36,0.085,64,391.0,387.0,500.0,6,662.0
run_1789738839,rnd_task_007,robot_4,South,North,66.35,4,2,0.46,4,2,0.06,0.11,10,59,0.09,161,692.88,688.88,500.0,7,996.2
run_1789738839,rnd_task_008,robot_2,North,South,91.22,4,2,0.46,4,2,0.12,0.23,6,40,0.071,143,418.38,414.38,500.0,5,787.0
run_1789738839,rnd_task_009,robot_1,North,Central,64.69,4,2,0.46,4,2,0.06,0.08,7,42,0.097,108,422.88,418.88,500.0,6,640.9
run_1789738839,rnd_task_010,robot_3,Central,North,100.1,4,2,0.46,4,2,0.06,0.14,7,47,0.094,90,292.9,288.9,500.0,6,744.0
run_1789738839,rnd_task_011,robot_2,South,North,73.22,4,2,0.46,4,2,0.0,0.18,8,43,0.086,28,334.88,330.88,500.0,7,767.2
run_1789738839,rnd_task_012,robot_4,Central,North,0.97,0,2,0.46,4,2,0.05,0.13,8,37,0.094,28,402.9,398.9,500.0,5,615.4
run_1789738839,rnd_task_013,robot_1,North,South,6.13,1,2,0.46,4,2,0.01,0.0,7,36,0.073,44,499.7,495.7,500.0,6,711.6
run_1789738839,rnd_task_014,robot_3,North,North,53.01,2,1,0.46,4,1,0.01,0.0,5,30,0.061,67,328.24,324.24,500.0,6,691.0
run_1789738839,rnd_task_015,robot_4,South,North,82.81,4,2,0.46,4,2,0.02,0.32,10,82,0.099,78,845.66,841.66,500.0,8,1277.36
run_1789738839,rnd_task_016,robot_2,North,South,0.67,0,2,0.46,4,2,0.02,0.0,6,35,0.106,44,332.54,328.54,500.0,5,491.8
run_1789738839,rnd_task_017,robot_1,South,North,97.33,4,2,0.46,4,2,0.06,0.05,10,95,0.123,92,698.92,694.92,500.0,6,1187.4
run_1789738839,rnd_task_018,robot_3,Central,South,57.08,2,1,0.46,4,2,0.01,0.0,4,44,0.095,29,315.74,311.74,500.0,4,651.2
run_1789738839,rnd_task_019,robot_2,Central,Central,78.22,4,2,0.46,4,1,0.02,0.0,5,42,0.093,32,295.86,291.86,500.0,4,666.6
run_1789738839,rnd_task_020,robot_3,South,South,0.85,0,0,0.46,4,1,0.0,0.18,6,40,0.189,35,62.66,58.66,500.0,3,306.8
run_1789741812,rnd_task_001,robot_1,North,South,81.52,4,2,0.46,4,2,0.02,0.0,5,41,0.059,65,655.4,651.4,500.0,5,1053.4
run_1789741812,rnd_task_002,robot_4,North,South,95.29,4,2,0.46,4,2,0.03,0.09,6,47,0.066,87,709.36,705.36,500.0,6,1098.2
run_1789741812,rnd_task_003,robot_2,South,North,0.61,0,2,0.46,4,2,0.02,0.0,4,24,0.052,25,390.18,386.18,500.0,3,696.0
run_1789741812,rnd_task_004,robot_3,Central,South,6.01,0,2,0.46,4,2,0.01,0.0,4,35,0.057,39,466.94,462.94,500.0,4,842.4
run_1789741812,rnd_task_005,robot_2,South,South,14.75,2,0,0.46,4,1,0.06,0.14,5,40,0.089,85,417.44,413.44,500.0,6,674.8
run_1789741812,rnd_task_006,robot_3,South,North,70.84,4,2,0.46,4,2,0.06,0.04,8,58,0.086,99,668.54,664.54,500.0,7,1022.78
run_1789741812,rnd_task_007,robot_1,Central,North,30.81,2,0,0.46,4,2,0.0,0.0,4,31,0.076,57,379.14,375.14,500.0,5,661.4
run_1789741812,rnd_task_008,robot_4,North,South,49.38,4,2,0.46,4,2,0.03,0.04,7,53,0.092,58,567.18,563.18,500.0,6,867.8
run_1789741812,rnd_task_009,robot_2,North,North,34.52,2,1,0.46,4,1,0.06,0.05,7,43,0.085,89,380.04,376.04,500.0,6,730.46
run_1789741812,rnd_task_010,robot_1,North,South,6.0,0,2,0.46,4,2,0.05,0.0,9,63,0.136,84,319.34,315.34,500.0,7,689.0
run_1789741812,rnd_task_013,robot_3,North,North,16.78,2,0,0.46,4,1,0.13,0.24,6,25,0.089,63,221.3,217.3,500.0,5,381.2
run_1789741812,rnd_task_014,robot_4,North,Central,6.04,1,2,0.46,4,2,0.04,0.0,6,35,0.118,53,283.32,279.32,500.0,5,424.8
run_1789741812,rnd_task_015,robot_2,South,Central,61.4,2,1,0.46,4,2,0.02,0.26,10,82,0.126,51,618.82,614.82,500.0,9,1000.8
run_1789741812,rnd_task_016,robot_3,North,North,18.99,2,0,0.46,4,1,0.0,0.18,4,20,0.109,22,109.46,105.46,500.0,5,276.34
run_1789741812,rnd_task_017,robot_4,North,South,6.0,0,2,0.46,4,2,0.01,0.0,9,54,0.118,51,462.54,458.54,500.0,5,697.8
run_1789741812,rnd_task_018,robot_1,South,North,6.06,1,2,0.46,4,2,0.02,0.0,6,36,0.135,22,237.76,233.76,500.0,4,384.78
run_1789741812,rnd_task_019,robot_3,North,North,21.89,2,0,0.46,4,1,0.04,0.0,6,28,0.099,29,284.7,280.7,500.0,3,423.2
run_1789741812,rnd_task_021,robot_3,Central,North,0.51,0,2,0.46,4,2,0.04,0.05,7,41,0.091,50,274.66,270.66,500.0,4,684.6
run_1789741812,rnd_task_022,robot_4,Central,South,56.03,2,1,0.46,4,2,0.02,0.01,7,43,0.068,50,384.9,380.9,500.0,3,945.8
run_1789741812,rnd_task_023,robot_2,Central,North,62.65,4,2,0.46,4,2,0.03,0.08,7,36,0.084,50,287.68,283.68,500.0,2,620.6
run_1789740907,rnd_task_001,robot_1,North,North,29.43,2,1,0.46,4,1,0.05,0.0,5,41,0.113,29,421.78,417.78,500.0,4,565.2
run_1789740907,rnd_task_002,robot_4,North,South,97.58,4,2,0.46,4,2,0.01,0.04,9,76,0.104,28,676.0,672.0,500.0,8,1119.0
run_1789740907,rnd_task_003,robot_2,South,Central,79.61,4,2,0.46,4,2,0.19,0.0,4,27,0.093,17,245.9,241.9,500.0,3,428.2
run_1789740907,rnd_task_004,robot_3,North,South,60.51,4,2,0.46,4,2,0.1,0.08,7,53,0.099,18,620.44,616.44,500.0,6,786.6
run_1789740907,rnd_task_005,robot_2,Central,North,0.88,0,2,0.46,4,2,0.0,0.18,6,26,0.115,1,115.56,111.56,500.0,4,312.2
run_1789740907,rnd_task_006,robot_1,North,Central,34.8,2,1,0.46,4,2,0.0,0.18,4,18,0.07,1,206.6,202.6,500.0,5,341.0
run_1789740907,rnd_task_007,robot_2,South,Central,80.3,4,2,0.46,4,2,0.18,0.0,6,42,0.094,15,438.6,434.6,500.0,6,679.6
run_1789740907,rnd_task_008,robot_3,North,South,0.85,0,2,0.46,4,2,0.04,0.0,8,66,0.108,19,639.2,635.2,500.0,6,905.0
run_1789740907,rnd_task_009,robot_1,North,Central,53.26,2,1,0.46,4,2,0.0,0.18,7,66,0.117,19,374.04,370.04,500.0,6,874.16
run_1789740907,rnd_task_010,robot_4,North,North,37.44,2,1,0.46,4,1,0.17,0.08,9,72,0.129,19,520.54,516.54,500.0,7,867.86
run_1789740907,rnd_task_011,robot_2,South,South,24.94,2,0,0.46,4,1,0.0,0.18,4,35,0.137,3,174.5,170.5,500.0,5,365.0
run_1789740907,rnd_task_012,robot_3,South,North,47.09,4,2,0.46,4,2,0.03,0.41,7,47,0.126,13,415.2,411.2,500.0,7,555.26
run_1789740907,rnd_task_013,robot_1,North,North,30.7,2,1,0.46,4,1,0.0,0.18,4,30,0.124,12,149.38,145.38,500.0,5,339.56
run_1789740907,rnd_task_014,robot_2,North,North,9.66,2,0,0.46,4,1,0.07,0.05,9,49,0.125,13,406.4,402.4,500.0,7,605.6
run_1789740907,rnd_task_015,robot_4,Central,North,31.22,2,0,0.46,4,2,0.0,0.18,5,29,0.106,12,265.6,261.6,500.0,5,395.2
run_1789740907,rnd_task_016,robot_1,South,Central,0.85,0,2,0.46,4,2,0.0,0.18,8,53,0.108,5,433.98,429.98,500.0,7,703.38
run_1789740907,rnd_task_017,robot_3,North,North,0.85,0,0,0.46,4,1,0.0,0.18,5,24,0.144,0,74.9,70.9,500.0,5,222.6
run_1789740907,rnd_task_018,robot_4,North,Central,22.67,2,0,0.46,4,2,0.06,0.35,6,32,0.101,9,270.96,266.96,500.0,5,533.8
run_1789740907,rnd_task_019,robot_2,South,North,61.02,4,2,0.46,4,2,0.03,0.0,8,52,0.112,42,609.12,605.12,500.0,4,733.2
run_1789740907,rnd_task_020,robot_3,North,South,67.38,4,2,0.46,4,2,0.03,0.0,6,35,0.09,41,363.32,359.32,500.0,3,602.0
run_1789659569,rnd_task_001,robot_1,South,South,24.94,2,0,0.46,4,1,0.02,0.02,3,28,0.07,78,247.24,243.24,500.0,3,516.6
run_1789659569,rnd_task_002,robot_2,North,North,35.25,2,1,0.46,4,1,0.09,0.09,7,59,0.102,113,569.86,565.86,500.0,6,923.76
run_1789659569,rnd_task_003,robot_3,South,North,85.6,4,2,0.46,4,2,0.14,0.03,5,41,0.084,74,437.26,433.26,500.0,4,742.16
run_1789659569,rnd_task_004,robot_4,North,North,30.2,2,1,0.46,4,1,0.1,0.07,5,41,0.086,66,508.9,504.9,500.0,5,748.2
run_1789659569,rnd_task_005,robot_1,North,South,50.67,4,2,0.46,4,2,0.08,0.23,8,48,0.086,113,524.18,520.18,500.0,6,794.2
run_1789659569,rnd_task_006,robot_3,North,South,65.89,4,2,0.46,4,2,0.14,0.16,6,42,0.104,107,398.36,394.36,500.0,6,632.0
run_1789659569,rnd_task_007,robot_4,South,North,66.35,4,2,0.46,4,2,0.03,0.1,10,59,0.092,192,686.52,682.52,500.0,7,979.2
run_1789659569,rnd_task_008,robot_2,North,South,91.22,4,2,0.46,4,2,0.08,0.1,7,35,0.067,177,403.86,399.86,500.0,5,778.0
run_1789659569,rnd_task_009,robot_1,North,Central,64.69,4,2,0.46,4,2,0.03,0.11,6,31,0.069,103,418.36,414.36,500.0,6,633.8
run_1789659569,rnd_task_010,robot_3,Central,North,100.1,4,2,0.46,4,2,0.04,0.3,7,41,0.082,82,296.18,292.18,500.0,6,733.0
run_1789659569,rnd_task_011,robot_2,South,North,0.51,0,2,0.46,4,2,0.0,0.18,8,43,0.088,14,323.36,319.36,500.0,7,748.6
run_1789659569,rnd_task_012,robot_4,Central,North,0.47,0,2,0.46,4,2,0.02,0.46,7,32,0.092,13,333.5,329.5,500.0,5,545.4
run_1789659569,rnd_task_013,robot_1,North,South,6.13,1,2,0.46,4,2,0.0,0.18,7,36,0.075,26,487.92,483.92,500.0,6,697.6
run_1789659569,rnd_task_014,robot_3,North,North,53.01,2,1,0.46,4,1,0.03,0.0,6,40,0.086,20,323.1,319.1,500.0,6,677.0
run_1789659569,rnd_task_015,robot_4,South,North,82.81,4,2,0.46,4,2,0.03,0.22,10,82,0.102,67,811.92,807.92,500.0,8,1237.8
run_1789659569,rnd_task_016,robot_2,North,South,59.88,4,2,0.46,4,2,0.04,0.0,6,35,0.105,16,334.1,330.1,500.0,5,493.2
run_1789659569,rnd_task_017,robot_1,South,North,97.33,4,2,0.46,4,2,0.04,0.01,9,84,0.117,70,672.44,668.44,500.0,6,1125.84
run_1789659569,rnd_task_018,robot_3,Central,South,0.67,0,2,0.46,4,2,0.03,0.0,4,36,0.076,51,296.18,292.18,500.0,4,630.48
run_1789659569,rnd_task_019,robot_2,Central,Central,78.22,4,2,0.46,4,1,0.04,0.04,6,47,0.106,51,304.32,300.32,500.0,4,663.4
run_1789659569,rnd_task_020,robot_3,South,South,22.15,2,0,0.46,4,1,0.0,0.18,6,30,0.137,16,60.82,56.82,500.0,3,305.8
run_1789785428,rnd_task_001,robot_1,South,South,0.85,0,0,0.46,4,1,0.03,0.01,2,23,0.055,50,248.68,244.68,500.0,3,504.8
run_1789785428,rnd_task_002,robot_2,North,North,35.25,2,1,0.46,4,1,0.02,0.09,7,59,0.105,59,544.86,540.86,500.0,6,899.0
run_1789785428,rnd_task_003,robot_3,South,North,85.6,4,2,0.46,4,2,0.08,0.0,5,41,0.087,30,415.18,411.18,500.0,4,710.6
run_1789785428,rnd_task_004,robot_4,North,North,30.2,2,1,0.46,4,1,0.14,0.07,5,41,0.089,24,477.82,473.82,500.0,5,719.0
run_1789785428,rnd_task_005,robot_1,North,South,50.67,4,2,0.46,4,2,0.02,0.33,8,48,0.086,76,527.18,523.18,500.0,6,791.0
run_1789785428,rnd_task_006,robot_3,North,South,65.89,4,2,0.46,4,2,0.1,0.16,6,48,0.112,86,382.32,378.32,500.0,6,642.6
run_1789785428,rnd_task_007,robot_4,South,North,66.35,4,2,0.46,4,2,0.04,0.05,10,71,0.111,141,696.86,692.86,500.0,7,995.4
run_1789785428,rnd_task_008,robot_2,North,South,91.22,4,2,0.46,4,2,0.08,0.01,7,51,0.093,124,408.74,404.74,500.0,5,793.54
run_1789785428,rnd_task_009,robot_1,North,Central,64.69,4,2,0.46,4,2,0.05,0.04,6,43,0.103,70,405.08,401.08,500.0,6,621.24
run_1789785428,rnd_task_010,robot_3,Central,North,100.1,4,2,0.46,4,2,0.01,0.28,7,46,0.094,58,284.36,280.36,500.0,6,722.4
run_1789785428,rnd_task_011,robot_2,South,North,73.22,4,2,0.46,4,2,0.0,0.18,8,39,0.078,26,347.18,343.18,500.0,7,766.74
run_1789785428,rnd_task_012,robot_4,Central,North,31.22,2,0,0.46,4,2,0.04,0.19,8,37,0.1,26,368.78,364.78,500.0,5,577.18
run_1789785428,rnd_task_013,robot_1,North,South,43.19,4,2,0.46,4,2,0.03,0.05,6,36,0.076,40,477.52,473.52,500.0,6,688.0
run_1789785428,rnd_task_014,robot_3,North,North,53.01,2,1,0.46,4,1,0.0,0.01,6,31,0.065,52,315.1,311.1,500.0,6,677.0
run_1789785428,rnd_task_015,robot_4,South,North,82.81,4,2,0.46,4,2,0.06,0.18,11,82,0.098,119,872.54,868.54,500.0,8,1289.5
run_1789785428,rnd_task_016,robot_2,North,South,59.88,4,2,0.46,4,2,0.04,0.0,6,47,0.113,65,486.22,482.22,500.0,5,635.18
run_1789785428,rnd_task_017,robot_1,South,North,97.33,4,2,0.46,4,2,0.02,0.0,7,53,0.097,58,383.3,379.3,500.0,5,825.8
run_1789785428,rnd_task_018,robot_3,Central,South,0.67,0,2,0.46,4,2,0.02,0.0,5,41,0.098,45,292.06,288.06,500.0,4,609.66
run_1789785428,rnd_task_019,robot_2,Central,Central,78.22,4,2,0.46,4,1,0.03,0.0,6,34,0.094,51,153.58,149.58,500.0,4,509.54
run_1789785428,rnd_task_020,robot_3,South,South,22.15,2,0,0.46,4,1,0.0,0.18,6,31,0.147,58,59.46,55.46,500.0,2,299.74
run_1789786459,rnd_task_001,robot_4,North,North,22.26,2,1,0.46,4,1,0.05,0.01,4,29,0.086,70,341.72,337.72,500.0,4,534.0
run_1789786459,rnd_task_002,robot_3,South,North,52.36,4,2,0.46,4,2,0.12,0.05,6,41,0.078,77,412.76,408.76,500.0,6,741.0
run_1789786459,rnd_task_003,robot_1,Central,Central,42.28,2,0,0.46,4,1,0.08,0.01,3,23,0.083,54,239.74,235.74,500.0,3,385.4
run_1789786459,rnd_task_004,robot_2,Central,South,69.97,4,2,0.46,4,2,0.04,0.0,6,40,0.1,71,479.66,475.66,500.0,5,642.8
run_1789786459,rnd_task_005,robot_1,North,Central,81.91,4,2,0.46,4,2,0.09,0.08,7,54,0.074,177,658.66,654.66,500.0,8,1137.4
run_1789786459,rnd_task_006,robot_4,North,North,35.25,2,1,0.46,4,1,0.09,0.16,5,42,0.086,99,330.66,326.66,500.0,5,697.2
run_1789786459,rnd_task_007,robot_2,North,South,68.9,4,2,0.46,4,2,0.07,0.07,5,37,0.065,157,670.6,666.6,500.0,7,896.88
run_1789786459,rnd_task_008,robot_3,North,North,0.85,0,1,0.46,4,1,0.11,0.0,3,30,0.085,92,250.5,246.5,500.0,4,495.2
run_1789786459,rnd_task_009,robot_4,North,South,66.1,4,2,0.46,4,2,0.06,0.07,6,41,0.071,117,655.38,651.38,500.0,6,876.84
run_1789786459,rnd_task_010,robot_3,South,North,48.14,4,2,0.46,4,2,0.06,0.09,5,41,0.067,115,641.46,637.46,500.0,6,894.8
run_1789786459,rnd_task_011,robot_1,South,North,6.0,1,2,0.46,4,2,0.02,0.09,6,41,0.097,55,359.58,355.58,500.0,6,656.6
run_1789786459,rnd_task_012,robot_2,Central,South,0.85,0,2,0.46,4,2,0.04,0.13,5,41,0.097,55,368.9,364.9,500.0,5,617.24
run_1789786459,rnd_task_013,robot_4,North,North,21.6,2,0,0.46,4,1,0.02,0.0,8,42,0.094,64,550.84,546.84,500.0,7,658.0
run_1789786459,rnd_task_014,robot_3,South,North,79.73,4,2,0.46,4,2,0.03,0.18,13,78,0.102,86,729.6,725.6,500.0,9,1159.4
run_1789786459,rnd_task_015,robot_1,Central,North,85.1,4,2,0.46,4,2,0.02,0.0,8,42,0.095,85,415.36,411.36,500.0,5,676.6
run_1789786459,rnd_task_016,robot_2,South,South,47.38,2,1,0.46,4,1,0.0,0.18,5,29,0.082,56,101.98,97.98,500.0,3,487.1
run_1789786459,rnd_task_017,robot_2,North,North,8.95,2,0,0.46,4,1,0.05,0.21,8,49,0.097,32,396.74,392.74,500.0,6,760.8
run_1789786459,rnd_task_018,robot_4,Central,South,73.25,4,2,0.46,4,2,0.0,0.18,5,23,0.081,22,216.1,212.1,500.0,4,417.82
run_1789786459,rnd_task_019,robot_1,North,North,37.05,2,1,0.46,4,1,0.0,0.18,3,16,0.073,1,109.1,105.1,500.0,4,301.34
run_1789786459,rnd_task_020,robot_4,Central,Central,98.97,4,2,0.46,4,1,0.13,0.11,5,26,0.076,52,293.04,289.04,500.0,3,523.98
run_1789789530,rnd_task_001,robot_1,North,North,50.97,2,1,0.46,4,1,0.02,0.0,7,51,0.091,31,555.82,551.82,500.0,6,857.72
run_1789789530,rnd_task_002,robot_4,Central,Central,95.42,4,2,0.46,4,1,0.07,0.0,3,22,0.073,30,261.78,257.78,500.0,3,462.8
run_1789789530,rnd_task_003,robot_3,North,Central,51.35,2,1,0.46,4,2,0.11,0.21,4,28,0.08,14,339.82,335.82,500.0,5,546.8
run_1789789530,rnd_task_004,robot_2,South,Central,75.55,4,2,0.46,4,2,0.06,0.04,3,22,0.064,13,233.42,229.42,500.0,3,434.42
run_1789789530,rnd_task_005,robot_2,South,Central,79.61,4,2,0.46,4,2,0.0,0.18,7,43,0.135,1,220.72,216.72,500.0,5,503.4
run_1789789530,rnd_task_006,robot_4,North,Central,18.33,2,0,0.46,4,2,0.0,0.46,8,50,0.11,15,288.94,284.94,500.0,6,653.0
run_1789789530,rnd_task_007,robot_3,South,North,62.9,4,2,0.46,4,2,0.0,0.18,8,66,0.13,19,354.94,350.94,500.0,6,754.0
run_1789789530,rnd_task_008,robot_1,South,North,80.86,4,2,0.46,4,2,0.0,0.0,7,48,0.128,18,259.62,255.62,500.0,7,594.6
run_1789789530,rnd_task_009,robot_2,Central,North,75.79,4,2,0.46,4,2,0.01,0.0,6,30,0.107,18,230.96,226.96,500.0,5,410.2
run_1789789530,rnd_task_010,robot_4,North,Central,0.97,0,2,0.46,4,2,0.0,0.18,5,30,0.11,4,157.7,153.7,500.0,6,401.8
run_1789789530,rnd_task_011,robot_3,North,North,27.9,2,1,0.46,4,1,0.05,0.29,4,25,0.073,20,189.36,185.36,500.0,7,494.22
run_1789789530,rnd_task_012,robot_2,South,North,0.67,0,2,0.46,4,2,0.04,0.03,9,71,0.1,42,739.34,735.34,500.0,10,1058.8
run_1789789530,rnd_task_013,robot_1,North,North,5.37,2,0,0.46,4,1,0.06,0.27,3,19,0.066,20,170.74,166.74,500.0,4,362.0
run_1789789530,rnd_task_014,robot_4,Central,North,48.26,2,1,0.46,4,2,0.04,0.0,5,35,0.11,27,255.5,251.5,500.0,5,511.2
run_1789789530,rnd_task_015,robot_1,North,South,54.18,4,2,0.46,4,2,0.09,0.08,5,35,0.104,22,385.06,381.06,500.0,6,518.6
run_1789789530,rnd_task_016,robot_3,Central,South,36.18,2,0,0.46,4,2,0.07,0.0,6,35,0.108,22,221.9,217.9,500.0,4,483.6
run_1789789530,rnd_task_017,robot_4,Central,Central,52.62,2,1,0.46,4,1,0.0,0.18,7,38,0.097,15,240.08,236.08,500.0,5,598.6
run_1789789530,rnd_task_018,robot_3,Central,South,88.55,4,2,0.46,4,2,0.0,0.18,6,31,0.127,0,143.02,139.02,500.0,4,361.2
run_1789789530,rnd_task_019,robot_1,South,North,0.85,0,2,0.46,4,2,0.0,0.18,8,42,0.101,0,352.28,348.28,500.0,3,612.02
run_1789789530,rnd_task_023,robot_1,North,North,11.19,2,0,0.46,4,1,0.11,0.0,3,13,0.094,45,107.06,103.06,500.0,0,213.2
run_1789787487,rnd_task_001,robot_1,North,North,29.43,2,1,0.46,4,1,0.03,0.01,5,35,0.093,46,436.22,432.22,500.0,4,578.4
run_1789787487,rnd_task_002,robot_4,North,South,97.58,4,2,0.46,4,2,0.06,0.05,9,70,0.095,77,668.18,664.18,500.0,8,1114.0
run_1789787487,rnd_task_003,robot_2,South,Central,0.96,0,2,0.46,4,2,0.02,0.04,4,27,0.082,45,251.1,247.1,500.0,3,436.4
run_1789787487,rnd_task_004,robot_3,North,South,60.51,4,2,0.46,4,2,0.05,0.15,8,52,0.094,62,700.34,696.34,500.0,6,855.3
run_1789787487,rnd_task_005,robot_2,Central,North,48.55,2,1,0.46,4,2,0.05,0.0,5,15,0.072,16,108.52,104.52,500.0,4,307.0
run_1789787487,rnd_task_006,robot_1,North,Central,34.8,2,1,0.46,4,2,0.0,0.18,4,17,0.064,26,207.64,203.64,500.0,5,343.0
run_1789787487,rnd_task_007,robot_2,South,Central,80.3,4,2,0.46,4,2,0.09,0.0,6,46,0.101,63,450.9,446.9,500.0,6,691.6
run_1789787487,rnd_task_008,robot_3,North,South,64.2,4,2,0.46,4,2,0.03,0.06,8,66,0.11,65,620.36,616.36,500.0,6,888.0
run_1789787487,rnd_task_009,robot_1,North,Central,53.26,2,1,0.46,4,2,0.0,0.0,7,65,0.113,64,385.34,381.34,500.0,6,882.4
run_1789787487,rnd_task_010,robot_4,North,North,37.44,2,1,0.46,4,1,0.09,0.07,9,77,0.134,60,531.7,527.7,500.0,7,896.44
run_1789787487,rnd_task_011,robot_2,South,South,0.51,0,0,0.46,4,1,0.0,0.18,5,36,0.137,12,183.06,179.06,500.0,5,378.4
run_1789787487,rnd_task_012,robot_3,South,North,47.09,4,2,0.46,4,2,0.03,0.2,8,54,0.131,45,479.22,475.22,500.0,7,628.0
run_1789787487,rnd_task_013,robot_1,North,North,30.7,2,1,0.46,4,1,0.0,0.18,4,36,0.135,26,165.08,161.08,500.0,5,356.6
run_1789787487,rnd_task_014,robot_2,North,North,9.66,2,0,0.46,4,1,0.06,0.0,9,55,0.138,45,420.64,416.64,500.0,7,622.74
run_1789787487,rnd_task_015,robot_4,Central,North,31.22,2,0,0.46,4,2,0.03,0.31,6,26,0.088,45,300.56,296.56,500.0,5,433.18
run_1789787487,rnd_task_016,robot_1,South,Central,28.02,2,0,0.46,4,2,0.02,0.0,8,53,0.107,21,439.12,435.12,500.0,7,707.4
run_1789787487,rnd_task_017,robot_3,North,North,13.2,2,0,0.46,4,1,0.04,0.03,4,24,0.144,2,68.72,64.72,500.0,5,222.2
run_1789787487,rnd_task_018,robot_4,North,Central,0.97,0,2,0.46,4,2,0.07,0.14,6,32,0.098,4,283.12,279.12,500.0,5,552.6
run_1789787487,rnd_task_019,robot_2,South,North,0.96,0,2,0.46,4,2,0.06,0.13,8,46,0.093,35,630.34,626.34,500.0,4,772.0
run_1789787487,rnd_task_020,robot_3,North,South,67.38,4,2,0.46,4,2,0.08,0.15,6,30,0.071,33,404.7,400.7,500.0,3,645.2
run_1789788396,rnd_task_001,robot_1,North,South,0.85,0,2,0.46,4,2,0.03,0.0,5,47,0.068,60,655.98,651.98,500.0,5,1059.24
run_1789788396,rnd_task_002,robot_4,North,South,95.29,4,2,0.46,4,2,0.01,0.12,6,53,0.073,92,705.52,701.52,500.0,6,1122.4
run_1789788396,rnd_task_003,robot_2,South,North,63.78,4,2,0.46,4,2,0.05,0.02,4,30,0.06,32,384.48,380.48,500.0,3,701.4
run_1789788396,rnd_task_004,robot_3,Central,South,6.01,0,2,0.46,4,2,0.04,0.01,4,41,0.067,43,464.48,460.48,500.0,4,864.6
run_1789788396,rnd_task_005,robot_2,South,South,14.75,2,0,0.46,4,1,0.09,0.27,6,46,0.09,126,511.74,507.74,500.0,6,779.8
run_1789788396,rnd_task_006,robot_3,South,North,70.84,4,2,0.46,4,2,0.16,0.02,6,41,0.081,120,407.08,403.08,500.0,6,740.8
run_1789788396,rnd_task_007,robot_1,Central,North,30.81,2,0,0.46,4,2,0.0,0.0,5,37,0.089,124,393.34,389.34,500.0,6,676.0
run_1789788396,rnd_task_008,robot_4,North,South,49.38,4,2,0.46,4,2,0.03,0.02,8,53,0.086,130,584.76,580.76,500.0,6,929.6
run_1789788396,rnd_task_009,robot_2,North,North,34.52,2,1,0.46,4,1,0.07,0.0,8,48,0.096,55,397.08,393.08,500.0,7,768.4
run_1789788396,rnd_task_010,robot_3,North,South,83.8,4,2,0.46,4,2,0.04,0.0,7,43,0.082,55,407.0,403.0,500.0,7,728.94
run_1789788396,rnd_task_011,robot_1,North,Central,82.16,4,2,0.46,4,2,0.03,0.0,5,28,0.085,49,210.18,206.18,500.0,4,473.36
run_1789788396,rnd_task_013,robot_4,North,North,16.78,2,0,0.46,4,1,0.0,0.0,6,36,0.093,8,415.58,411.58,500.0,6,559.2
run_1789788396,rnd_task_014,robot_1,North,Central,0.85,0,2,0.46,4,2,0.01,0.0,6,36,0.103,20,187.96,183.96,500.0,6,506.4
run_1789788396,rnd_task_015,robot_2,South,Central,61.4,2,1,0.46,4,2,0.01,0.0,12,71,0.11,33,623.42,619.42,500.0,7,1020.94
run_1789788396,rnd_task_016,robot_3,North,North,18.99,2,0,0.46,4,1,0.04,0.0,7,42,0.1,24,393.3,389.3,500.0,5,658.28
run_1789788396,rnd_task_017,robot_4,North,South,77.45,4,2,0.46,4,2,0.04,0.0,8,53,0.114,33,403.28,399.28,500.0,5,699.4
run_1789788396,rnd_task_018,robot_1,South,North,58.33,4,2,0.46,4,2,0.0,0.18,4,24,0.069,13,254.84,250.84,500.0,4,463.8
run_1789788396,rnd_task_019,robot_3,North,North,21.89,2,0,0.46,4,1,0.0,0.18,4,30,0.11,9,252.98,248.98,500.0,4,400.8
run_1789788396,rnd_task_021,robot_2,Central,North,98.31,4,2,0.46,4,2,0.01,0.41,8,44,0.077,21,273.6,269.6,500.0,2,853.08
run_1789788396,rnd_task_023,robot_3,Central,North,62.65,4,2,0.46,4,2,0.02,0.2,6,36,0.117,20,241.6,237.6,500.0,1,463.4
run_1789791565,rnd_task_001,robot_1,South,North,77.44,4,2,0.46,4,2,0.05,0.08,6,46,0.092,123,377.52,373.52,500.0,4,673.08
run_1789791565,rnd_task_002,robot_2,Central,North,44.93,2,1,0.46,4,2,0.13,0.02,6,47,0.099,126,405.82,401.82,500.0,5,747.1
run_1789791565,rnd_task_003,robot_4,North,Central,73.5,4,2,0.46,4,2,0.08,0.05,6,48,0.091,163,599.92,595.92,500.0,6,835.0
run_1789791565,rnd_task_004,robot_3,South,Central,76.18,4,2,0.46,4,2,0.07,0.17,6,40,0.11,94,306.54,302.54,500.0,3,545.0
run_1789791565,rnd_task_005,robot_3,North,South,68.81,4,2,0.46,4,2,0.03,0.0,9,56,0.083,125,668.76,664.76,500.0,9,1035.8
run_1789791565,rnd_task_006,robot_1,Central,Central,96.17,4,2,0.46,4,1,0.16,0.1,3,17,0.041,97,279.36,275.36,500.0,5,584.6
run_1789791565,rnd_task_007,robot_2,South,South,0.49,0,0,0.46,4,1,0.08,0.05,8,48,0.092,88,504.84,500.84,500.0,6,759.4
run_1789791565,rnd_task_008,robot_4,North,North,22.65,2,0,0.46,4,1,0.13,0.08,7,46,0.121,46,312.34,308.34,500.0,4,578.4
run_1789791565,rnd_task_009,robot_1,Central,South,25.99,2,0,0.46,4,2,0.04,0.3,7,58,0.186,11,195.02,191.02,500.0,6,474.0
run_1789791565,rnd_task_010,robot_4,South,North,87.87,4,2,0.46,4,2,0.02,0.38,10,64,0.1,19,475.52,471.52,500.0,8,939.32
run_1789791565,rnd_task_011,robot_2,South,South,47.87,2,1,0.46,4,1,0.03,0.46,6,41,0.117,10,178.38,174.38,500.0,5,512.4
run_1789791565,rnd_task_012,robot_3,Central,Central,0.67,0,1,0.46,4,1,0.0,0.18,9,52,0.098,12,376.48,372.48,500.0,7,793.6
run_1789791565,rnd_task_013,robot_1,North,North,0.67,0,1,0.46,4,1,0.01,0.0,6,25,0.068,10,329.2,325.2,500.0,4,555.2
run_1789791565,rnd_task_014,robot_2,Central,South,102.38,4,2,0.46,4,2,0.02,0.18,8,47,0.095,30,265.66,261.66,500.0,6,738.26
run_1789791565,rnd_task_015,robot_1,Central,North,102.38,4,2,0.46,4,2,0.02,0.0,8,48,0.103,21,341.9,337.9,500.0,6,702.2
run_1789791565,rnd_task_016,robot_4,South,South,23.95,2,0,0.46,4,1,0.02,0.4,8,38,0.091,21,398.12,394.12,500.0,5,613.4
run_1789791565,rnd_task_017,robot_3,South,North,78.82,4,2,0.46,4,2,0.02,0.46,10,46,0.098,21,294.76,290.76,500.0,5,735.2
run_1789791565,rnd_task_018,robot_2,Central,Central,44.74,2,0,0.46,4,1,0.0,0.18,5,21,0.079,0,173.64,169.64,500.0,4,380.6
run_1789791565,rnd_task_020,robot_1,South,North,0.51,0,2,0.46,4,2,0.02,0.0,6,37,0.084,30,422.0,418.0,500.0,3,667.4
run_1789791565,rnd_task_022,robot_2,North,North,25.34,2,1,0.46,4,1,0.05,0.23,3,17,0.078,30,183.88,179.88,500.0,1,333.2
run_1789790414,rnd_task_001,robot_4,Central,South,0.85,0,2,0.46,4,2,0.03,0.0,6,63,0.12,61,410.56,406.56,500.0,5,784.98
run_1789790414,rnd_task_002,robot_1,South,Central,32.34,2,0,0.46,4,2,0.02,0.0,3,22,0.063,46,192.2,188.2,500.0,3,411.6
run_1789790414,rnd_task_003,robot_3,North,South,6.0,1,2,0.46,4,2,0.11,0.18,8,66,0.1,50,632.64,628.64,500.0,6,995.2
run_1789790414,rnd_task_004,robot_2,Central,South,6.05,0,2,0.46,4,2,0.19,0.13,6,52,0.114,49,447.68,443.68,500.0,4,704.6
run_1789790414,rnd_task_005,robot_1,Central,South,86.4,4,2,0.46,4,2,0.0,0.18,7,66,0.124,11,459.52,455.52,500.0,6,792.42
run_1789790414,rnd_task_006,robot_2,South,North,6.0,1,2,0.46,4,2,0.0,0.0,7,38,0.087,13,368.84,364.84,500.0,7,666.8
run_1789790414,rnd_task_007,robot_4,North,North,13.43,2,0,0.46,4,1,0.0,0.18,5,31,0.09,12,446.16,442.16,500.0,5,534.04
run_1789790414,rnd_task_008,robot_3,North,South,79.23,4,2,0.46,4,2,0.02,0.03,6,54,0.082,50,657.78,653.78,500.0,6,1001.2
run_1789790414,rnd_task_009,robot_1,Central,Central,113.88,4,2,0.46,4,1,0.0,0.18,7,48,0.079,39,374.0,370.0,500.0,6,913.16
run_1789790414,rnd_task_010,robot_4,South,South,18.56,2,0,0.46,4,1,0.0,0.31,7,48,0.088,38,526.14,522.14,500.0,6,818.66
run_1789790414,rnd_task_011,robot_2,South,Central,85.35,4,2,0.46,4,2,0.02,0.08,8,48,0.083,47,482.28,478.28,500.0,6,844.0
run_1789790414,rnd_task_013,robot_3,North,South,6.0,0,2,0.46,4,2,0.06,0.2,12,77,0.09,73,748.92,744.92,500.0,9,1288.2
run_1789790414,rnd_task_014,robot_1,North,North,11.19,2,0,0.46,4,1,0.0,0.0,7,41,0.101,44,299.88,295.88,500.0,5,595.8
run_1789790414,rnd_task_015,robot_4,North,South,54.38,4,2,0.46,4,2,0.02,0.06,8,48,0.077,64,740.08,736.08,500.0,6,931.8
run_1789790414,rnd_task_016,robot_2,South,Central,73.52,4,2,0.46,4,2,0.09,0.0,6,36,0.077,50,363.22,359.22,500.0,4,696.8
run_1789790414,rnd_task_017,robot_1,Central,South,93.99,4,2,0.46,4,2,0.0,0.18,7,42,0.089,29,328.04,324.04,500.0,6,696.0
run_1789790414,rnd_task_018,robot_2,Central,North,42.16,2,1,0.46,4,2,0.03,0.0,8,48,0.11,29,267.44,263.44,500.0,6,688.2
run_1789790414,rnd_task_019,robot_4,Central,South,60.37,4,2,0.46,4,2,0.0,0.18,6,41,0.121,26,401.42,397.42,500.0,5,494.32
run_1789790414,rnd_task_020,robot_3,South,South,0.67,0,1,0.46,4,1,0.01,0.46,7,37,0.084,17,172.7,168.7,500.0,4,644.6
run_1789790414,rnd_task_021,robot_1,Central,North,102.38,4,2,0.46,4,2,0.01,0.46,8,43,0.076,19,269.8,265.8,500.0,3,837.24
run_1789766159,rnd_task_001,robot_1,South,South,24.94,2,0,0.46,4,1,0.09,0.15,3,22,0.064,75,258.96,254.96,500.0,3,468.6
run_1789766159,rnd_task_002,robot_2,North,North,35.25,2,1,0.46,4,1,0.05,0.08,7,53,0.101,78,524.24,520.24,500.0,6,828.0
run_1789766159,rnd_task_003,robot_3,South,North,0.99,0,2,0.46,4,2,0.06,0.02,5,30,0.067,70,397.42,393.42,500.0,4,659.6
run_1789766159,rnd_task_004,robot_4,North,North,30.2,2,1,0.46,4,1,0.02,0.35,5,30,0.068,70,476.18,472.18,500.0,5,672.08
run_1789766159,rnd_task_005,robot_1,North,South,50.67,4,2,0.46,4,2,0.01,0.0,8,48,0.093,25,475.66,471.66,500.0,6,730.72
run_1789766159,rnd_task_006,robot_3,North,South,65.89,4,2,0.46,4,2,0.01,0.46,6,42,0.111,57,378.8,374.8,500.0,6,596.44
run_1789766159,rnd_task_007,robot_4,South,North,6.0,1,2,0.46,4,2,0.04,0.02,10,53,0.091,78,642.48,638.48,500.0,7,877.8
run_1789766159,rnd_task_008,robot_2,North,South,91.22,4,2,0.46,4,2,0.05,0.04,7,35,0.076,77,360.72,356.72,500.0,5,684.0
run_1789766159,rnd_task_009,robot_1,North,Central,64.69,4,2,0.46,4,2,0.05,0.02,6,30,0.075,68,372.8,368.8,500.0,6,560.2
run_1789766159,rnd_task_010,robot_3,Central,North,100.1,4,2,0.46,4,2,0.03,0.25,8,47,0.097,28,331.72,327.72,500.0,6,718.6
run_1789766159,rnd_task_011,robot_2,South,North,73.22,4,2,0.46,4,2,0.0,0.18,7,38,0.083,39,329.16,325.16,500.0,6,702.8
run_1789766159,rnd_task_012,robot_4,Central,North,31.22,2,0,0.46,4,2,0.09,0.12,6,31,0.089,36,363.98,359.98,500.0,5,540.8
run_1789766159,rnd_task_013,robot_1,North,South,43.19,4,2,0.46,4,2,0.04,0.06,7,32,0.076,39,423.56,419.56,500.0,5,607.2
run_1789766159,rnd_task_014,robot_3,North,North,6.0,0,1,0.46,4,1,0.01,0.0,7,35,0.084,76,297.34,293.34,500.0,5,596.8
run_1789766159,rnd_task_016,robot_2,North,South,59.88,4,2,0.46,4,2,0.08,0.15,7,41,0.111,89,424.42,420.42,500.0,4,559.6
run_1789766159,rnd_task_017,robot_1,South,North,97.33,4,2,0.46,4,2,0.05,0.0,6,37,0.076,102,339.1,335.1,500.0,4,713.26
run_1789766159,rnd_task_018,robot_3,Central,South,0.67,0,2,0.46,4,2,0.03,0.28,5,38,0.086,77,327.76,323.76,500.0,3,602.0
run_1789766159,rnd_task_019,robot_2,Central,Central,78.22,4,2,0.46,4,1,0.03,0.08,4,31,0.08,43,257.38,253.38,500.0,3,549.6
run_1789766159,rnd_task_021,robot_3,South,Central,22.65,2,0,0.46,4,2,0.0,0.18,4,24,0.059,43,206.68,202.68,500.0,2,545.36
run_1789766159,rnd_task_022,robot_2,North,South,0.51,0,2,0.46,4,2,0.03,0.03,4,29,0.054,64,484.44,480.44,500.0,1,745.6
run_1789651492,rnd_task_001,robot_1,South,South,24.94,2,0,0.46,4,1,0.05,0.0,2,23,0.055,76,244.84,240.84,500.0,3,507.6
run_1789651492,rnd_task_002,robot_2,North,North,35.25,2,1,0.46,4,1,0.02,0.17,7,54,0.095,79,543.34,539.34,500.0,3,901.66
run_1789651492,rnd_task_003,robot_3,South,North,85.6,4,2,0.46,4,2,0.21,0.04,5,41,0.084,58,445.0,441.0,500.0,3,739.0
run_1789651492,rnd_task_004,robot_4,North,North,30.2,2,1,0.46,4,1,0.05,0.15,5,41,0.087,47,485.5,481.5,500.0,3,735.0
run_1789713215,rnd_task_001,robot_4,North,North,22.26,2,1,0.46,4,1,0.06,0.03,4,35,0.095,57,355.04,351.04,500.0,4,550.06
run_1789713215,rnd_task_002,robot_3,South,North,52.36,4,2,0.46,4,2,0.09,0.01,6,47,0.091,67,412.9,408.9,500.0,6,746.0
run_1789713215,rnd_task_003,robot_1,Central,Central,0.51,0,0,0.46,4,1,0.04,0.01,3,23,0.081,40,243.52,239.52,500.0,3,393.8
run_1789713215,rnd_task_004,robot_2,Central,South,0.85,0,2,0.46,4,2,0.05,0.0,5,40,0.104,54,456.0,452.0,500.0,5,616.8
run_1789713215,rnd_task_005,robot_1,North,Central,81.91,4,2,0.46,4,2,0.04,0.01,8,60,0.082,298,671.16,667.16,500.0,8,1140.8
run_1789713215,rnd_task_006,robot_4,North,North,35.25,2,1,0.46,4,1,0.06,0.22,5,42,0.09,158,327.38,323.38,500.0,5,667.0
run_1789713215,rnd_task_007,robot_2,North,South,68.9,4,2,0.46,4,2,0.07,0.0,7,48,0.083,280,717.58,713.58,500.0,6,918.4
run_1789713215,rnd_task_008,robot_3,North,North,29.54,2,1,0.46,4,1,0.09,0.0,3,30,0.088,148,238.0,234.0,500.0,4,477.58
run_1789713215,rnd_task_009,robot_4,North,South,66.1,4,2,0.46,4,2,0.07,0.06,6,47,0.079,225,689.18,685.18,500.0,6,907.4
run_1789713215,rnd_task_010,robot_3,South,North,48.14,4,2,0.46,4,2,0.05,0.04,5,47,0.075,225,624.28,620.28,500.0,5,874.3
run_1789713215,rnd_task_011,robot_1,South,North,0.72,0,2,0.46,4,2,0.04,0.04,6,43,0.103,97,368.66,364.66,500.0,6,661.6
run_1789713215,rnd_task_012,robot_2,Central,South,5.77,1,2,0.46,4,2,0.05,0.08,5,42,0.101,97,373.32,369.32,500.0,5,614.8
run_1789713215,rnd_task_013,robot_3,North,North,0.85,0,0,0.46,4,1,0.0,0.0,7,36,0.079,19,419.84,415.84,500.0,5,659.0
run_1789713215,rnd_task_014,robot_4,South,North,0.67,0,2,0.46,4,2,0.01,0.46,11,59,0.094,19,456.48,452.48,500.0,8,958.2
run_1789713215,rnd_task_015,robot_2,Central,North,85.1,4,2,0.46,4,2,0.02,0.0,6,36,0.079,19,334.12,330.12,500.0,5,658.8
run_1789713215,rnd_task_016,robot_1,South,South,47.38,2,1,0.46,4,1,0.0,0.18,10,52,0.097,19,401.06,397.06,500.0,5,821.86
run_1789713215,rnd_task_017,robot_3,North,North,8.95,2,0,0.46,4,1,0.02,0.34,7,36,0.109,1,170.1,166.1,500.0,6,476.0
run_1789713215,rnd_task_018,robot_2,Central,South,73.25,4,2,0.46,4,2,0.0,0.18,5,29,0.129,1,222.06,218.06,500.0,5,341.04
run_1789713215,rnd_task_019,robot_1,North,North,37.05,2,1,0.46,4,1,0.02,0.21,6,38,0.094,28,391.6,387.6,500.0,4,641.0
run_1789713215,rnd_task_020,robot_4,Central,Central,98.97,4,2,0.46,4,1,0.0,0.18,4,25,0.077,4,180.34,176.34,500.0,3,442.8
run_1789712169,rnd_task_001,robot_1,South,South,0.85,0,0,0.46,4,1,0.06,0.0,3,27,0.067,55,245.44,241.44,500.0,3,508.0
run_1789712169,rnd_task_002,robot_2,North,North,35.25,2,1,0.46,4,1,0.05,0.15,7,54,0.094,67,556.7,552.7,500.0,6,915.6
run_1789712169,rnd_task_003,robot_3,South,North,85.6,4,2,0.46,4,2,0.14,0.03,5,41,0.086,42,431.06,427.06,500.0,4,722.0
run_1789712169,rnd_task_004,robot_4,North,North,0.75,0,1,0.46,4,1,0.11,0.08,5,41,0.083,38,525.24,521.24,500.0,5,768.46
run_1789712169,rnd_task_005,robot_1,North,South,50.67,4,2,0.46,4,2,0.01,0.26,8,42,0.079,69,521.42,517.42,500.0,6,786.6
run_1789712169,rnd_task_006,robot_3,North,South,65.89,4,2,0.46,4,2,0.08,0.16,6,36,0.088,85,360.62,356.62,500.0,6,633.6
run_1789712169,rnd_task_007,robot_4,South,North,66.35,4,2,0.46,4,2,0.04,0.18,10,54,0.084,152,664.06,660.06,500.0,7,970.86
run_1789712169,rnd_task_008,robot_2,North,South,91.22,4,2,0.46,4,2,0.08,0.15,6,40,0.073,133,401.62,397.62,500.0,5,770.6
run_1789712169,rnd_task_009,robot_1,North,Central,64.69,4,2,0.46,4,2,0.05,0.17,6,37,0.085,84,425.96,421.96,500.0,6,637.6
run_1789712169,rnd_task_010,robot_3,Central,North,0.49,0,2,0.46,4,2,0.0,0.0,7,47,0.095,67,284.78,280.78,500.0,6,738.4
run_1789712169,rnd_task_011,robot_2,South,North,73.22,4,2,0.46,4,2,0.0,0.18,8,38,0.075,20,338.96,334.96,500.0,7,773.4
run_1789712169,rnd_task_012,robot_4,Central,North,31.22,2,0,0.46,4,2,0.07,0.25,7,36,0.096,20,366.28,362.28,500.0,5,585.4
run_1789712169,rnd_task_013,robot_1,North,South,43.19,4,2,0.46,4,2,0.0,0.0,6,36,0.076,43,472.9,468.9,500.0,6,685.8
run_1789712169,rnd_task_014,robot_3,North,North,53.01,2,1,0.46,4,1,0.02,0.0,6,31,0.066,51,308.64,304.64,500.0,6,670.8
run_1789712169,rnd_task_015,robot_4,South,North,82.81,4,2,0.46,4,2,0.02,0.2,11,82,0.1,151,841.86,837.86,500.0,8,1264.2
run_1789712169,rnd_task_016,robot_2,North,South,59.88,4,2,0.46,4,2,0.06,0.15,6,47,0.112,101,485.16,481.16,500.0,5,643.2
run_1789712169,rnd_task_017,robot_1,South,North,6.0,0,2,0.46,4,2,0.04,0.0,7,53,0.095,101,400.06,396.06,500.0,5,840.0
run_1789712169,rnd_task_018,robot_3,Central,South,57.08,2,1,0.46,4,2,0.04,0.0,5,41,0.097,91,285.44,281.44,500.0,4,616.6
run_1789712169,rnd_task_019,robot_2,Central,Central,78.22,4,2,0.46,4,1,0.05,0.0,6,34,0.094,49,154.04,150.04,500.0,4,512.82
run_1789712169,rnd_task_020,robot_3,South,South,0.85,0,0,0.46,4,1,0.0,0.18,6,31,0.146,57,56.08,52.08,500.0,2,301.4
run_1789904621,rnd_task_001,robot_1,South,South,6.01,1,0,0.46,4,1,0.02,0.02,3,29,0.059,64,445.48,441.48,500.0,1,713.42
run_1789904621,rnd_task_003,robot_3,South,North,0.49,0,2,0.46,4,2,0.05,0.02,5,46,0.062,61,731.98,727.98,500.0,1,1065.2
run_1789825110,rnd_task_001,robot_4,Central,Central,67.27,2,1,0.46,4,1,0.11,0.09,6,34,0.075,171,328.66,324.66,500.0,4,664.4
run_1789825110,rnd_task_002,robot_3,North,North,35.27,2,1,0.46,4,1,0.29,0.04,7,39,0.084,171,442.6,438.6,500.0,5,688.0
run_1789825110,rnd_task_003,robot_1,Central,Central,60.49,2,1,0.46,4,1,0.24,0.03,3,16,0.058,171,218.72,214.72,500.0,3,414.26
run_1789825110,rnd_task_004,robot_2,North,North,44.53,2,1,0.46,4,1,0.05,0.09,8,47,0.081,168,443.02,439.02,500.0,6,886.4
run_1789825110,rnd_task_005,robot_1,South,North,57.2,4,2,0.46,4,2,0.06,0.1,5,31,0.067,37,463.48,459.48,500.0,6,685.72
run_1789825110,rnd_task_006,robot_4,North,South,65.88,4,2,0.46,4,2,0.03,0.1,6,32,0.062,48,602.94,598.94,500.0,6,803.2
run_1789825110,rnd_task_007,robot_3,South,North,5.77,1,2,0.46,4,2,0.01,0.0,9,61,0.088,52,656.64,652.64,500.0,7,1027.8
run_1789825110,rnd_task_008,robot_2,Central,South,84.93,4,2,0.46,4,2,0.02,0.0,4,41,0.095,46,243.42,239.42,500.0,5,632.64
run_1789825110,rnd_task_009,robot_1,South,South,29.54,2,1,0.46,4,1,0.02,0.12,6,59,0.116,16,457.52,453.52,500.0,6,757.02
run_1789825110,rnd_task_010,robot_4,South,South,0.51,0,0,0.46,4,1,0.03,0.29,5,37,0.108,5,205.32,201.32,500.0,6,500.0
run_1789825110,rnd_task_011,robot_2,North,South,70.45,4,2,0.46,4,2,0.03,0.04,8,54,0.086,76,720.26,716.26,500.0,7,998.2
run_1789825110,rnd_task_012,robot_3,Central,South,78.57,4,2,0.46,4,2,0.02,0.0,3,18,0.046,62,339.6,335.6,500.0,5,566.3
run_1789825110,rnd_task_013,robot_1,North,Central,83.32,4,2,0.46,4,2,0.08,0.0,7,47,0.086,79,451.08,447.08,500.0,6,810.0
run_1789825110,rnd_task_014,robot_4,South,North,74.52,4,2,0.46,4,2,0.02,0.08,8,54,0.076,104,598.28,594.28,500.0,6,1047.96
run_1789825110,rnd_task_015,robot_3,North,South,46.11,4,2,0.46,4,2,0.05,0.0,8,48,0.093,43,626.56,622.56,500.0,6,773.0
run_1789825110,rnd_task_016,robot_2,North,North,0.99,0,1,0.46,4,1,0.0,0.0,6,42,0.089,30,331.04,327.04,500.0,6,715.4
run_1789825110,rnd_task_017,robot_1,Central,North,34.9,2,0,0.46,4,2,0.0,0.18,2,8,0.038,22,86.8,82.8,500.0,3,212.0
run_1789825110,rnd_task_019,robot_4,North,South,71.47,4,2,0.46,4,2,0.03,0.32,6,41,0.108,20,460.6,456.6,500.0,4,613.0
run_1789825110,rnd_task_020,robot_3,Central,Central,71.86,4,2,0.46,4,1,0.05,0.0,3,19,0.111,3,172.14,168.14,500.0,3,270.1
run_1789825110,rnd_task_021,robot_2,North,North,16.3,2,0,0.46,4,1,0.0,0.18,3,13,0.084,1,117.2,113.2,500.0,2,213.8
run_1789824047,rnd_task_001,robot_4,Central,North,75.02,4,2,0.46,4,2,0.01,0.0,4,22,0.062,40,361.22,357.22,500.0,3,481.8
run_1789824047,rnd_task_002,robot_1,North,South,77.93,4,2,0.46,4,2,0.01,0.0,7,40,0.078,45,502.72,498.72,500.0,5,767.0
run_1789824047,rnd_task_003,robot_2,North,North,32.7,2,1,0.46,4,1,0.02,0.05,7,40,0.083,33,522.24,518.24,500.0,6,768.6
run_1789824047,rnd_task_004,robot_3,Central,North,61.65,2,1,0.46,4,2,0.03,0.02,8,47,0.078,63,477.18,473.18,500.0,7,918.2
run_1789824047,rnd_task_005,robot_4,North,North,0.55,0,0,0.46,4,1,0.0,0.18,2,8,0.052,0,29.6,25.6,500.0,3,154.6
run_1789824047,rnd_task_006,robot_4,South,North,0.96,0,2,0.46,4,2,0.11,0.12,6,35,0.064,58,615.22,611.22,500.0,6,846.4
run_1789824047,rnd_task_007,robot_1,North,South,79.48,4,2,0.46,4,2,0.02,0.0,8,43,0.06,94,559.82,555.82,500.0,8,1067.6
run_1789824047,rnd_task_008,robot_2,South,South,6.72,2,0,0.46,4,1,0.01,0.0,5,30,0.054,78,419.04,415.04,500.0,5,775.4
run_1789824047,rnd_task_009,robot_3,Central,South,0.85,0,2,0.46,4,2,0.07,0.03,5,29,0.064,48,312.94,308.94,500.0,5,683.46
run_1789824047,rnd_task_010,robot_4,Central,Central,60.49,2,1,0.46,4,1,0.02,0.15,7,45,0.129,53,279.0,275.0,500.0,6,559.82
run_1789824047,rnd_task_011,robot_2,North,South,0.67,0,2,0.46,4,2,0.07,0.04,10,84,0.102,153,744.48,740.48,500.0,8,1249.6
run_1789824047,rnd_task_012,robot_3,South,South,37.93,2,1,0.46,4,1,0.0,0.0,6,36,0.106,28,125.5,121.5,500.0,5,452.8
run_1789824047,rnd_task_013,robot_1,South,South,40.78,2,1,0.46,4,1,0.0,0.18,6,42,0.13,6,61.46,57.46,500.0,5,478.4
run_1789824047,rnd_task_014,robot_4,South,Central,61.16,2,1,0.46,4,2,0.11,0.0,9,61,0.098,164,360.14,356.14,500.0,6,917.2
run_1789824047,rnd_task_015,robot_3,Central,South,55.29,2,1,0.46,4,2,0.11,0.12,8,60,0.099,165,418.34,414.34,500.0,5,888.8
run_1789824047,rnd_task_016,robot_1,Central,South,81.12,4,2,0.46,4,2,0.22,0.05,6,58,0.124,176,514.46,510.46,500.0,5,740.2
run_1789824047,rnd_task_018,robot_2,Central,North,44.37,2,1,0.46,4,2,0.01,0.0,7,48,0.122,51,336.08,332.08,500.0,5,589.88
run_1789824047,rnd_task_019,robot_4,Central,North,0.85,0,2,0.46,4,2,0.0,0.18,5,20,0.084,9,109.82,105.82,500.0,2,309.4
run_1789824047,rnd_task_022,robot_4,North,North,16.95,2,0,0.46,4,1,0.1,0.0,3,24,0.073,109,234.3,230.3,500.0,2,464.4
run_1789824047,rnd_task_023,robot_2,North,North,8.36,2,0,0.46,4,1,0.1,0.0,3,17,0.134,83,90.94,86.94,500.0,1,193.8
run_1789819806,rnd_task_001,robot_1,North,North,50.97,2,1,0.46,4,1,0.02,0.0,7,45,0.081,34,540.0,536.0,500.0,6,834.6
run_1789819806,rnd_task_002,robot_4,Central,Central,95.42,4,2,0.46,4,1,0.1,0.01,3,16,0.052,31,264.74,260.74,500.0,3,459.2
run_1789819806,rnd_task_003,robot_3,North,Central,51.35,2,1,0.46,4,2,0.08,0.14,4,22,0.062,25,331.48,327.48,500.0,5,545.8
run_1789819806,rnd_task_004,robot_2,South,Central,75.55,4,2,0.46,4,2,0.05,0.03,4,21,0.067,24,250.06,246.06,500.0,4,449.8
run_1789819806,rnd_task_005,robot_4,South,Central,79.61,4,2,0.46,4,2,0.04,0.46,7,42,0.104,0,215.76,211.76,500.0,6,574.4
run_1789819806,rnd_task_006,robot_2,North,Central,0.49,0,2,0.46,4,2,0.0,0.18,9,42,0.109,0,268.94,264.94,500.0,6,585.8
run_1789819806,rnd_task_007,robot_3,South,North,62.9,4,2,0.46,4,2,0.0,0.18,7,59,0.121,6,358.22,354.22,500.0,6,745.18
run_1789819806,rnd_task_008,robot_1,South,North,80.86,4,2,0.46,4,2,0.0,0.18,8,43,0.115,16,253.14,249.14,500.0,6,588.8
run_1789819806,rnd_task_009,robot_4,Central,North,75.79,4,2,0.46,4,2,0.02,0.46,7,30,0.118,16,212.54,208.54,500.0,5,372.8
run_1789819806,rnd_task_010,robot_2,North,Central,85.75,4,2,0.46,4,2,0.06,0.0,6,26,0.098,16,142.58,138.58,500.0,6,389.0
run_1789819806,rnd_task_011,robot_3,North,North,27.9,2,1,0.46,4,1,0.03,0.09,3,14,0.04,43,162.54,158.54,500.0,6,451.8
run_1789819806,rnd_task_012,robot_1,South,North,54.59,4,2,0.46,4,2,0.02,0.0,7,48,0.082,51,658.6,654.6,500.0,8,875.36
run_1789819806,rnd_task_013,robot_4,North,North,5.37,2,0,0.46,4,1,0.06,0.33,5,29,0.088,35,200.98,196.98,500.0,5,453.72
run_1789819806,rnd_task_014,robot_2,Central,North,48.26,2,1,0.46,4,2,0.04,0.19,5,30,0.099,35,236.84,232.84,500.0,5,482.6
run_1789819806,rnd_task_015,robot_3,North,South,54.18,4,2,0.46,4,2,0.03,0.04,5,29,0.104,17,343.94,339.94,500.0,5,440.2
run_1789819806,rnd_task_016,robot_4,Central,South,36.18,2,0,0.46,4,2,0.0,0.18,7,32,0.077,16,243.02,239.02,500.0,5,593.8
run_1789819806,rnd_task_017,robot_2,Central,Central,52.62,2,1,0.46,4,1,0.02,0.0,6,35,0.087,22,234.7,230.7,500.0,5,596.2
run_1789819806,rnd_task_018,robot_3,Central,South,88.55,4,2,0.46,4,2,0.0,0.18,8,42,0.113,7,272.6,268.6,500.0,5,566.4
run_1789819806,rnd_task_020,robot_4,Central,North,84.71,4,2,0.46,4,2,0.02,0.0,6,35,0.092,13,332.9,328.9,500.0,3,587.8
run_1789819806,rnd_task_021,robot_2,North,Central,93.01,4,2,0.46,4,2,0.02,0.0,9,42,0.088,9,351.94,347.94,500.0,2,682.86
run_1789815624,rnd_task_001,robot_1,South,South,24.94,2,0,0.46,4,1,0.04,0.0,3,28,0.072,72,242.96,238.96,500.0,3,499.2
run_1789815624,rnd_task_002,robot_2,North,North,35.25,2,1,0.46,4,1,0.09,0.1,7,53,0.094,107,546.22,542.22,500.0,6,895.8
run_1789815624,rnd_task_003,robot_3,South,North,0.49,0,2,0.46,4,2,0.19,0.03,5,41,0.087,71,411.68,407.68,500.0,4,708.8
run_1789815624,rnd_task_004,robot_4,North,North,30.2,2,1,0.46,4,1,0.14,0.12,5,41,0.088,60,490.1,486.1,500.0,5,730.0
run_1789815624,rnd_task_005,robot_1,North,South,50.67,4,2,0.46,4,2,0.02,0.32,8,42,0.079,64,514.6,510.6,500.0,6,784.0
run_1789815624,rnd_task_006,robot_3,North,South,65.89,4,2,0.46,4,2,0.05,0.26,6,35,0.088,43,352.88,348.88,500.0,6,615.4
run_1789815624,rnd_task_007,robot_4,South,North,0.51,0,2,0.46,4,2,0.03,0.11,10,59,0.092,101,680.64,676.64,500.0,7,977.2
run_1789815624,rnd_task_008,robot_2,North,South,91.22,4,2,0.46,4,2,0.09,0.05,8,46,0.086,85,395.2,391.2,500.0,5,768.4
run_1789815624,rnd_task_009,robot_1,North,Central,64.69,4,2,0.46,4,2,0.06,0.03,6,37,0.039,67,1191.34,1187.34,500.0,6,1400.6
run_1789815624,rnd_task_010,robot_3,Central,North,100.1,4,2,0.46,4,2,0.02,0.39,8,47,0.047,70,1058.62,1054.62,500.0,6,1500.8
run_1789815624,rnd_task_011,robot_2,South,North,73.22,4,2,0.46,4,2,0.05,0.01,8,38,0.037,70,376.46,372.46,500.0,7,1578.2
run_1789815624,rnd_task_012,robot_4,Central,North,31.22,2,0,0.46,4,2,0.02,0.46,7,32,0.038,28,1108.38,1104.38,500.0,5,1316.8
run_1789815624,rnd_task_016,robot_1,North,South,0.67,0,2,0.46,4,2,0.07,0.0,6,42,0.086,69,536.68,532.68,500.0,6,716.8
run_1789815624,rnd_task_017,robot_3,South,North,0.49,0,2,0.46,4,2,0.02,0.0,8,52,0.091,61,470.74,466.74,500.0,6,857.2
run_1789815624,rnd_task_018,robot_4,Central,South,57.08,2,1,0.46,4,2,0.0,0.18,6,44,0.098,47,367.96,363.96,500.0,5,676.8
run_1789815624,rnd_task_019,robot_2,Central,Central,78.22,4,2,0.46,4,1,0.0,0.18,6,39,0.111,8,300.82,296.82,500.0,5,521.8
run_1789815624,rnd_task_020,robot_1,South,South,22.15,2,0,0.46,4,1,0.0,0.18,5,36,0.093,0,318.26,314.26,500.0,5,562.0
run_1789815624,rnd_task_021,robot_3,South,Central,22.65,2,0,0.46,4,2,0.04,0.4,8,50,0.081,43,600.76,596.76,500.0,4,938.4
run_1789815624,rnd_task_023,robot_2,South,South,0.67,0,1,0.46,4,1,0.05,0.0,5,27,0.073,23,233.88,229.88,500.0,3,464.8
run_1789815624,rnd_task_024,robot_1,South,North,73.24,4,2,0.46,4,2,0.03,0.21,4,36,0.086,42,434.2,430.2,500.0,2,648.2
run_1789817806,rnd_task_001,robot_1,North,North,29.43,2,1,0.46,4,1,0.02,0.0,5,41,0.115,23,415.44,411.44,500.0,4,554.4
run_1789817806,rnd_task_002,robot_4,North,South,97.58,4,2,0.46,4,2,0.02,0.0,8,71,0.105,30,579.38,575.38,500.0,8,1025.4
run_1789817806,rnd_task_003,robot_2,South,Central,79.61,4,2,0.46,4,2,0.17,0.01,4,33,0.108,11,248.4,244.4,500.0,3,424.6
run_1789817806,rnd_task_004,robot_3,North,South,60.51,4,2,0.46,4,2,0.09,0.03,7,53,0.102,14,598.92,594.92,500.0,6,766.6
run_1789817806,rnd_task_005,robot_2,Central,North,48.55,2,1,0.46,4,2,0.0,0.0,6,20,0.1,4,103.88,99.88,500.0,4,299.2
run_1789817806,rnd_task_006,robot_1,North,Central,34.8,2,1,0.46,4,2,0.0,0.18,4,18,0.071,7,203.72,199.72,500.0,5,338.2
run_1789817806,rnd_task_007,robot_2,South,Central,80.3,4,2,0.46,4,2,0.0,0.18,6,41,0.091,10,444.16,440.16,500.0,6,684.04
run_1789817806,rnd_task_008,robot_3,North,South,64.2,4,2,0.46,4,2,0.03,0.0,8,60,0.1,30,646.28,642.28,500.0,6,916.2
run_1789817806,rnd_task_009,robot_1,North,Central,53.26,2,1,0.46,4,2,0.02,0.0,7,56,0.098,27,374.98,370.98,500.0,6,880.0
run_1789817806,rnd_task_010,robot_4,North,North,37.44,2,1,0.46,4,1,0.04,0.2,9,70,0.117,27,571.62,567.62,500.0,7,924.8
run_1789817806,rnd_task_011,robot_2,South,South,24.94,2,0,0.46,4,1,0.0,0.18,5,30,0.117,20,177.92,173.92,500.0,5,358.2
run_1789817806,rnd_task_012,robot_3,South,North,47.09,4,2,0.46,4,2,0.03,0.41,8,53,0.126,55,488.92,484.92,500.0,7,633.6
run_1789817806,rnd_task_013,robot_1,North,North,30.7,2,1,0.46,4,1,0.0,0.18,4,30,0.119,38,166.22,162.22,500.0,5,353.8
run_1789817806,rnd_task_014,robot_2,North,North,0.54,0,0,0.46,4,1,0.05,0.03,9,49,0.125,55,410.88,406.88,500.0,6,610.4
run_1789817806,rnd_task_015,robot_4,Central,North,31.22,2,0,0.46,4,2,0.09,0.23,7,37,0.113,55,328.6,324.6,500.0,6,496.4
run_1789817806,rnd_task_016,robot_1,South,Central,28.02,2,0,0.46,4,2,0.02,0.23,8,53,0.114,40,444.56,440.56,500.0,7,704.04
run_1789817806,rnd_task_017,robot_3,North,North,13.2,2,0,0.46,4,1,0.0,0.18,4,24,0.147,0,65.82,61.82,500.0,5,218.0
run_1789817806,rnd_task_018,robot_2,North,Central,22.67,2,0,0.46,4,2,0.02,0.15,5,24,0.1,23,182.92,178.92,500.0,4,360.2
run_1789817806,rnd_task_019,robot_4,South,North,61.02,4,2,0.46,4,2,0.04,0.01,9,42,0.088,42,632.62,628.62,500.0,4,749.8
run_1789817806,rnd_task_021,robot_2,North,Central,0.97,0,2,0.46,4,2,0.04,0.0,4,18,0.074,18,113.8,109.8,500.0,2,349.2
run_1789820720,rnd_task_001,robot_4,Central,South,6.02,0,2,0.46,4,2,0.05,0.01,6,51,0.105,113,366.86,362.86,500.0,4,744.0
run_1789820720,rnd_task_002,robot_1,South,Central,32.34,2,0,0.46,4,2,0.07,0.0,3,22,0.064,103,203.78,199.78,500.0,3,407.0
run_1789820720,rnd_task_003,robot_3,North,South,6.0,1,2,0.46,4,2,0.03,0.06,8,54,0.089,101,583.8,579.8,500.0,6,949.0
run_1789820720,rnd_task_004,robot_2,Central,South,81.66,4,2,0.46,4,2,0.06,0.1,6,40,0.085,94,444.24,440.24,500.0,4,706.48
run_1789820720,rnd_task_005,robot_1,Central,South,0.85,0,2,0.46,4,2,0.0,0.18,8,49,0.09,10,490.18,486.18,500.0,6,821.9
run_1789820720,rnd_task_006,robot_2,South,North,59.99,4,2,0.46,4,2,0.03,0.16,7,33,0.076,16,367.3,363.3,500.0,6,660.4
run_1789820720,rnd_task_007,robot_4,North,North,0.96,0,0,0.46,4,1,0.0,0.18,5,26,0.079,4,432.38,428.38,500.0,5,508.6
run_1789820720,rnd_task_008,robot_3,North,South,6.0,0,2,0.46,4,2,0.02,0.0,7,54,0.085,18,580.2,576.2,500.0,6,915.0
run_1789820720,rnd_task_009,robot_1,Central,Central,113.88,4,2,0.46,4,1,0.0,0.02,8,55,0.094,31,368.16,364.16,500.0,7,897.6
run_1789820720,rnd_task_010,robot_4,South,South,18.56,2,0,0.46,4,1,0.0,0.46,6,43,0.083,28,480.34,476.34,500.0,5,771.2
run_1789820720,rnd_task_011,robot_2,South,Central,85.35,4,2,0.46,4,2,0.0,0.18,7,53,0.092,21,488.0,484.0,500.0,6,845.0
run_1789820720,rnd_task_013,robot_3,North,South,0.49,0,2,0.46,4,2,0.03,0.0,13,78,0.092,95,773.14,769.14,500.0,9,1326.4
run_1789820720,rnd_task_014,robot_4,North,North,11.19,2,0,0.46,4,1,0.0,0.18,7,47,0.122,27,285.04,281.04,500.0,5,574.2
run_1789820720,rnd_task_015,robot_1,North,South,54.38,4,2,0.46,4,2,0.03,0.0,8,53,0.096,62,625.26,621.26,500.0,5,832.82
run_1789820720,rnd_task_016,robot_2,South,Central,73.52,4,2,0.46,4,2,0.07,0.02,7,49,0.09,70,485.6,481.6,500.0,5,804.0
run_1789820720,rnd_task_017,robot_4,Central,South,93.99,4,2,0.46,4,2,0.19,0.15,8,42,0.074,140,476.96,472.96,500.0,7,832.4
run_1789820720,rnd_task_018,robot_1,Central,North,0.99,0,2,0.46,4,2,0.09,0.09,9,49,0.079,100,525.14,521.14,500.0,6,963.6
run_1789820720,rnd_task_019,robot_2,Central,South,60.37,4,2,0.46,4,2,0.0,0.18,3,17,0.08,44,169.68,165.68,500.0,4,274.0
run_1789820720,rnd_task_020,robot_3,South,South,41.52,2,1,0.46,4,1,0.17,0.18,7,37,0.076,89,230.86,226.86,500.0,4,708.6
run_1789820720,rnd_task_021,robot_2,Central,North,102.38,4,2,0.46,4,2,0.03,0.03,8,48,0.089,49,264.42,260.42,500.0,3,807.2
run_1789822904,rnd_task_001,robot_4,North,North,25.3,2,1,0.46,4,1,0.07,0.0,5,28,0.059,282,462.36,458.36,500.0,3,744.2
run_1789822904,rnd_task_002,robot_3,South,North,59.63,4,2,0.46,4,2,0.38,0.03,9,66,0.06,584,1636.92,1632.92,500.0,8,1752.6
run_1789822904,rnd_task_003,robot_2,North,Central,62.65,4,2,0.46,4,2,0.24,0.05,5,28,0.051,315,516.34,512.34,500.0,4,780.4
run_1789822904,rnd_task_004,robot_1,North,South,0.67,0,2,0.46,4,2,0.33,0.01,11,77,0.058,594,1763.9,1759.9,500.0,10,2115.54
run_1789822904,rnd_task_005,robot_4,Central,Central,69.31,2,1,0.46,4,1,0.02,0.46,4,25,0.052,197,302.72,298.72,500.0,5,649.88
run_1789822904,rnd_task_006,robot_2,Central,Central,65.23,2,1,0.46,4,1,0.04,0.0,4,19,0.048,145,152.86,148.86,500.0,3,502.04
run_1789822904,rnd_task_007,robot_2,North,Central,34.25,2,1,0.46,4,2,0.03,0.21,3,19,0.047,121,270.92,266.92,500.0,6,551.6
run_1789822904,rnd_task_008,robot_4,North,North,29.18,2,0,0.46,4,1,0.0,0.18,2,13,0.056,89,161.72,157.72,500.0,3,286.8
run_1789822904,rnd_task_009,robot_4,North,Central,95.78,4,2,0.46,4,2,0.05,0.13,4,22,0.053,30,209.24,205.24,500.0,6,568.0
run_1789822904,rnd_task_010,robot_3,South,Central,29.01,2,0,0.46,4,2,0.0,0.17,6,35,0.068,28,420.26,416.26,500.0,7,767.08
run_1789822904,rnd_task_013,robot_2,North,South,59.97,4,2,0.46,4,2,0.0,0.46,5,29,0.088,15,357.94,353.94,500.0,5,524.4
run_1789822904,rnd_task_014,robot_1,North,Central,65.44,4,2,0.46,4,2,0.02,0.0,7,49,0.112,56,421.2,417.2,500.0,6,711.8
run_1789822904,rnd_task_015,robot_4,South,South,11.19,2,0,0.46,4,1,0.08,0.42,6,43,0.091,51,391.92,387.92,500.0,6,662.64
run_1789822904,rnd_task_016,robot_2,South,Central,103.68,4,2,0.46,4,2,0.09,0.36,7,53,0.099,51,284.3,280.3,500.0,8,804.8
run_1789822904,rnd_task_017,robot_3,North,North,22.28,2,1,0.46,4,1,0.01,0.0,3,30,0.111,37,200.12,196.12,500.0,4,395.4
run_1789822904,rnd_task_018,robot_1,South,Central,31.86,2,0,0.46,4,2,0.0,0.18,2,11,0.086,0,121.68,117.68,500.0,5,185.6
run_1789822904,rnd_task_019,robot_3,Central,North,44.93,2,1,0.46,4,2,0.03,0.25,8,42,0.087,21,270.54,266.54,500.0,5,758.6
run_1789822904,rnd_task_020,robot_4,North,North,39.29,2,1,0.46,4,1,0.07,0.23,9,53,0.079,35,646.66,642.66,500.0,5,1006.6
run_1789822904,rnd_task_021,robot_1,Central,North,44.71,2,1,0.46,4,2,0.09,0.0,5,31,0.082,19,223.2,219.2,500.0,4,562.2
run_1789822904,rnd_task_022,robot_2,Central,South,94.79,4,2,0.46,4,2,0.0,0.18,5,25,0.065,22,229.66,225.66,500.0,3,526.0
run_1789816792,rnd_task_001,robot_4,North,North,22.26,2,1,0.46,4,1,0.04,0.14,4,23,0.067,79,340.78,336.78,500.0,4,536.0
run_1789816792,rnd_task_002,robot_3,South,North,0.67,0,2,0.46,4,2,0.11,0.07,7,40,0.075,98,455.42,451.42,500.0,6,795.6
run_1789816792,rnd_task_003,robot_1,Central,Central,42.28,2,0,0.46,4,1,0.09,0.06,3,17,0.055,67,242.76,238.76,500.0,3,396.4
run_1789816792,rnd_task_004,robot_2,Central,South,0.85,0,2,0.46,4,2,0.05,0.03,5,28,0.07,84,467.14,463.14,500.0,5,629.78
run_1789816792,rnd_task_005,robot_1,North,Central,81.91,4,2,0.46,4,2,0.05,0.0,8,48,0.065,239,643.44,639.44,500.0,8,1131.8
run_1789816792,rnd_task_006,robot_4,North,North,35.25,2,1,0.46,4,1,0.15,0.12,5,36,0.08,103,345.46,341.46,500.0,5,677.2
run_1789816792,rnd_task_007,robot_2,North,South,68.9,4,2,0.46,4,2,0.07,0.05,7,42,0.074,219,692.96,688.96,500.0,6,895.06
run_1789816792,rnd_task_008,robot_3,North,North,29.54,2,1,0.46,4,1,0.05,0.06,3,19,0.058,84,184.16,180.16,500.0,4,414.2
run_1789816792,rnd_task_009,robot_4,North,South,66.1,4,2,0.46,4,2,0.09,0.09,6,41,0.075,195,658.02,654.02,500.0,6,877.0
run_1789816792,rnd_task_010,robot_3,South,North,48.14,4,2,0.46,4,2,0.07,0.07,5,41,0.07,195,616.52,612.52,500.0,5,851.88
run_1789816792,rnd_task_011,robot_1,South,North,0.72,0,2,0.46,4,2,0.03,0.0,6,37,0.085,71,360.2,356.2,500.0,6,638.34
run_1789816792,rnd_task_012,robot_2,Central,South,74.38,4,2,0.46,4,2,0.06,0.0,5,36,0.088,71,356.88,352.88,500.0,5,591.26
run_1789816792,rnd_task_013,robot_3,North,North,0.85,0,0,0.46,4,1,0.02,0.21,7,36,0.083,11,399.94,395.94,500.0,5,627.6
run_1789816792,rnd_task_014,robot_4,South,North,79.73,4,2,0.46,4,2,0.01,0.46,11,59,0.097,11,432.74,428.74,500.0,8,931.0
run_1789816792,rnd_task_015,robot_2,Central,North,0.85,0,2,0.46,4,2,0.0,0.0,6,36,0.081,11,328.82,324.82,500.0,5,642.2
run_1789816792,rnd_task_016,robot_1,South,South,47.38,2,1,0.46,4,1,0.0,0.18,10,52,0.1,11,380.72,376.72,500.0,5,801.0
run_1789816792,rnd_task_017,robot_3,North,North,8.95,2,0,0.46,4,1,0.02,0.39,7,37,0.116,1,169.12,165.12,500.0,6,464.8
run_1789816792,rnd_task_018,robot_2,Central,South,73.25,4,2,0.46,4,2,0.0,0.18,5,29,0.131,1,219.48,215.48,500.0,5,335.4
run_1789816792,rnd_task_019,robot_1,North,North,37.05,2,1,0.46,4,1,0.05,0.23,6,32,0.079,30,373.74,369.74,500.0,4,630.6
run_1789816792,rnd_task_020,robot_4,Central,Central,98.97,4,2,0.46,4,1,0.0,0.18,5,20,0.072,6,161.88,157.88,500.0,3,415.0
run_1789818704,rnd_task_001,robot_1,North,South,81.52,4,2,0.46,4,2,0.02,0.0,5,41,0.06,82,637.0,633.0,500.0,5,1032.06
run_1789818704,rnd_task_002,robot_4,North,South,95.29,4,2,0.46,4,2,0.02,0.28,7,52,0.069,106,768.16,764.16,500.0,6,1167.2
run_1789818704,rnd_task_003,robot_2,South,North,63.78,4,2,0.46,4,2,0.02,0.0,4,24,0.052,48,386.7,382.7,500.0,3,697.68
run_1789818704,rnd_task_004,robot_3,Central,South,6.01,0,2,0.46,4,2,0.01,0.0,4,35,0.056,65,479.3,475.3,500.0,4,854.0
run_1789818704,rnd_task_005,robot_2,South,South,0.85,0,0,0.46,4,1,0.05,0.05,5,39,0.087,69,421.66,417.66,500.0,6,666.3
run_1789818704,rnd_task_006,robot_3,South,North,70.84,4,2,0.46,4,2,0.08,0.07,8,52,0.078,100,662.64,658.64,500.0,7,999.2
run_1789818704,rnd_task_007,robot_1,Central,North,30.81,2,0,0.46,4,2,0.01,0.0,4,30,0.073,70,393.2,389.2,500.0,5,658.38
run_1789818704,rnd_task_008,robot_4,North,South,49.38,4,2,0.46,4,2,0.08,0.04,8,49,0.079,96,617.4,613.4,500.0,6,933.8
run_1789818704,rnd_task_009,robot_2,North,North,34.52,2,1,0.46,4,1,0.06,0.05,7,37,0.076,61,360.58,356.58,500.0,6,739.38
run_1789818704,rnd_task_010,robot_1,North,South,6.0,0,2,0.46,4,2,0.03,0.0,9,47,0.109,62,305.12,301.12,500.0,7,662.92
run_1789818704,rnd_task_013,robot_3,North,North,0.49,0,0,0.46,4,1,0.07,0.29,4,19,0.076,34,169.4,165.4,500.0,5,316.6
run_1789818704,rnd_task_014,robot_4,North,Central,76.18,4,2,0.46,4,2,0.0,0.46,5,29,0.095,12,267.64,263.64,500.0,6,419.0
run_1789818704,rnd_task_015,robot_2,South,Central,0.67,0,2,0.46,4,2,0.01,0.0,10,61,0.097,86,621.48,617.48,500.0,9,994.74
run_1789818704,rnd_task_016,robot_3,North,North,18.99,2,0,0.46,4,1,0.0,0.18,4,18,0.095,0,100.86,96.86,500.0,4,272.8
run_1789818704,rnd_task_017,robot_1,North,South,77.45,4,2,0.46,4,2,0.09,0.03,10,66,0.098,106,572.62,568.62,500.0,8,1002.14
run_1789818704,rnd_task_018,robot_4,South,North,6.06,1,2,0.46,4,2,0.04,0.0,6,31,0.093,50,282.2,278.2,500.0,4,475.6
run_1789818704,rnd_task_019,robot_3,North,North,21.89,2,0,0.46,4,1,0.06,0.16,5,26,0.09,50,281.6,277.6,500.0,3,420.8
run_1789818704,rnd_task_020,robot_3,South,North,56.53,4,2,0.46,4,2,0.02,0.3,10,64,0.104,72,604.82,600.82,500.0,5,964.02
run_1789818704,rnd_task_021,robot_4,Central,North,98.31,4,2,0.46,4,2,0.0,0.18,7,48,0.098,50,330.96,326.96,500.0,4,736.6
run_1789818704,rnd_task_022,robot_2,Central,South,56.03,2,1,0.46,4,2,0.09,0.09,4,30,0.096,47,158.18,154.18,500.0,3,477.84
run_1789821888,rnd_task_001,robot_1,South,North,0.49,0,2,0.46,4,2,0.1,0.09,6,40,0.086,155,363.54,359.54,500.0,4,652.0
run_1789821888,rnd_task_002,robot_2,Central,North,44.93,2,1,0.46,4,2,0.18,0.03,6,41,0.088,157,385.0,381.0,500.0,5,725.2
run_1789821888,rnd_task_003,robot_4,North,Central,73.5,4,2,0.46,4,2,0.14,0.14,6,42,0.082,178,586.86,582.86,500.0,6,808.4
run_1789821888,rnd_task_004,robot_3,South,Central,76.18,4,2,0.46,4,2,0.09,0.26,6,39,0.105,129,318.14,314.14,500.0,3,550.4
run_1789821888,rnd_task_005,robot_3,North,South,68.81,4,2,0.46,4,2,0.04,0.04,8,60,0.085,133,663.06,659.06,500.0,9,1034.8
run_1789821888,rnd_task_006,robot_1,Central,Central,96.17,4,2,0.46,4,1,0.11,0.14,5,23,0.056,95,299.94,295.94,500.0,5,604.0
run_1789821888,rnd_task_007,robot_2,South,South,16.78,2,0,0.46,4,1,0.06,0.11,8,42,0.091,94,447.76,443.76,500.0,6,705.4
run_1789821888,rnd_task_008,robot_4,North,North,22.65,2,0,0.46,4,1,0.05,0.17,7,39,0.106,55,269.8,265.8,500.0,4,545.4
run_1789821888,rnd_task_009,robot_1,Central,South,25.99,2,0,0.46,4,2,0.04,0.21,7,55,0.175,51,203.12,199.12,500.0,6,480.8
run_1789821888,rnd_task_010,robot_4,South,North,6.0,0,2,0.46,4,2,0.02,0.38,11,70,0.108,75,491.04,487.04,500.0,8,963.92
run_1789821888,rnd_task_011,robot_2,South,South,47.87,2,1,0.46,4,1,0.02,0.17,6,47,0.139,55,169.52,165.52,500.0,5,503.2
run_1789821888,rnd_task_012,robot_3,Central,Central,105.23,4,2,0.46,4,1,0.01,0.03,9,53,0.098,49,397.12,393.12,500.0,7,813.8
run_1789821888,rnd_task_013,robot_1,North,North,42.44,2,1,0.46,4,1,0.02,0.07,6,29,0.082,24,320.8,316.8,500.0,4,536.46
run_1789821888,rnd_task_014,robot_2,Central,South,102.38,4,2,0.46,4,2,0.0,0.18,8,47,0.095,24,259.5,255.5,500.0,6,737.26
run_1789821888,rnd_task_015,robot_1,Central,North,102.38,4,2,0.46,4,2,0.0,0.18,9,48,0.103,4,349.52,345.52,500.0,6,697.1
run_1789821888,rnd_task_016,robot_4,South,South,23.95,2,0,0.46,4,1,0.0,0.18,8,42,0.104,4,390.24,386.24,500.0,5,596.02
run_1789821888,rnd_task_017,robot_3,South,North,78.82,4,2,0.46,4,2,0.0,0.18,9,45,0.098,4,270.46,266.46,500.0,5,717.2
run_1789821888,rnd_task_018,robot_2,Central,Central,44.74,2,0,0.46,4,1,0.0,0.18,5,20,0.076,0,178.98,174.98,500.0,4,367.4
run_1789821888,rnd_task_020,robot_1,South,North,69.63,4,2,0.46,4,2,0.0,0.18,5,32,0.073,7,409.42,405.42,500.0,3,660.0
run_1789821888,rnd_task_022,robot_3,North,North,25.34,2,1,0.46,4,1,0.0,0.18,4,27,0.149,7,139.62,135.62,500.0,1,281.4
run_1789826130,rnd_task_001,robot_4,Central,South,22.65,2,0,0.46,4,2,0.33,0.07,5,39,0.097,234,422.34,418.34,500.0,3,600.4
run_1789826130,rnd_task_002,robot_3,North,North,0.51,0,1,0.46,4,1,0.23,0.06,9,71,0.091,277,766.3,762.3,500.0,7,1228.2
run_1789826130,rnd_task_003,robot_1,South,North,6.0,0,2,0.46,4,2,0.22,0.13,5,39,0.086,234,276.72,272.72,500.0,3,582.52
run_1789826130,rnd_task_004,robot_2,Central,North,53.01,2,1,0.46,4,2,0.24,0.05,8,59,0.098,266,552.92,548.92,500.0,5,937.0
run_1789826130,rnd_task_005,robot_1,North,South,68.93,4,2,0.46,4,2,0.02,0.0,8,38,0.078,59,559.74,555.74,500.0,6,768.0
run_1789826130,rnd_task_006,robot_4,South,South,45.59,2,1,0.46,4,1,0.0,0.18,6,26,0.077,43,169.62,165.62,500.0,4,469.48
run_1789826130,rnd_task_007,robot_2,North,South,62.26,4,2,0.46,4,2,0.14,0.04,7,40,0.082,32,524.7,520.7,500.0,6,752.8
run_1789826130,rnd_task_008,robot_4,Central,South,29.01,2,0,0.46,4,2,0.12,0.01,7,42,0.079,33,516.52,512.52,500.0,6,787.22
run_1789826130,rnd_task_009,robot_3,North,Central,58.31,2,1,0.46,4,2,0.02,0.0,7,47,0.075,44,285.18,281.18,500.0,7,929.74
run_1789826130,rnd_task_010,robot_1,South,North,80.12,4,2,0.46,4,2,0.02,0.46,6,35,0.07,24,364.4,360.4,500.0,5,744.8
run_1789826130,rnd_task_011,robot_2,South,North,67.93,4,2,0.46,4,2,0.0,0.18,8,41,0.109,16,368.36,364.36,500.0,6,589.44
run_1789826130,rnd_task_013,robot_4,South,South,30.11,2,1,0.46,4,1,0.0,0.18,5,34,0.094,6,89.22,85.22,500.0,6,467.8
run_1789826130,rnd_task_014,robot_1,North,North,24.34,2,1,0.46,4,1,0.01,0.0,5,31,0.142,28,35.08,31.08,500.0,6,337.0
run_1789826130,rnd_task_015,robot_3,North,Central,24.69,2,0,0.46,4,2,0.06,0.0,7,43,0.111,51,218.94,214.94,500.0,6,576.8
run_1789826130,rnd_task_016,robot_2,Central,North,86.23,4,2,0.46,4,2,0.1,0.22,9,48,0.105,58,450.04,446.04,500.0,7,721.0
run_1789826130,rnd_task_017,robot_4,North,Central,69.51,4,2,0.46,4,2,0.0,0.46,7,35,0.091,58,421.98,417.98,500.0,6,617.56
run_1789826130,rnd_task_018,robot_1,North,North,23.95,2,0,0.46,4,1,0.0,0.18,4,23,0.071,32,196.44,192.44,500.0,4,450.24
run_1789826130,rnd_task_019,robot_3,South,South,17.12,2,0,0.46,4,1,0.0,0.18,6,42,0.123,11,318.46,314.46,500.0,4,503.4
run_1789826130,rnd_task_020,robot_1,North,North,20.51,2,1,0.46,4,1,0.0,0.18,5,36,0.157,0,151.82,147.82,500.0,3,344.2
run_1789826130,rnd_task_024,robot_1,North,North,12.43,2,0,0.46,4,1,0.0,0.18,2,7,0.076,1,90.78,86.78,500.0,0,105.8
run_1789311024,rnd_task_001,robot_1,South,South,0.85,0,0,0.46,4,1,0.03,0.0,3,28,0.088,43,216.92,212.92,500.0,3,407.0
run_1789311024,rnd_task_002,robot_2,North,North,35.25,2,1,0.46,4,1,0.12,0.12,7,53,0.109,106,470.24,466.24,500.0,3,770.12
run_1789311024,rnd_task_003,robot_3,South,North,0.49,0,2,0.46,4,2,0.04,0.14,5,41,0.1,66,352.62,348.62,500.0,3,618.44
run_1789311024,rnd_task_004,robot_4,North,North,30.2,2,1,0.46,4,1,0.06,0.04,5,41,0.103,66,399.68,395.68,500.0,3,621.2
run_1789716089,rnd_task_001,robot_4,North,North,22.26,2,1,0.46,4,1,0.05,0.02,4,29,0.084,69,358.5,354.5,500.0,4,550.0
run_1789716089,rnd_task_002,robot_3,South,North,0.67,0,2,0.46,4,2,0.14,0.04,6,47,0.084,83,425.38,421.38,500.0,6,760.6
run_1789716089,rnd_task_003,robot_1,Central,Central,42.28,2,0,0.46,4,1,0.07,0.07,3,23,0.08,61,249.2,245.2,500.0,3,401.88
run_1789716089,rnd_task_004,robot_2,Central,South,0.85,0,2,0.46,4,2,0.03,0.0,5,34,0.085,72,475.74,471.74,500.0,5,632.8
run_1789716089,rnd_task_005,robot_1,North,Central,81.91,4,2,0.46,4,2,0.06,0.02,7,50,0.068,154,662.18,658.18,500.0,8,1138.96
run_1789716089,rnd_task_006,robot_4,North,North,35.25,2,1,0.46,4,1,0.08,0.1,5,42,0.089,116,361.4,357.4,500.0,6,718.0
run_1789716089,rnd_task_007,robot_2,North,South,68.9,4,2,0.46,4,2,0.07,0.06,6,43,0.075,138,695.36,691.36,500.0,6,902.4
run_1789716089,rnd_task_008,robot_3,North,North,29.54,2,1,0.46,4,1,0.1,0.0,3,24,0.07,102,219.06,215.06,500.0,3,460.2
run_1789716089,rnd_task_009,robot_3,North,South,66.1,4,2,0.46,4,2,0.04,0.0,4,36,0.067,74,561.68,557.68,500.0,6,773.4
run_1789716089,rnd_task_010,robot_4,South,North,0.67,0,2,0.46,4,2,0.0,0.0,6,42,0.074,70,584.76,580.76,500.0,6,869.42
run_1789716089,rnd_task_011,robot_1,South,North,6.0,1,2,0.46,4,2,0.02,0.02,6,42,0.1,44,377.52,373.52,500.0,6,658.2
run_1789716089,rnd_task_012,robot_2,Central,South,74.38,4,2,0.46,4,2,0.03,0.03,5,41,0.1,44,356.86,352.86,500.0,5,598.0
run_1789716089,rnd_task_013,robot_3,North,North,21.6,2,0,0.46,4,1,0.0,0.18,6,34,0.088,0,458.34,454.34,500.0,6,545.8
run_1789716089,rnd_task_014,robot_4,South,North,79.73,4,2,0.46,4,2,0.0,0.46,11,71,0.1,7,704.12,700.12,500.0,9,1096.4
run_1789716089,rnd_task_015,robot_2,Central,North,85.1,4,2,0.46,4,2,0.0,0.18,8,42,0.093,1,335.3,331.3,500.0,5,663.6
run_1789716089,rnd_task_016,robot_1,South,South,47.38,2,1,0.46,4,1,0.0,0.46,8,52,0.098,4,386.2,382.2,500.0,5,812.2
run_1789716089,rnd_task_017,robot_3,North,North,8.95,2,0,0.46,4,1,0.0,0.18,6,30,0.094,4,174.56,170.56,500.0,4,445.3
run_1789716089,rnd_task_018,robot_2,Central,South,0.85,0,2,0.46,4,2,0.0,0.18,5,24,0.105,5,220.64,216.64,500.0,5,343.6
run_1789716089,rnd_task_019,robot_3,North,North,37.05,2,1,0.46,4,1,0.03,0.31,5,24,0.072,25,234.06,230.06,500.0,3,497.46
run_1789716089,rnd_task_020,robot_1,Central,Central,98.97,4,2,0.46,4,1,0.0,0.18,5,24,0.071,31,216.18,212.18,500.0,3,510.0
run_1789714919,rnd_task_001,robot_1,South,South,24.94,2,0,0.46,4,1,0.04,0.0,2,23,0.053,73,253.46,249.46,500.0,3,524.86
run_1789714919,rnd_task_002,robot_2,North,North,35.25,2,1,0.46,4,1,0.02,0.25,7,59,0.104,87,551.88,547.88,500.0,6,901.6
run_1789714919,rnd_task_003,robot_3,South,North,85.6,4,2,0.46,4,2,0.18,0.0,5,41,0.083,77,451.38,447.38,500.0,4,750.0
run_1789714919,rnd_task_004,robot_4,North,North,30.2,2,1,0.46,4,1,0.13,0.03,5,41,0.084,68,531.86,527.86,500.0,5,764.2
run_1789714919,rnd_task_005,robot_1,North,South,50.67,4,2,0.46,4,2,0.06,0.16,8,48,0.085,101,534.48,530.48,500.0,6,798.4
run_1789714919,rnd_task_006,robot_3,North,South,65.89,4,2,0.46,4,2,0.11,0.15,6,48,0.111,101,416.18,412.18,500.0,6,650.6
run_1789714919,rnd_task_007,robot_4,South,North,66.35,4,2,0.46,4,2,0.03,0.12,10,70,0.11,143,682.84,678.84,500.0,7,986.22
run_1789714919,rnd_task_008,robot_2,North,South,6.0,0,2,0.46,4,2,0.08,0.04,7,47,0.086,134,409.02,405.02,500.0,5,793.14
run_1789714919,rnd_task_009,robot_1,North,Central,64.69,4,2,0.46,4,2,0.02,0.14,6,42,0.098,62,422.0,418.0,500.0,6,635.2
run_1789714919,rnd_task_010,robot_3,Central,North,100.1,4,2,0.46,4,2,0.05,0.24,8,53,0.096,52,375.02,371.02,500.0,6,837.0
run_1789714919,rnd_task_011,robot_2,South,North,73.22,4,2,0.46,4,2,0.0,0.18,7,38,0.076,36,331.76,327.76,500.0,7,763.14
run_1789714919,rnd_task_012,robot_4,Central,North,31.22,2,0,0.46,4,2,0.04,0.04,7,32,0.084,36,375.4,371.4,500.0,5,595.14
run_1789714919,rnd_task_013,robot_1,North,South,6.13,1,2,0.46,4,2,0.02,0.08,7,37,0.077,36,492.58,488.58,500.0,6,704.6
run_1789714919,rnd_task_014,robot_3,North,North,53.01,2,1,0.46,4,1,0.01,0.09,7,41,0.087,90,318.82,314.82,500.0,6,689.4
run_1789714919,rnd_task_015,robot_4,South,North,82.81,4,2,0.46,4,2,0.04,0.41,10,82,0.095,132,865.34,861.34,500.0,8,1282.78
run_1789714919,rnd_task_016,robot_2,North,South,59.88,4,2,0.46,4,2,0.05,0.26,7,52,0.121,101,494.04,490.04,500.0,5,659.0
run_1789714919,rnd_task_017,robot_1,South,North,97.33,4,2,0.46,4,2,0.08,0.03,6,43,0.075,103,401.44,397.44,500.0,5,852.4
run_1789714919,rnd_task_018,robot_3,Central,South,57.08,2,1,0.46,4,2,0.07,0.09,6,35,0.079,38,305.34,301.34,500.0,4,630.4
run_1789714919,rnd_task_019,robot_2,Central,Central,78.22,4,2,0.46,4,1,0.02,0.42,5,37,0.09,31,237.54,233.54,500.0,4,597.0
run_1789714919,rnd_task_021,robot_3,South,Central,22.65,2,0,0.46,4,2,0.0,0.18,9,56,0.137,49,225.56,221.56,500.0,2,625.6
run_1789717422,rnd_task_001,robot_1,South,South,24.94,2,0,0.46,4,1,0.04,0.01,3,28,0.07,81,252.2,248.2,500.0,3,511.2
run_1789717422,rnd_task_002,robot_2,North,North,35.25,2,1,0.46,4,1,0.06,0.08,7,53,0.092,121,552.78,548.78,500.0,6,911.5
run_1789717422,rnd_task_003,robot_3,South,North,0.49,0,2,0.46,4,2,0.14,0.01,5,41,0.085,93,429.26,425.26,500.0,4,728.2
run_1789717422,rnd_task_004,robot_4,North,North,30.2,2,1,0.46,4,1,0.12,0.11,5,41,0.085,88,512.98,508.98,500.0,5,749.8
run_1789717422,rnd_task_005,robot_1,North,South,50.67,4,2,0.46,4,2,0.01,0.31,8,42,0.078,77,523.02,519.02,500.0,6,795.6
run_1789717422,rnd_task_006,robot_3,North,South,65.89,4,2,0.46,4,2,0.05,0.23,6,35,0.087,50,368.28,364.28,500.0,6,623.6
run_1789717422,rnd_task_007,robot_4,South,North,66.35,4,2,0.46,4,2,0.04,0.15,10,59,0.091,98,685.5,681.5,500.0,7,983.62
run_1789717422,rnd_task_008,robot_2,North,South,6.0,0,2,0.46,4,2,0.07,0.1,7,45,0.084,84,398.26,394.26,500.0,5,766.4
run_1789717422,rnd_task_009,robot_1,North,Central,64.69,4,2,0.46,4,2,0.04,0.13,6,37,0.087,49,412.7,408.7,500.0,6,623.24
run_1789717422,rnd_task_010,robot_3,Central,North,100.1,4,2,0.46,4,2,0.05,0.36,7,46,0.094,50,281.88,277.88,500.0,6,723.4
run_1789717422,rnd_task_011,robot_2,South,North,73.22,4,2,0.46,4,2,0.0,0.18,8,38,0.077,21,327.46,323.46,500.0,7,753.24
run_1789717422,rnd_task_012,robot_4,Central,North,31.22,2,0,0.46,4,2,0.06,0.03,8,37,0.099,21,369.96,365.96,500.0,5,583.2
run_1789717422,rnd_task_013,robot_1,North,South,43.19,4,2,0.46,4,2,0.05,0.0,6,36,0.075,40,479.8,475.8,500.0,6,692.14
run_1789717422,rnd_task_014,robot_3,North,North,53.01,2,1,0.46,4,1,0.01,0.0,6,31,0.066,50,308.12,304.12,500.0,6,671.4
run_1789717422,rnd_task_015,robot_4,South,North,82.81,4,2,0.46,4,2,0.04,0.19,11,88,0.106,107,865.74,861.74,500.0,8,1285.4
run_1789717422,rnd_task_016,robot_2,North,South,59.88,4,2,0.46,4,2,0.09,0.17,6,47,0.109,78,502.18,498.18,500.0,5,661.0
run_1789717422,rnd_task_017,robot_1,South,North,97.33,4,2,0.46,4,2,0.09,0.04,7,59,0.104,70,392.84,388.84,500.0,6,861.8
run_1789717422,rnd_task_018,robot_3,Central,South,57.08,2,1,0.46,4,2,0.02,0.0,5,47,0.107,55,290.04,286.04,500.0,4,616.92
run_1789717422,rnd_task_019,robot_2,Central,Central,78.22,4,2,0.46,4,1,0.0,0.0,6,40,0.111,29,157.36,153.36,500.0,4,521.4
run_1789717422,rnd_task_020,robot_3,South,South,22.15,2,0,0.46,4,1,0.0,0.18,7,35,0.163,18,59.7,55.7,500.0,3,306.0
run_1789719517,rnd_task_001,robot_1,North,North,29.43,2,1,0.46,4,1,0.02,0.0,5,35,0.088,70,470.52,466.52,500.0,4,615.2
run_1789719517,rnd_task_002,robot_4,North,South,0.49,0,2,0.46,4,2,0.07,0.1,9,64,0.089,117,670.02,666.02,500.0,8,1124.72
run_1789719517,rnd_task_003,robot_2,South,Central,79.61,4,2,0.46,4,2,0.02,0.0,4,21,0.071,57,236.92,232.92,500.0,3,422.8
run_1789719517,rnd_task_004,robot_3,North,South,60.51,4,2,0.46,4,2,0.04,0.19,7,47,0.085,93,695.26,691.26,500.0,6,850.8
run_1789719517,rnd_task_005,robot_2,Central,North,48.55,2,1,0.46,4,2,0.02,0.0,5,21,0.091,23,108.66,104.66,500.0,4,306.6
run_1789719517,rnd_task_006,robot_1,North,Central,34.8,2,1,0.46,4,2,0.0,0.18,4,18,0.068,42,211.68,207.68,500.0,5,351.4
run_1789719517,rnd_task_007,robot_2,South,Central,80.3,4,2,0.46,4,2,0.13,0.0,6,39,0.083,97,453.42,449.42,500.0,6,696.6
run_1789719517,rnd_task_008,robot_3,North,South,0.85,0,2,0.46,4,2,0.03,0.04,8,49,0.083,100,621.74,617.74,500.0,6,894.3
run_1789719517,rnd_task_009,robot_1,North,Central,53.26,2,1,0.46,4,2,0.03,0.23,8,59,0.1,92,384.58,380.58,500.0,6,898.8
run_1789719517,rnd_task_010,robot_4,North,North,0.67,0,1,0.46,4,1,0.16,0.11,8,60,0.103,86,536.02,532.02,500.0,7,896.68
run_1789719517,rnd_task_011,robot_2,South,South,0.51,0,0,0.46,4,1,0.0,0.18,5,30,0.11,16,185.84,181.84,500.0,4,380.6
run_1789719517,rnd_task_012,robot_3,South,North,47.09,4,2,0.46,4,2,0.03,0.2,8,53,0.126,45,484.02,480.02,500.0,7,637.2
run_1789719517,rnd_task_013,robot_1,North,North,30.7,2,1,0.46,4,1,0.0,0.18,4,25,0.096,28,166.18,162.18,500.0,4,354.56
run_1789719517,rnd_task_014,robot_2,North,North,9.66,2,0,0.46,4,1,0.03,0.01,9,49,0.123,45,418.78,414.78,500.0,6,620.4
run_1789719517,rnd_task_015,robot_4,Central,North,31.22,2,0,0.46,4,2,0.07,0.25,7,42,0.125,45,365.5,361.5,500.0,6,511.2
run_1789719517,rnd_task_016,robot_1,South,Central,28.02,2,0,0.46,4,2,0.06,0.08,9,65,0.132,47,444.86,440.86,500.0,7,727.0
run_1789719517,rnd_task_017,robot_3,North,North,13.2,2,0,0.46,4,1,0.0,0.18,4,30,0.189,0,68.4,64.4,500.0,4,221.8
run_1789719517,rnd_task_018,robot_2,North,Central,22.67,2,0,0.46,4,2,0.08,0.11,5,30,0.126,30,190.52,186.52,500.0,4,366.4
run_1789719517,rnd_task_020,robot_3,North,South,67.38,4,2,0.46,4,2,0.06,0.0,6,30,0.07,57,408.88,404.88,500.0,3,656.2
run_1789719517,rnd_task_021,robot_2,North,Central,87.28,4,2,0.46,4,2,0.09,0.02,5,23,0.089,27,124.04,120.04,500.0,2,382.4
run_1789718463,rnd_task_001,robot_4,North,North,22.26,2,1,0.46,4,1,0.09,0.09,4,29,0.084,71,354.2,350.2,500.0,4,546.6
run_1789718463,rnd_task_002,robot_3,South,North,0.67,0,2,0.46,4,2,0.11,0.06,6,41,0.076,81,418.92,414.92,500.0,6,759.2
run_1789718463,rnd_task_003,robot_1,Central,Central,42.28,2,0,0.46,4,1,0.07,0.12,3,23,0.078,61,256.68,252.68,500.0,3,410.26
run_1789718463,rnd_task_004,robot_2,Central,South,69.97,4,2,0.46,4,2,0.02,0.01,5,34,0.083,72,495.7,491.7,500.0,5,652.0
run_1789718463,rnd_task_005,robot_1,North,Central,81.91,4,2,0.46,4,2,0.06,0.05,7,44,0.059,204,676.08,672.08,500.0,8,1147.58
run_1789718463,rnd_task_006,robot_4,North,North,35.25,2,1,0.46,4,1,0.08,0.17,5,36,0.078,138,324.7,320.7,500.0,5,696.0
run_1789718463,rnd_task_007,robot_2,North,South,68.9,4,2,0.46,4,2,0.05,0.12,5,36,0.062,188,695.56,691.56,500.0,6,897.88
run_1789718463,rnd_task_008,robot_3,North,North,0.85,0,1,0.46,4,1,0.1,0.0,3,24,0.068,128,237.22,233.22,500.0,3,473.4
run_1789718463,rnd_task_009,robot_4,North,South,66.1,4,2,0.46,4,2,0.05,0.0,6,47,0.084,106,623.22,619.22,500.0,5,854.0
run_1789718463,rnd_task_010,robot_3,South,North,48.14,4,2,0.46,4,2,0.02,0.04,5,47,0.079,106,634.36,630.36,500.0,6,881.6
run_1789718463,rnd_task_011,robot_1,South,North,6.0,1,2,0.46,4,2,0.03,0.0,6,48,0.109,51,370.78,366.78,500.0,6,661.2
run_1789718463,rnd_task_012,robot_2,Central,South,0.85,0,2,0.46,4,2,0.03,0.0,5,43,0.105,50,369.88,365.88,500.0,5,607.4
run_1789718463,rnd_task_013,robot_4,North,North,21.6,2,0,0.46,4,1,0.0,0.18,6,30,0.078,1,452.06,448.06,500.0,6,540.8
run_1789718463,rnd_task_014,robot_3,South,North,79.73,4,2,0.46,4,2,0.01,0.46,11,71,0.099,13,712.68,708.68,500.0,9,1107.0
run_1789718463,rnd_task_015,robot_2,Central,North,85.1,4,2,0.46,4,2,0.0,0.18,8,42,0.094,13,337.98,333.98,500.0,5,659.62
run_1789718463,rnd_task_016,robot_1,South,South,47.38,2,1,0.46,4,1,0.0,0.46,8,52,0.097,12,397.14,393.14,500.0,5,827.0
run_1789718463,rnd_task_017,robot_4,North,North,8.95,2,0,0.46,4,1,0.0,0.18,6,25,0.071,12,203.82,199.82,500.0,5,476.86
run_1789718463,rnd_task_018,robot_2,Central,South,73.25,4,2,0.46,4,2,0.0,0.18,5,23,0.099,0,219.04,215.04,500.0,5,344.8
run_1789718463,rnd_task_019,robot_1,North,North,37.05,2,1,0.46,4,1,0.06,0.2,5,30,0.068,81,402.46,398.46,500.0,4,672.8
run_1789718463,rnd_task_020,robot_4,Central,Central,98.97,4,2,0.46,4,1,0.02,0.16,5,25,0.072,40,230.8,226.8,500.0,3,528.4
run_1789296146,rnd_task_001,robot_1,South,South,24.94,2,0,0.46,4,1,0.03,0.01,3,34,0.09,64,257.9,253.9,500.0,3,513.28
run_1789296146,rnd_task_002,robot_2,North,North,35.25,2,1,0.46,4,1,0.08,0.12,7,64,0.114,97,544.26,540.26,500.0,6,891.2
run_1789296146,rnd_task_003,robot_3,South,North,85.6,4,2,0.46,4,2,0.06,0.13,5,47,0.094,64,437.84,433.84,500.0,4,725.26
run_1789296146,rnd_task_004,robot_4,North,North,30.2,2,1,0.46,4,1,0.02,0.29,5,47,0.102,46,483.58,479.58,500.0,5,723.36
run_1789296146,rnd_task_005,robot_1,North,South,50.67,4,2,0.46,4,2,0.03,0.29,8,49,0.087,59,550.12,546.12,500.0,6,808.6
run_1789296146,rnd_task_006,robot_3,North,South,6.03,0,2,0.46,4,2,0.02,0.27,6,41,0.101,42,390.28,386.28,500.0,6,632.72
run_1789296146,rnd_task_007,robot_4,South,North,66.35,4,2,0.46,4,2,0.06,0.19,10,66,0.098,132,735.92,731.92,500.0,7,1039.2
run_1789296146,rnd_task_008,robot_2,North,South,91.22,4,2,0.46,4,2,0.09,0.08,6,36,0.065,115,392.08,388.08,500.0,5,765.38
run_1789296146,rnd_task_009,robot_1,North,Central,64.69,4,2,0.46,4,2,0.05,0.04,6,41,0.094,93,424.58,420.58,500.0,6,637.8
run_1789296146,rnd_task_010,robot_3,Central,North,100.1,4,2,0.46,4,2,0.06,0.24,8,48,0.088,105,361.36,357.36,500.0,6,815.2
run_1789296146,rnd_task_011,robot_2,South,North,6.0,1,2,0.46,4,2,0.0,0.18,8,48,0.096,36,352.92,348.92,500.0,6,771.92
run_1789296146,rnd_task_012,robot_4,Central,North,6.11,1,2,0.46,4,2,0.03,0.13,6,31,0.08,36,385.5,381.5,500.0,5,597.12
run_1789296146,rnd_task_013,robot_1,North,South,43.19,4,2,0.46,4,2,0.04,0.06,6,31,0.063,37,499.8,495.8,500.0,6,703.0
run_1789296146,rnd_task_014,robot_3,North,North,53.01,2,1,0.46,4,1,0.01,0.24,7,36,0.078,17,310.86,306.86,500.0,6,666.0
run_1789296146,rnd_task_015,robot_2,South,North,6.24,1,2,0.46,4,2,0.03,0.0,10,58,0.081,65,738.52,734.52,500.0,6,1109.82
run_1789296146,rnd_task_016,robot_4,North,South,59.88,4,2,0.46,4,2,0.02,0.01,7,42,0.084,39,530.9,526.9,500.0,5,758.4
run_1789296146,rnd_task_017,robot_1,South,North,97.33,4,2,0.46,4,2,0.02,0.0,8,52,0.091,62,418.02,414.02,500.0,5,860.18
run_1789296146,rnd_task_018,robot_3,Central,South,57.08,2,1,0.46,4,2,0.04,0.13,6,35,0.075,62,350.72,346.72,500.0,4,666.4
run_1789296146,rnd_task_019,robot_4,Central,Central,78.22,4,2,0.46,4,1,0.0,0.18,6,35,0.098,19,170.04,166.04,500.0,4,512.8
run_1789296146,rnd_task_021,robot_3,South,Central,22.65,2,0,0.46,4,2,0.0,0.18,8,33,0.08,50,203.64,199.64,500.0,1,597.2
run_1789297281,rnd_task_001,robot_4,North,North,22.26,2,1,0.46,4,1,0.0,0.0,4,35,0.092,50,365.9,361.9,500.0,4,562.6
run_1789297281,rnd_task_002,robot_3,South,North,52.36,4,2,0.46,4,2,0.1,0.03,6,47,0.089,53,429.66,425.66,500.0,6,763.82
run_1789297281,rnd_task_003,robot_1,Central,Central,42.28,2,0,0.46,4,1,0.08,0.09,3,23,0.078,34,256.16,252.16,500.0,3,411.7
run_1789297281,rnd_task_004,robot_2,Central,South,69.97,4,2,0.46,4,2,0.03,0.0,5,41,0.102,34,475.64,471.64,500.0,5,648.8
run_1789297281,rnd_task_005,robot_1,North,Central,81.91,4,2,0.46,4,2,0.05,0.07,7,55,0.075,138,678.94,674.94,500.0,6,1145.56
run_1789297281,rnd_task_006,robot_4,North,North,35.25,2,1,0.46,4,1,0.06,0.08,5,36,0.073,84,372.8,368.8,500.0,5,736.0
run_1789297281,rnd_task_007,robot_2,North,South,0.67,0,2,0.46,4,2,0.07,0.11,5,37,0.059,122,708.04,704.04,500.0,4,908.84
run_1789297281,rnd_task_008,robot_3,North,North,29.54,2,1,0.46,4,1,0.06,0.0,3,24,0.068,80,228.86,224.86,500.0,3,471.0
run_1789368295,rnd_task_001,robot_1,South,South,24.94,2,0,0.46,4,1,0.07,0.0,3,28,0.069,78,252.0,248.0,500.0,0,521.2
run_1789872469,rnd_task_001,robot_1,Central,Central,117.94,4,2,0.46,4,1,0.05,0.1,7,51,0.105,83,344.86,340.86,500.0,5,741.74
run_1789872469,rnd_task_002,robot_2,South,Central,26.24,2,0,0.46,4,2,0.14,0.02,3,23,0.063,56,215.08,211.08,500.0,3,442.8
run_1789872469,rnd_task_003,robot_4,North,South,70.67,4,2,0.46,4,2,0.05,0.06,10,81,0.136,90,648.56,644.56,500.0,7,939.4
run_1789872469,rnd_task_004,robot_3,Central,North,81.89,4,2,0.46,4,2,0.03,0.18,4,29,0.078,61,367.96,363.96,500.0,4,591.0
run_1789872469,rnd_task_005,robot_2,North,South,60.62,4,2,0.46,4,2,0.03,0.0,7,58,0.147,41,364.36,360.36,500.0,7,544.2
run_1789872469,rnd_task_006,robot_3,Central,Central,40.5,2,0,0.46,4,1,0.0,0.18,3,19,0.151,0,87.04,83.04,500.0,4,185.1
run_1789872469,rnd_task_007,robot_1,Central,Central,75.66,2,1,0.46,4,1,0.0,0.18,8,49,0.127,81,169.38,165.38,500.0,6,581.5
run_1789872469,rnd_task_008,robot_3,South,North,60.51,4,2,0.46,4,2,0.1,0.24,8,67,0.122,119,690.84,686.84,500.0,7,866.2
run_1789872469,rnd_task_009,robot_4,North,South,67.79,4,2,0.46,4,2,0.07,0.15,6,38,0.074,91,428.78,424.78,500.0,5,704.2
run_1789872469,rnd_task_010,robot_2,South,North,63.56,4,2,0.46,4,2,0.08,0.08,7,38,0.083,90,407.46,403.46,500.0,6,702.8
run_1789872469,rnd_task_011,robot_1,North,North,27.4,2,1,0.46,4,1,0.16,0.13,4,25,0.077,62,214.6,210.6,500.0,6,494.0
run_1789872469,rnd_task_012,robot_4,North,North,0.91,0,0,0.46,4,1,0.07,0.32,5,29,0.112,43,247.46,243.46,500.0,6,358.4
run_1789872469,rnd_task_013,robot_3,North,Central,0.97,0,2,0.46,4,2,0.21,0.21,6,29,0.144,43,222.98,218.98,500.0,5,333.4
run_1789872469,rnd_task_014,robot_2,Central,North,66.97,4,2,0.46,4,2,0.04,0.03,7,36,0.103,43,315.34,311.34,500.0,6,522.18
run_1789872469,rnd_task_015,robot_1,North,North,43.06,2,1,0.46,4,1,0.0,0.18,8,53,0.129,20,263.56,259.56,500.0,7,620.0
run_1789872469,rnd_task_016,robot_4,Central,South,77.09,4,2,0.46,4,2,0.02,0.09,5,29,0.119,1,225.12,221.12,500.0,4,370.6
run_1789872469,rnd_task_017,robot_3,South,South,8.95,2,0,0.46,4,1,0.01,0.27,7,43,0.123,1,260.3,256.3,500.0,5,472.16
run_1789872469,rnd_task_018,robot_2,North,North,18.99,2,0,0.46,4,1,0.0,0.18,7,66,0.145,20,396.68,392.68,500.0,5,718.4
run_1789872469,rnd_task_019,robot_4,South,Central,82.71,4,2,0.46,4,2,0.0,0.18,4,32,0.103,19,197.02,193.02,500.0,4,467.2
run_1789872469,rnd_task_021,robot_3,South,Central,67.77,4,2,0.46,4,2,0.05,0.0,3,16,0.084,19,219.52,215.52,500.0,2,262.0
run_1789836711,rnd_task_001,robot_4,South,South,47.87,2,1,0.46,4,1,0.02,0.0,5,47,0.103,98,279.78,275.78,500.0,5,663.4
run_1789836711,rnd_task_002,robot_3,South,North,64.8,4,2,0.46,4,2,0.09,0.16,5,47,0.114,98,365.58,361.58,500.0,4,614.52
run_1789836711,rnd_task_003,robot_1,South,South,0.85,0,0,0.46,4,1,0.13,0.04,4,35,0.133,74,207.86,203.86,500.0,3,360.4
run_1789836711,rnd_task_004,robot_2,North,South,70.42,4,2,0.46,4,2,0.06,0.04,9,69,0.114,115,745.26,741.26,500.0,6,980.8
run_1789836711,rnd_task_005,robot_1,North,Central,0.67,0,2,0.46,4,2,0.05,0.0,7,54,0.094,44,486.42,482.42,500.0,8,869.6
run_1789836711,rnd_task_006,robot_3,Central,North,0.85,0,2,0.46,4,2,0.01,0.0,6,27,0.09,24,256.76,252.76,500.0,5,424.4
run_1789836711,rnd_task_007,robot_4,North,Central,76.18,4,2,0.46,4,2,0.01,0.26,5,36,0.099,24,348.02,344.02,500.0,5,524.2
run_1789836711,rnd_task_008,robot_2,North,North,24.38,2,0,0.46,4,1,0.0,0.18,8,50,0.109,17,493.5,489.5,500.0,8,736.68
run_1789836711,rnd_task_009,robot_3,North,Central,0.67,0,2,0.46,4,2,0.0,0.18,8,37,0.097,17,358.78,354.78,500.0,6,598.8
run_1789836711,rnd_task_010,robot_4,South,South,14.5,2,0,0.46,4,1,0.07,0.0,4,23,0.073,16,228.74,224.74,500.0,4,410.4
run_1789836711,rnd_task_011,robot_1,North,Central,42.64,2,1,0.46,4,2,0.0,0.18,5,31,0.067,45,278.02,274.02,500.0,6,688.4
run_1789836711,rnd_task_012,robot_4,North,Central,42.89,2,1,0.46,4,2,0.11,0.07,7,37,0.06,68,651.54,647.54,500.0,9,969.2
run_1789836711,rnd_task_013,robot_3,Central,North,38.97,2,0,0.46,4,2,0.04,0.13,4,24,0.065,43,265.08,261.08,500.0,5,582.8
run_1789836711,rnd_task_014,robot_2,South,North,64.69,4,2,0.46,4,2,0.15,0.03,4,29,0.046,59,421.66,417.66,500.0,6,790.0
run_1789836711,rnd_task_015,robot_1,Central,Central,44.32,2,0,0.46,4,1,0.0,0.18,2,17,0.065,15,159.3,155.3,500.0,4,397.0
run_1789836711,rnd_task_016,robot_3,North,South,61.52,4,2,0.46,4,2,0.06,0.26,8,36,0.079,67,437.86,433.86,500.0,7,738.6
run_1789836711,rnd_task_017,robot_1,North,North,27.9,2,1,0.46,4,1,0.04,0.07,4,24,0.069,61,189.18,185.18,500.0,5,490.4
run_1789836711,rnd_task_018,robot_2,South,Central,75.41,4,2,0.46,4,2,0.12,0.03,5,25,0.076,47,264.76,260.76,500.0,5,472.8
run_1789836711,rnd_task_019,robot_4,South,North,58.25,4,2,0.46,4,2,0.07,0.0,7,43,0.076,104,576.16,572.16,500.0,4,863.0
run_1789836711,rnd_task_020,robot_1,North,South,67.11,4,2,0.46,4,2,0.05,0.0,6,35,0.08,66,407.36,403.36,500.0,3,647.2
run_1789843898,rnd_task_001,robot_4,Central,Central,35.93,2,0,0.46,4,1,0.05,0.0,4,28,0.085,94,252.04,248.04,500.0,3,472.4
run_1789843898,rnd_task_002,robot_3,North,South,85.84,4,2,0.46,4,2,0.07,0.0,11,88,0.115,161,748.34,744.34,500.0,8,1187.4
run_1789843898,rnd_task_003,robot_1,North,North,39.48,2,1,0.46,4,1,0.11,0.02,9,71,0.115,145,655.44,651.44,500.0,6,974.0
run_1789843898,rnd_task_004,robot_2,South,North,58.82,4,2,0.46,4,2,0.05,0.0,7,45,0.098,103,365.02,361.02,500.0,4,656.2
run_1789843898,rnd_task_005,robot_4,South,Central,40.5,2,0,0.46,4,2,0.01,0.0,5,30,0.112,23,141.92,137.92,500.0,4,373.6
run_1789843898,rnd_task_006,robot_2,North,North,40.78,2,1,0.46,4,1,0.06,0.08,7,43,0.111,58,314.92,310.92,500.0,7,575.74
run_1789843898,rnd_task_007,robot_4,Central,North,31.22,2,0,0.46,4,2,0.07,0.0,4,25,0.124,44,191.4,187.4,500.0,4,291.0
run_1789843898,rnd_task_008,robot_1,South,North,0.51,0,2,0.46,4,2,0.07,0.1,7,55,0.086,133,574.12,570.12,500.0,8,997.4
run_1789843898,rnd_task_009,robot_4,South,Central,78.64,4,2,0.46,4,2,0.11,0.01,6,36,0.085,56,462.88,458.88,500.0,6,662.08
run_1789843898,rnd_task_010,robot_3,Central,Central,35.93,2,0,0.46,4,1,0.0,0.18,5,31,0.083,27,210.04,206.04,500.0,4,531.66
run_1789843898,rnd_task_011,robot_2,North,South,79.48,4,2,0.46,4,2,0.14,0.0,8,53,0.093,120,514.64,510.64,500.0,6,860.98
run_1789843898,rnd_task_012,robot_3,North,Central,94.56,4,2,0.46,4,2,0.0,0.18,4,22,0.071,91,168.56,164.56,500.0,5,393.8
run_1789843898,rnd_task_013,robot_4,North,North,48.12,2,1,0.46,4,1,0.09,0.09,6,34,0.069,99,325.02,321.02,500.0,7,722.0
run_1789843898,rnd_task_014,robot_1,South,South,25.89,2,1,0.46,4,1,0.04,0.18,5,28,0.087,51,359.86,355.86,500.0,5,505.56
run_1789843898,rnd_task_015,robot_3,North,South,58.47,4,2,0.46,4,2,0.06,0.06,7,36,0.083,83,461.44,457.44,500.0,5,626.2
run_1789843898,rnd_task_016,robot_2,North,Central,86.96,4,2,0.46,4,2,0.08,0.01,6,37,0.085,83,354.28,350.28,500.0,7,680.0
run_1789843898,rnd_task_017,robot_1,North,North,42.81,2,1,0.46,4,1,0.03,0.05,8,60,0.098,59,610.98,606.98,500.0,6,942.4
run_1789843898,rnd_task_018,robot_4,North,North,16.53,2,0,0.46,4,1,0.0,0.18,4,23,0.126,35,102.42,98.42,500.0,4,269.24
run_1789843898,rnd_task_019,robot_3,South,North,83.55,4,2,0.46,4,2,0.0,0.18,7,38,0.077,24,438.24,434.24,500.0,4,730.0
run_1789843898,rnd_task_020,robot_4,South,North,0.99,0,2,0.46,4,2,0.02,0.0,7,44,0.069,56,627.26,623.26,500.0,3,954.76
run_1789867616,rnd_task_001,robot_4,Central,Central,75.93,4,2,0.46,4,1,0.27,0.09,3,15,0.053,118,306.16,302.16,500.0,3,413.6
run_1789867616,rnd_task_002,robot_3,North,South,0.85,0,2,0.46,4,2,0.13,0.08,5,35,0.068,128,491.6,487.6,500.0,5,761.3
run_1789867616,rnd_task_003,robot_2,Central,Central,46.26,2,1,0.46,4,1,0.17,0.14,3,18,0.051,124,311.62,307.62,500.0,4,511.6
run_1789867616,rnd_task_004,robot_1,North,South,70.2,4,2,0.46,4,2,0.06,0.08,7,52,0.079,138,866.44,862.44,500.0,7,1060.0
run_1789867616,rnd_task_005,robot_4,South,Central,0.85,0,2,0.46,4,2,0.05,0.33,7,37,0.077,30,457.24,453.24,500.0,7,701.4
run_1789867616,rnd_task_006,robot_2,Central,South,39.86,2,1,0.46,4,2,0.0,0.18,4,23,0.099,4,133.46,129.46,500.0,4,324.4
run_1789867616,rnd_task_007,robot_3,North,North,13.76,2,0,0.46,4,1,0.06,0.02,7,40,0.089,35,502.34,498.34,500.0,6,649.8
run_1789867616,rnd_task_008,robot_2,Central,South,80.61,4,2,0.46,4,2,0.04,0.32,7,48,0.103,34,272.7,268.7,500.0,6,697.2
run_1789867616,rnd_task_009,robot_1,South,North,70.67,4,2,0.46,4,2,0.03,0.0,6,44,0.082,41,371.12,367.12,500.0,7,826.4
run_1789867616,rnd_task_010,robot_4,South,North,6.24,1,2,0.46,4,2,0.04,0.08,6,43,0.091,41,411.8,407.8,500.0,5,703.6
run_1789867616,rnd_task_011,robot_3,South,North,0.85,0,2,0.46,4,2,0.08,0.01,5,30,0.057,40,608.14,604.14,500.0,7,808.4
run_1789867616,rnd_task_012,robot_2,South,North,64.29,4,2,0.46,4,2,0.0,0.18,1,7,0.023,34,237.2,233.2,500.0,5,435.6
run_1789867616,rnd_task_013,robot_4,North,North,24.31,2,1,0.46,4,1,0.01,0.0,3,18,0.036,29,349.48,345.48,500.0,6,659.2
run_1789867616,rnd_task_014,robot_1,South,North,47.9,4,2,0.46,4,2,0.01,0.0,7,40,0.062,43,625.98,621.98,500.0,8,964.0
run_1789867616,rnd_task_015,robot_2,South,North,63.19,4,2,0.46,4,2,0.04,0.0,3,18,0.055,22,433.54,429.54,500.0,5,547.4
run_1789867616,rnd_task_016,robot_3,North,Central,38.46,2,0,0.46,4,2,0.03,0.2,4,19,0.049,19,218.0,214.0,500.0,5,487.0
run_1789867616,rnd_task_017,robot_4,Central,North,0.67,0,2,0.46,4,2,0.07,0.1,9,47,0.088,108,470.24,466.24,500.0,6,815.0
run_1789867616,rnd_task_018,robot_2,South,North,56.78,4,2,0.46,4,2,0.01,0.0,10,64,0.088,136,878.14,874.14,500.0,5,1136.0
run_1789867616,rnd_task_019,robot_3,South,North,70.31,4,2,0.46,4,2,0.0,0.18,7,42,0.087,97,388.72,384.72,500.0,4,711.4
run_1789867616,rnd_task_020,robot_1,North,South,74.11,4,2,0.46,4,2,0.16,0.24,8,54,0.086,123,452.04,448.04,500.0,3,905.34
run_1789870484,rnd_task_001,robot_1,Central,South,91.96,4,2,0.46,4,2,0.01,0.0,6,34,0.051,75,544.72,540.72,500.0,6,972.6
run_1789870484,rnd_task_002,robot_4,Central,South,82.64,4,2,0.46,4,2,0.13,0.13,3,17,0.041,49,389.98,385.98,500.0,4,635.2
run_1789870484,rnd_task_003,robot_3,North,North,26.1,2,1,0.46,4,1,0.24,0.04,4,23,0.051,56,478.9,474.9,500.0,5,711.88
run_1789870484,rnd_task_004,robot_2,North,North,20.51,2,1,0.46,4,1,0.18,0.09,3,17,0.045,20,389.24,385.24,500.0,3,533.26
run_1789870484,rnd_task_005,robot_2,Central,North,60.62,4,2,0.46,4,2,0.07,0.01,6,29,0.072,62,390.04,386.04,500.0,6,580.0
run_1789870484,rnd_task_006,robot_4,North,South,63.33,4,2,0.46,4,2,0.05,0.06,8,53,0.083,77,701.66,697.66,500.0,7,1012.34
run_1789870484,rnd_task_007,robot_3,South,South,14.01,2,0,0.46,4,1,0.06,0.05,5,35,0.079,32,404.82,400.82,500.0,5,633.36
run_1789870484,rnd_task_008,robot_1,Central,South,55.29,2,1,0.46,4,2,0.03,0.0,7,43,0.075,75,288.74,284.74,500.0,6,851.02
run_1789870484,rnd_task_009,robot_2,South,North,0.96,0,2,0.46,4,2,0.06,0.11,8,44,0.078,60,529.22,525.22,500.0,7,869.6
run_1789870484,rnd_task_010,robot_3,Central,South,0.85,0,2,0.46,4,2,0.23,0.13,5,29,0.087,60,295.68,291.68,500.0,5,506.64
run_1789870484,rnd_task_011,robot_4,Central,South,98.31,4,2,0.46,4,2,0.02,0.46,10,61,0.081,123,551.12,547.12,500.0,9,1113.0
run_1789870484,rnd_task_012,robot_1,South,North,0.51,0,2,0.46,4,2,0.09,0.21,5,30,0.076,71,366.82,362.82,500.0,5,577.4
run_1789870484,rnd_task_013,robot_3,Central,Central,89.82,4,2,0.46,4,1,0.11,0.03,4,19,0.055,69,223.56,219.56,500.0,5,508.52
run_1789870484,rnd_task_014,robot_2,Central,North,88.69,4,2,0.46,4,2,0.07,0.25,5,28,0.07,95,327.0,323.0,500.0,5,571.4
run_1789870484,rnd_task_015,robot_1,Central,Central,89.82,4,2,0.46,4,1,0.05,0.28,5,29,0.096,48,286.52,282.52,500.0,6,477.56
run_1789870484,rnd_task_016,robot_3,South,South,58.31,2,1,0.46,4,1,0.03,0.46,6,41,0.104,43,164.42,160.42,500.0,6,579.42
run_1789870484,rnd_task_017,robot_2,North,South,68.63,4,2,0.46,4,2,0.0,0.18,7,43,0.098,30,353.76,349.76,500.0,6,693.2
run_1789870484,rnd_task_018,robot_4,South,North,78.18,4,2,0.46,4,2,0.0,0.18,8,47,0.099,20,289.6,285.6,500.0,5,706.6
run_1789870484,rnd_task_019,robot_1,Central,North,0.49,0,2,0.46,4,2,0.0,0.18,7,41,0.098,19,274.6,270.6,500.0,4,633.36
run_1789870484,rnd_task_020,robot_3,Central,North,0.67,0,2,0.46,4,2,0.0,0.18,6,30,0.093,18,207.26,203.26,500.0,3,452.4
run_1789864748,rnd_task_001,robot_1,North,North,21.24,2,1,0.46,4,1,0.05,0.0,4,36,0.119,33,338.06,334.06,500.0,3,472.2
run_1789864748,rnd_task_002,robot_2,South,Central,95.78,4,2,0.46,4,2,0.07,0.0,6,46,0.114,33,271.68,267.68,500.0,5,578.0
run_1789864748,rnd_task_003,robot_4,South,North,50.18,4,2,0.46,4,2,0.04,0.11,7,53,0.113,32,370.62,366.62,500.0,6,689.2
run_1789864748,rnd_task_004,robot_3,South,Central,72.0,4,2,0.46,4,2,0.06,0.15,5,41,0.136,31,288.62,284.62,500.0,4,472.2
run_1789864748,rnd_task_005,robot_1,North,Central,40.64,2,1,0.46,4,2,0.06,0.0,5,34,0.104,32,335.88,331.88,500.0,7,481.2
run_1789864748,rnd_task_006,robot_3,South,South,20.12,2,0,0.46,4,1,0.0,0.18,5,29,0.096,32,251.06,247.06,500.0,5,438.2
run_1789864748,rnd_task_007,robot_2,North,North,22.67,2,0,0.46,4,1,0.04,0.15,5,24,0.085,32,223.6,219.6,500.0,6,447.2
run_1789864748,rnd_task_008,robot_4,South,North,0.49,0,2,0.46,4,2,0.01,0.07,8,60,0.079,71,723.64,719.64,500.0,9,1108.4
run_1789864748,rnd_task_009,robot_3,North,North,12.88,2,0,0.46,4,1,0.03,0.1,6,35,0.081,34,393.8,389.8,500.0,6,663.2
run_1789864748,rnd_task_010,robot_1,North,South,74.8,4,2,0.46,4,2,0.01,0.0,6,35,0.084,34,349.1,345.1,500.0,5,646.4
run_1789864748,rnd_task_011,robot_2,North,South,88.69,4,2,0.46,4,2,0.0,0.0,6,34,0.091,34,299.16,295.16,500.0,3,547.84
run_1789864748,rnd_task_012,robot_2,North,South,0.67,0,2,0.46,4,2,0.08,0.01,12,61,0.082,81,659.98,655.98,500.0,10,1145.5
run_1789864748,rnd_task_013,robot_1,South,Central,95.04,4,2,0.46,4,2,0.21,0.01,9,44,0.066,81,500.18,496.18,500.0,6,993.2
run_1789864748,rnd_task_014,robot_3,North,North,27.65,2,1,0.46,4,1,0.02,0.24,6,27,0.075,14,215.7,211.7,500.0,4,531.8
run_1789864748,rnd_task_015,robot_4,Central,South,77.82,4,2,0.46,4,2,0.14,0.02,8,47,0.085,76,570.54,566.54,500.0,6,874.8
run_1789864748,rnd_task_016,robot_3,Central,Central,82.28,4,2,0.46,4,1,0.0,0.18,2,11,0.032,60,197.56,193.56,500.0,3,369.6
run_1789864748,rnd_task_017,robot_3,North,South,50.42,4,2,0.46,4,2,0.08,0.0,8,54,0.093,74,519.32,515.32,500.0,6,881.2
run_1789864748,rnd_task_018,robot_1,Central,South,0.49,0,2,0.46,4,2,0.01,0.22,5,29,0.109,16,184.36,180.36,500.0,5,404.4
run_1789864748,rnd_task_019,robot_4,South,North,55.48,4,2,0.46,4,2,0.1,0.01,6,31,0.085,23,324.04,320.04,500.0,4,518.84
run_1789864748,rnd_task_020,robot_2,South,South,41.68,2,1,0.46,4,1,0.01,0.15,5,25,0.064,36,216.86,212.86,500.0,3,564.6
run_1789837675,rnd_task_001,robot_4,Central,North,75.02,4,2,0.46,4,2,0.03,0.0,4,22,0.06,57,378.06,374.06,500.0,3,497.2
run_1789837675,rnd_task_002,robot_1,North,South,77.93,4,2,0.46,4,2,0.03,0.01,7,46,0.081,66,540.98,536.98,500.0,5,815.6
run_1789837675,rnd_task_003,robot_2,North,North,32.7,2,1,0.46,4,1,0.04,0.03,7,46,0.091,58,549.62,545.62,500.0,6,814.22
run_1789837675,rnd_task_004,robot_3,Central,North,0.49,0,2,0.46,4,2,0.03,0.0,8,53,0.085,64,506.94,502.94,500.0,7,961.4
run_1789837675,rnd_task_005,robot_4,North,North,7.84,2,0,0.46,4,1,0.0,0.18,2,8,0.05,3,30.4,26.4,500.0,3,161.4
run_1789837675,rnd_task_006,robot_4,South,North,55.65,4,2,0.46,4,2,0.07,0.34,6,47,0.084,34,600.04,596.04,500.0,6,835.0
run_1789837675,rnd_task_007,robot_1,North,South,0.85,0,2,0.46,4,2,0.05,0.05,9,54,0.074,91,587.3,583.3,500.0,8,1101.6
run_1789837675,rnd_task_008,robot_2,South,South,6.72,2,0,0.46,4,1,0.03,0.0,6,37,0.068,37,424.72,420.72,500.0,5,788.4
run_1789837675,rnd_task_009,robot_3,Central,South,43.71,2,1,0.46,4,2,0.02,0.0,5,35,0.077,29,351.66,347.66,500.0,5,702.8
run_1789837675,rnd_task_010,robot_4,Central,Central,60.49,2,1,0.46,4,1,0.0,0.0,6,36,0.102,64,273.0,269.0,500.0,6,567.48
run_1789837675,rnd_task_011,robot_2,North,South,89.91,4,2,0.46,4,2,0.07,0.1,10,72,0.091,112,733.26,729.26,500.0,8,1235.72
run_1789837675,rnd_task_012,robot_3,South,South,37.93,2,1,0.46,4,1,0.0,0.18,6,40,0.115,48,118.4,114.4,500.0,5,470.22
run_1789837675,rnd_task_013,robot_1,South,South,40.78,2,1,0.46,4,1,0.0,0.18,6,32,0.091,1,70.54,66.54,500.0,5,506.0
run_1789837675,rnd_task_014,robot_4,South,Central,61.16,2,1,0.46,4,2,0.01,0.0,9,52,0.091,57,289.68,285.68,500.0,6,853.2
run_1789837675,rnd_task_015,robot_3,Central,South,55.29,2,1,0.46,4,2,0.09,0.05,9,43,0.077,74,347.54,343.54,500.0,6,830.4
run_1789837675,rnd_task_016,robot_1,Central,South,81.12,4,2,0.46,4,2,0.1,0.01,7,46,0.097,129,505.78,501.78,500.0,5,743.66
run_1789837675,rnd_task_018,robot_2,Central,North,44.37,2,1,0.46,4,2,0.06,0.06,7,48,0.109,82,391.46,387.46,500.0,5,660.24
run_1789837675,rnd_task_019,robot_4,Central,North,0.85,0,2,0.46,4,2,0.04,0.22,5,31,0.1,81,170.66,166.66,500.0,3,399.62
run_1789837675,rnd_task_022,robot_4,North,North,16.95,2,0,0.46,4,1,0.13,0.21,3,24,0.074,92,223.08,219.08,500.0,2,457.4
run_1789837675,rnd_task_023,robot_2,North,North,8.36,2,0,0.46,4,1,0.16,0.15,2,12,0.095,53,83.2,79.2,500.0,1,190.18
run_1789831429,rnd_task_001,robot_1,North,South,81.52,4,2,0.46,4,2,0.03,0.0,5,47,0.069,91,647.62,643.62,500.0,5,1040.2
run_1789831429,rnd_task_002,robot_4,North,South,95.29,4,2,0.46,4,2,0.05,0.05,6,53,0.074,104,712.38,708.38,500.0,6,1109.6
run_1789831429,rnd_task_003,robot_2,South,North,0.61,0,2,0.46,4,2,0.01,0.0,4,30,0.061,23,382.0,378.0,500.0,3,691.4
run_1789831429,rnd_task_004,robot_3,Central,South,93.74,4,2,0.46,4,2,0.01,0.0,4,41,0.07,70,453.28,449.28,500.0,4,830.7
run_1789831429,rnd_task_005,robot_2,South,South,14.75,2,0,0.46,4,1,0.12,0.11,6,46,0.081,189,605.72,601.72,500.0,6,861.2
run_1789831429,rnd_task_006,robot_3,South,North,70.84,4,2,0.46,4,2,0.14,0.0,6,42,0.073,143,517.72,513.72,500.0,7,848.0
run_1789831429,rnd_task_007,robot_1,Central,North,30.81,2,0,0.46,4,2,0.05,0.0,5,36,0.087,142,397.02,393.02,500.0,5,668.14
run_1789831429,rnd_task_008,robot_4,North,South,49.38,4,2,0.46,4,2,0.14,0.1,6,37,0.053,200,665.46,661.46,500.0,6,1009.4
run_1789831429,rnd_task_009,robot_2,North,North,34.52,2,1,0.46,4,1,0.06,0.07,7,43,0.081,85,438.92,434.92,500.0,7,817.8
run_1789831429,rnd_task_010,robot_1,North,South,6.0,0,2,0.46,4,2,0.02,0.08,6,36,0.072,81,325.14,321.14,500.0,6,696.8
run_1789831429,rnd_task_011,robot_3,North,Central,82.16,4,2,0.46,4,2,0.05,0.01,4,23,0.063,81,277.8,273.8,500.0,4,540.22
run_1789831429,rnd_task_013,robot_4,North,North,16.78,2,0,0.46,4,1,0.01,0.1,7,46,0.117,21,428.72,424.72,500.0,6,579.2
run_1789831429,rnd_task_014,robot_3,North,Central,76.18,4,2,0.46,4,2,0.0,0.18,7,52,0.151,11,195.04,191.04,500.0,7,517.8
run_1789831429,rnd_task_015,robot_1,South,Central,6.0,0,2,0.46,4,2,0.0,0.18,9,71,0.136,36,393.26,389.26,500.0,6,810.4
run_1789831429,rnd_task_016,robot_2,North,North,18.99,2,0,0.46,4,1,0.0,0.31,6,34,0.155,11,196.04,192.04,500.0,4,323.4
run_1789831429,rnd_task_017,robot_4,North,South,77.45,4,2,0.46,4,2,0.0,0.18,7,39,0.103,39,319.0,315.0,500.0,6,604.6
run_1789831429,rnd_task_018,robot_2,South,North,58.33,4,2,0.46,4,2,0.03,0.0,7,38,0.088,39,434.14,430.14,500.0,5,635.2
run_1789831429,rnd_task_019,robot_3,North,North,21.89,2,0,0.46,4,1,0.03,0.29,5,25,0.081,25,235.64,231.64,500.0,3,394.2
run_1789831429,rnd_task_021,robot_1,Central,North,0.51,0,2,0.46,4,2,0.03,0.28,8,49,0.088,28,264.1,260.1,500.0,3,839.0
run_1789831429,rnd_task_023,robot_2,Central,North,62.65,4,2,0.46,4,2,0.04,0.46,6,37,0.104,14,316.62,312.62,500.0,1,518.0
run_1789863819,rnd_task_001,robot_4,North,North,43.8,2,1,0.46,4,1,0.21,0.1,9,64,0.102,209,606.92,602.92,500.0,6,978.6
run_1789863819,rnd_task_002,robot_3,North,North,12.43,2,0,0.46,4,1,0.64,0.08,3,22,0.081,190,322.2,318.2,500.0,3,443.2
run_1789863819,rnd_task_003,robot_2,North,Central,58.33,4,2,0.46,4,2,0.1,0.04,6,47,0.091,201,633.12,629.12,500.0,5,790.2
run_1789863819,rnd_task_004,robot_1,South,South,34.55,2,1,0.46,4,1,0.03,0.0,4,27,0.08,180,101.62,97.62,500.0,4,424.2
run_1789863819,rnd_task_005,robot_3,South,South,40.78,2,1,0.46,4,1,0.0,0.18,12,65,0.137,24,382.5,378.5,500.0,7,714.2
run_1789863819,rnd_task_006,robot_1,Central,North,90.97,4,2,0.46,4,2,0.02,0.0,8,39,0.095,18,327.36,323.36,500.0,5,611.98
run_1789863819,rnd_task_007,robot_2,South,Central,22.4,2,0,0.46,4,2,0.0,0.18,7,36,0.138,5,200.5,196.5,500.0,6,376.4
run_1789863819,rnd_task_008,robot_4,North,South,62.9,4,2,0.46,4,2,0.05,0.14,8,48,0.125,72,390.82,386.82,500.0,7,578.14
run_1789863819,rnd_task_009,robot_1,South,North,54.59,4,2,0.46,4,2,0.06,0.06,13,84,0.12,106,720.38,716.38,500.0,11,1100.34
run_1789863819,rnd_task_010,robot_3,South,South,15.23,2,0,0.46,4,1,0.0,0.18,4,14,0.062,56,83.0,79.0,500.0,4,258.4
run_1789863819,rnd_task_011,robot_2,Central,North,6.0,0,2,0.46,4,2,0.03,0.0,8,49,0.106,67,323.28,319.28,500.0,6,699.4
run_1789863819,rnd_task_012,robot_3,South,North,6.0,1,2,0.46,4,2,0.0,0.18,8,53,0.117,41,376.6,372.6,500.0,7,682.4
run_1789863819,rnd_task_013,robot_4,South,South,8.39,2,0,0.46,4,1,0.0,0.18,3,12,0.135,0,44.78,40.78,500.0,3,118.9
run_1789863819,rnd_task_014,robot_4,Central,Central,77.97,4,2,0.46,4,1,0.0,0.18,4,14,0.062,28,206.34,202.34,500.0,4,324.48
run_1789863819,rnd_task_015,robot_2,South,North,6.0,0,2,0.46,4,2,0.07,0.04,10,72,0.101,73,764.3,760.3,500.0,7,1113.8
run_1789863819,rnd_task_016,robot_4,Central,South,0.85,0,2,0.46,4,2,0.02,0.0,8,54,0.126,20,323.52,319.52,500.0,6,650.4
run_1789863819,rnd_task_017,robot_3,North,North,7.62,2,0,0.46,4,1,0.0,0.18,5,26,0.1,1,181.64,177.64,500.0,4,380.82
run_1789863819,rnd_task_018,robot_1,North,Central,53.74,2,1,0.46,4,2,0.0,0.18,7,47,0.127,20,191.2,187.2,500.0,4,551.8
run_1789863819,rnd_task_019,robot_3,North,South,63.43,4,2,0.46,4,2,0.05,0.0,5,40,0.094,38,340.58,336.58,500.0,4,594.12
run_1789863819,rnd_task_022,robot_2,North,North,8.95,2,0,0.46,4,1,0.0,0.18,4,24,0.119,1,87.4,83.4,500.0,1,269.8
run_1789849709,rnd_task_001,robot_4,South,North,6.0,0,2,0.46,4,2,0.11,0.27,6,40,0.091,98,342.32,338.32,500.0,4,614.2
run_1789849709,rnd_task_002,robot_3,South,South,28.67,2,1,0.46,4,1,0.19,0.08,4,28,0.103,87,271.78,267.78,500.0,3,386.8
run_1789849709,rnd_task_003,robot_2,South,North,77.84,4,2,0.46,4,2,0.1,0.07,7,47,0.109,107,405.12,401.12,500.0,6,697.4
run_1789849709,rnd_task_004,robot_1,South,North,62.9,4,2,0.46,4,2,0.08,0.07,6,40,0.108,89,270.42,266.42,500.0,4,556.4
run_1789849709,rnd_task_005,robot_3,North,South,53.2,4,2,0.46,4,2,0.01,0.0,8,43,0.086,42,483.48,479.48,500.0,7,742.6
run_1789849709,rnd_task_006,robot_4,North,North,26.86,2,1,0.46,4,1,0.04,0.0,5,20,0.077,31,171.7,167.7,500.0,4,387.66
run_1789849709,rnd_task_007,robot_1,South,North,81.38,4,2,0.46,4,2,0.01,0.0,10,53,0.102,45,356.88,352.88,500.0,6,784.8
run_1789849709,rnd_task_008,robot_2,North,South,59.24,4,2,0.46,4,2,0.04,0.0,9,53,0.118,27,439.5,435.5,500.0,6,712.8
run_1789849709,rnd_task_009,robot_4,North,Central,63.7,4,2,0.46,4,2,0.0,0.18,8,43,0.098,17,431.02,427.02,500.0,7,656.2
run_1789849709,rnd_task_010,robot_3,Central,South,80.5,4,2,0.46,4,2,0.03,0.08,5,30,0.107,14,241.24,237.24,500.0,5,393.2
run_1789849709,rnd_task_011,robot_1,South,Central,0.85,0,2,0.46,4,2,0.0,0.18,8,43,0.089,20,280.34,276.34,500.0,6,715.54
run_1789849709,rnd_task_012,robot_2,North,South,0.51,0,2,0.46,4,2,0.02,0.12,10,61,0.081,58,701.18,697.18,500.0,9,1156.6
run_1789849709,rnd_task_013,robot_3,North,Central,84.99,4,2,0.46,4,2,0.01,0.11,6,35,0.091,20,237.12,233.12,500.0,4,571.2
run_1789849709,rnd_task_014,robot_4,South,North,0.85,0,2,0.46,4,2,0.07,0.1,7,46,0.081,55,561.14,557.14,500.0,5,842.6
run_1789849709,rnd_task_015,robot_3,North,North,25.11,2,0,0.46,4,1,0.1,0.0,5,17,0.07,38,262.82,258.82,500.0,3,369.8
run_1789849709,rnd_task_016,robot_1,North,North,30.45,2,1,0.46,4,1,0.0,0.18,4,25,0.074,38,249.3,245.3,500.0,5,486.7
run_1789849709,rnd_task_017,robot_3,South,Central,90.72,4,2,0.46,4,2,0.0,0.18,8,36,0.075,55,459.48,455.48,500.0,4,689.72
run_1789849709,rnd_task_018,robot_4,Central,South,99.11,4,2,0.46,4,2,0.04,0.0,10,55,0.096,56,493.68,489.68,500.0,5,831.6
run_1789849709,rnd_task_020,robot_1,Central,North,72.73,4,2,0.46,4,2,0.08,0.02,5,27,0.074,55,370.2,366.2,500.0,2,566.8
run_1789849709,rnd_task_021,robot_1,North,South,72.88,4,2,0.46,4,2,0.06,0.05,7,36,0.099,86,313.06,309.06,500.0,1,524.6
run_1789835721,rnd_task_001,robot_4,North,North,25.3,2,1,0.46,4,1,0.16,0.0,5,28,0.057,328,479.06,475.06,500.0,3,775.2
run_1789835721,rnd_task_002,robot_3,South,North,59.63,4,2,0.46,4,2,0.26,0.07,5,28,0.053,328,666.3,662.3,500.0,4,792.52
run_1789835721,rnd_task_003,robot_2,North,Central,62.65,4,2,0.46,4,2,0.21,0.03,5,28,0.05,321,519.74,515.74,500.0,5,799.8
run_1789835721,rnd_task_004,robot_1,North,South,0.67,0,2,0.46,4,2,0.2,0.04,8,53,0.067,329,919.3,915.3,500.0,6,1167.6
run_1789835721,rnd_task_005,robot_4,Central,Central,0.67,0,1,0.46,4,1,0.04,0.3,7,48,0.093,38,414.88,410.88,500.0,7,771.6
run_1789835721,rnd_task_006,robot_3,Central,Central,65.23,2,1,0.46,4,1,0.04,0.0,6,37,0.09,17,288.88,284.88,500.0,5,620.6
run_1789835721,rnd_task_007,robot_2,North,Central,34.25,2,1,0.46,4,2,0.03,0.0,6,49,0.101,38,379.04,375.04,500.0,6,751.0
run_1789835721,rnd_task_008,robot_1,North,North,29.18,2,0,0.46,4,1,0.05,0.13,5,29,0.094,40,309.2,305.2,500.0,6,447.18
run_1789835721,rnd_task_009,robot_3,North,Central,95.78,4,2,0.46,4,2,0.01,0.46,6,35,0.085,93,217.38,213.38,500.0,6,588.8
run_1789835721,rnd_task_010,robot_4,South,Central,29.01,2,0,0.46,4,2,0.04,0.09,7,43,0.072,96,446.66,442.66,500.0,7,884.2
run_1789835721,rnd_task_011,robot_2,North,Central,59.63,4,2,0.46,4,2,0.1,0.17,7,36,0.096,73,364.12,360.12,500.0,5,562.38
run_1789835721,rnd_task_012,robot_1,South,North,76.04,4,2,0.46,4,2,0.02,0.11,9,49,0.079,90,660.78,656.78,500.0,7,991.0
run_1789835721,rnd_task_013,robot_3,North,South,59.97,4,2,0.46,4,2,0.0,0.18,5,31,0.08,44,391.66,387.66,500.0,5,598.6
run_1789835721,rnd_task_014,robot_2,North,Central,65.44,4,2,0.46,4,2,0.03,0.0,3,18,0.055,44,314.08,310.08,500.0,6,506.4
run_1789835721,rnd_task_015,robot_4,South,South,11.19,2,0,0.46,4,1,0.0,0.18,3,17,0.07,22,193.8,189.8,500.0,6,284.26
run_1789835721,rnd_task_016,robot_3,South,Central,0.99,0,2,0.46,4,2,0.0,0.18,8,53,0.088,37,383.78,379.78,500.0,7,912.2
run_1789835721,rnd_task_017,robot_1,North,North,22.28,2,1,0.46,4,1,0.0,0.18,4,24,0.11,16,111.76,107.76,500.0,6,328.0
run_1789835721,rnd_task_018,robot_2,South,Central,31.86,2,0,0.46,4,2,0.0,0.18,4,17,0.134,1,130.6,126.6,500.0,4,194.0
run_1789835721,rnd_task_019,robot_4,Central,North,44.93,2,1,0.46,4,2,0.09,0.24,9,48,0.094,36,396.82,392.82,500.0,4,785.02
run_1789835721,rnd_task_020,robot_2,North,North,39.29,2,1,0.46,4,1,0.03,0.1,7,36,0.073,36,342.3,338.3,500.0,3,710.0
run_1789829481,rnd_task_001,robot_4,North,North,22.26,2,1,0.46,4,1,0.09,0.0,4,29,0.077,75,352.32,348.32,500.0,4,543.4
run_1789829481,rnd_task_002,robot_3,South,North,0.67,0,2,0.46,4,2,0.11,0.09,6,41,0.083,90,424.78,420.78,500.0,6,751.4
run_1789829481,rnd_task_003,robot_1,Central,Central,42.28,2,0,0.46,4,1,0.06,0.02,4,22,0.075,50,246.1,242.1,500.0,3,402.0
run_1789829481,rnd_task_004,robot_2,Central,South,0.85,0,2,0.46,4,2,0.07,0.07,5,34,0.086,73,467.62,463.62,500.0,5,629.26
run_1789829481,rnd_task_005,robot_1,North,Central,81.91,4,2,0.46,4,2,0.04,0.0,7,54,0.071,180,658.56,654.56,500.0,8,1133.2
run_1789829481,rnd_task_006,robot_4,North,North,35.25,2,1,0.46,4,1,0.1,0.15,5,42,0.09,131,350.9,346.9,500.0,6,708.8
run_1789829481,rnd_task_007,robot_2,North,South,0.67,0,2,0.46,4,2,0.07,0.11,6,43,0.076,152,691.74,687.74,500.0,6,898.3
run_1789829481,rnd_task_008,robot_3,North,North,29.54,2,1,0.46,4,1,0.04,0.0,3,30,0.09,116,226.0,222.0,500.0,3,466.94
run_1789829481,rnd_task_009,robot_3,North,South,66.1,4,2,0.46,4,2,0.04,0.0,4,42,0.08,82,566.96,562.96,500.0,6,776.6
run_1789829481,rnd_task_010,robot_4,South,North,48.14,4,2,0.46,4,2,0.02,0.0,6,48,0.084,82,603.1,599.1,500.0,6,882.0
run_1789829481,rnd_task_011,robot_1,South,North,66.86,4,2,0.46,4,2,0.0,0.0,6,47,0.107,51,362.82,358.82,500.0,6,655.4
run_1789829481,rnd_task_012,robot_2,Central,South,74.38,4,2,0.46,4,2,0.02,0.0,5,47,0.116,51,359.06,355.06,500.0,5,601.0
run_1789829481,rnd_task_013,robot_3,North,North,21.6,2,0,0.46,4,1,0.0,0.18,6,34,0.089,0,448.76,444.76,500.0,6,537.34
run_1789829481,rnd_task_014,robot_4,South,North,6.0,0,2,0.46,4,2,0.02,0.3,11,77,0.106,16,724.74,720.74,500.0,9,1096.6
run_1789829481,rnd_task_015,robot_2,Central,North,85.1,4,2,0.46,4,2,0.0,0.18,8,42,0.092,0,362.5,358.5,500.0,5,673.8
run_1789829481,rnd_task_016,robot_1,South,South,6.0,0,1,0.46,4,1,0.02,0.0,9,53,0.101,13,405.76,401.76,500.0,5,811.6
run_1789829481,rnd_task_017,robot_3,North,North,6.0,0,0,0.46,4,1,0.0,0.18,7,31,0.098,13,189.78,185.78,500.0,4,447.7
run_1789829481,rnd_task_018,robot_2,Central,South,73.25,4,2,0.46,4,2,0.0,0.18,4,29,0.129,14,224.98,220.98,500.0,5,341.0
run_1789829481,rnd_task_019,robot_3,North,North,37.05,2,1,0.46,4,1,0.09,0.14,5,30,0.093,27,250.94,246.94,500.0,3,494.94
run_1789829481,rnd_task_020,robot_1,Central,Central,98.97,4,2,0.46,4,1,0.0,0.18,5,30,0.096,31,213.14,209.14,500.0,3,477.5
run_1789873307,rnd_task_001,robot_4,Central,South,6.0,0,2,0.46,4,2,0.2,0.12,5,40,0.083,130,527.46,523.46,500.0,4,772.8
run_1789873307,rnd_task_002,robot_3,South,North,89.42,4,2,0.46,4,2,0.03,0.05,7,52,0.08,147,476.86,472.86,500.0,6,952.0
run_1789873307,rnd_task_003,robot_2,Central,South,74.77,4,2,0.46,4,2,0.18,0.08,3,29,0.079,125,405.02,401.02,500.0,3,585.34
run_1789873307,rnd_task_004,robot_1,South,North,6.0,0,2,0.46,4,2,0.04,0.05,5,40,0.074,124,375.06,371.06,500.0,5,760.4
run_1789873307,rnd_task_005,robot_2,North,Central,90.97,4,2,0.46,4,2,0.01,0.32,9,58,0.111,19,489.58,485.58,500.0,8,796.0
run_1789873307,rnd_task_006,robot_4,South,South,18.56,2,0,0.46,4,1,0.0,0.18,8,47,0.105,18,207.6,203.6,500.0,5,631.0
run_1789873307,rnd_task_007,robot_1,South,South,33.12,2,1,0.46,4,1,0.0,0.0,8,47,0.117,18,300.04,296.04,500.0,4,596.14
run_1789873307,rnd_task_008,robot_3,South,North,70.93,4,2,0.46,4,2,0.0,0.21,9,67,0.099,18,757.42,753.42,500.0,8,1030.04
run_1789873307,rnd_task_009,robot_4,South,South,57.33,2,1,0.46,4,1,0.0,0.0,9,55,0.086,38,451.18,447.18,500.0,7,980.0
run_1789873307,rnd_task_010,robot_1,North,North,0.57,0,0,0.46,4,1,0.0,0.18,4,26,0.078,8,346.64,342.64,500.0,4,486.0
run_1789873307,rnd_task_011,robot_2,North,North,21.89,2,0,0.46,4,1,0.0,0.18,5,31,0.093,8,232.02,228.02,500.0,4,516.4
run_1789873307,rnd_task_013,robot_1,Central,North,46.74,2,1,0.46,4,2,0.03,0.0,7,41,0.088,63,370.08,366.08,500.0,6,729.24
run_1789873307,rnd_task_014,robot_2,North,South,54.49,4,2,0.46,4,2,0.05,0.02,8,53,0.107,67,396.76,392.76,500.0,6,751.0
run_1789873307,rnd_task_015,robot_3,North,South,49.91,4,2,0.46,4,2,0.04,0.1,8,53,0.112,51,497.58,493.58,500.0,6,733.8
run_1789873307,rnd_task_016,robot_4,South,North,0.67,0,2,0.46,4,2,0.08,0.02,5,43,0.075,104,463.3,459.3,500.0,6,749.4
run_1789873307,rnd_task_017,robot_1,South,South,29.18,2,0,0.46,4,1,0.07,0.04,6,48,0.104,68,516.7,512.7,500.0,6,690.0
run_1789873307,rnd_task_018,robot_2,Central,Central,71.34,2,1,0.46,4,1,0.02,0.22,6,38,0.078,74,354.48,350.48,500.0,6,714.0
run_1789873307,rnd_task_019,robot_3,North,North,0.67,0,1,0.46,4,1,0.01,0.0,8,54,0.093,87,379.0,375.0,500.0,5,885.6
run_1789873307,rnd_task_020,robot_4,Central,Central,94.39,4,2,0.46,4,1,0.04,0.01,6,41,0.113,20,276.44,272.44,500.0,4,564.0
run_1789873307,rnd_task_021,robot_1,North,South,78.12,4,2,0.46,4,2,0.0,0.18,5,23,0.091,20,231.5,227.5,500.0,3,373.0
run_1789838728,rnd_task_001,robot_4,Central,Central,67.27,2,1,0.46,4,1,0.2,0.05,6,34,0.075,151,323.12,319.12,500.0,4,668.2
run_1789838728,rnd_task_002,robot_3,North,North,6.0,0,1,0.46,4,1,0.32,0.05,7,39,0.082,151,461.82,457.82,500.0,5,711.62
run_1789838728,rnd_task_003,robot_1,Central,Central,60.49,2,1,0.46,4,1,0.16,0.07,3,17,0.061,151,229.14,225.14,500.0,3,424.6
run_1789838728,rnd_task_004,robot_2,North,North,44.53,2,1,0.46,4,1,0.06,0.11,8,47,0.079,161,454.98,450.98,500.0,6,906.6
run_1789838728,rnd_task_005,robot_1,South,North,6.0,1,2,0.46,4,2,0.05,0.01,5,31,0.069,35,446.4,442.4,500.0,6,667.2
run_1789838728,rnd_task_006,robot_4,North,South,65.88,4,2,0.46,4,2,0.03,0.09,6,31,0.059,45,627.2,623.2,500.0,6,819.0
run_1789838728,rnd_task_007,robot_3,South,North,72.14,4,2,0.46,4,2,0.02,0.0,9,49,0.069,61,691.76,687.76,500.0,7,1067.6
run_1789838728,rnd_task_008,robot_2,Central,South,84.93,4,2,0.46,4,2,0.05,0.0,4,29,0.062,35,251.38,247.38,500.0,5,643.2
run_1789838728,rnd_task_009,robot_1,South,South,0.85,0,1,0.46,4,1,0.03,0.0,6,47,0.092,27,470.92,466.92,500.0,6,783.6
run_1789838728,rnd_task_010,robot_4,South,South,24.2,2,0,0.46,4,1,0.04,0.46,5,31,0.082,17,235.92,231.92,500.0,6,535.0
run_1789838728,rnd_task_011,robot_2,North,South,6.0,0,2,0.46,4,2,0.03,0.02,8,48,0.073,101,727.4,723.4,500.0,7,1034.8
run_1789838728,rnd_task_012,robot_3,Central,South,78.57,4,2,0.46,4,2,0.08,0.13,4,24,0.057,85,395.8,391.8,500.0,5,629.0
run_1789838728,rnd_task_013,robot_1,North,Central,83.32,4,2,0.46,4,2,0.11,0.01,6,36,0.062,107,483.4,479.4,500.0,6,838.2
run_1789838728,rnd_task_014,robot_4,South,North,74.52,4,2,0.46,4,2,0.03,0.06,9,53,0.072,141,660.34,656.34,500.0,6,1135.4
run_1789838728,rnd_task_015,robot_3,North,South,46.11,4,2,0.46,4,2,0.07,0.0,7,41,0.079,57,634.56,630.56,500.0,5,755.8
run_1789838728,rnd_task_016,robot_2,North,North,25.59,2,1,0.46,4,1,0.05,0.0,7,43,0.09,88,343.48,339.48,500.0,6,736.2
run_1789838728,rnd_task_017,robot_1,Central,North,34.9,2,0,0.46,4,2,0.03,0.0,2,13,0.075,16,86.2,82.2,500.0,3,214.26
run_1789838728,rnd_task_019,robot_4,North,South,71.47,4,2,0.46,4,2,0.04,0.03,6,36,0.11,57,364.44,360.44,500.0,3,525.4
run_1789838728,rnd_task_020,robot_3,Central,Central,71.86,4,2,0.46,4,1,0.05,0.41,3,20,0.102,37,208.68,204.68,500.0,3,312.4
run_1789838728,rnd_task_021,robot_2,North,North,16.3,2,0,0.46,4,1,0.0,0.18,3,12,0.075,3,121.32,117.32,500.0,2,213.8
run_1789868668,rnd_task_001,robot_4,Central,South,79.86,4,2,0.46,4,2,0.13,0.04,3,29,0.067,134,486.88,482.88,500.0,4,688.7
run_1789868668,rnd_task_002,robot_1,South,South,34.8,2,1,0.46,4,1,0.04,0.0,3,22,0.075,65,329.58,325.58,500.0,3,456.34
run_1789868668,rnd_task_003,robot_3,South,North,44.8,4,2,0.46,4,2,0.09,0.07,5,45,0.084,122,402.28,398.28,500.0,5,762.02
run_1789868668,rnd_task_004,robot_2,Central,South,88.69,4,2,0.46,4,2,0.26,0.07,5,46,0.082,122,477.36,473.36,500.0,6,802.8
run_1789868668,rnd_task_005,robot_1,North,Central,62.13,2,1,0.46,4,2,0.02,0.0,7,48,0.081,123,416.4,412.4,500.0,6,883.6
run_1789868668,rnd_task_006,robot_4,North,South,70.84,4,2,0.46,4,2,0.08,0.08,8,59,0.099,81,585.58,581.58,500.0,6,872.46
run_1789868668,rnd_task_007,robot_3,North,South,6.13,1,2,0.46,4,2,0.02,0.18,8,43,0.081,81,457.84,453.84,500.0,5,787.2
run_1789868668,rnd_task_008,robot_2,North,Central,71.22,4,2,0.46,4,2,0.13,0.07,8,47,0.096,82,526.28,522.28,500.0,7,768.6
run_1789868668,rnd_task_009,robot_1,Central,North,0.51,0,2,0.46,4,2,0.05,0.0,2,17,0.119,24,103.22,99.22,500.0,3,218.4
run_1789868668,rnd_task_010,robot_1,North,North,36.95,2,1,0.46,4,1,0.06,0.0,8,41,0.142,23,196.9,192.9,500.0,4,438.16
run_1789868668,rnd_task_011,robot_3,Central,South,55.78,2,1,0.46,4,2,0.03,0.2,8,49,0.117,29,228.9,224.9,500.0,6,630.2
run_1789868668,rnd_task_012,robot_4,North,Central,26.47,2,0,0.46,4,2,0.07,0.28,7,38,0.117,23,404.14,400.14,500.0,5,479.14
run_1789868668,rnd_task_013,robot_2,Central,North,37.84,2,1,0.46,4,2,0.0,0.18,8,49,0.109,28,305.4,301.4,500.0,6,700.0
run_1789868668,rnd_task_014,robot_1,South,North,74.5,4,2,0.46,4,2,0.03,0.25,9,42,0.087,63,434.48,430.48,500.0,7,756.0
run_1789868668,rnd_task_015,robot_4,North,Central,0.97,0,2,0.46,4,2,0.03,0.41,4,25,0.058,63,392.5,388.5,500.0,5,621.4
run_1789868668,rnd_task_016,robot_3,Central,Central,100.91,4,2,0.46,4,1,0.06,0.46,6,34,0.082,55,246.38,242.38,500.0,6,587.6
run_1789868668,rnd_task_017,robot_2,North,North,0.51,0,1,0.46,4,1,0.09,0.18,6,28,0.091,55,126.46,122.46,500.0,4,438.58
run_1789868668,rnd_task_018,robot_4,Central,North,21.92,2,0,0.46,4,2,0.03,0.16,7,46,0.124,35,346.68,342.68,500.0,5,564.2
run_1789868668,rnd_task_019,robot_1,North,Central,79.09,4,2,0.46,4,2,0.04,0.12,6,31,0.105,34,205.72,201.72,500.0,3,420.2
run_1789868668,rnd_task_021,robot_3,Central,Central,73.9,4,2,0.46,4,1,0.05,0.26,7,31,0.123,34,188.8,184.8,500.0,2,406.6
run_1789841637,rnd_task_001,robot_4,North,South,70.42,4,2,0.46,4,2,0.03,0.0,6,35,0.063,146,637.1,633.1,500.0,6,895.4
run_1789841637,rnd_task_002,robot_3,North,North,14.01,2,0,0.46,4,1,0.14,0.04,4,23,0.048,134,392.2,388.2,500.0,4,662.88
run_1789841637,rnd_task_003,robot_2,North,North,0.85,0,1,0.46,4,1,0.25,0.03,3,16,0.044,114,381.42,377.42,500.0,3,542.6
run_1789841637,rnd_task_004,robot_1,South,Central,91.96,4,2,0.46,4,2,0.04,0.0,6,34,0.064,134,343.38,339.38,500.0,5,775.6
run_1789841637,rnd_task_005,robot_2,North,Central,35.55,2,1,0.46,4,2,0.06,0.23,7,36,0.085,67,350.54,346.54,500.0,6,660.6
run_1789841637,rnd_task_006,robot_3,North,Central,0.49,0,2,0.46,4,2,0.06,0.04,9,53,0.078,137,513.04,509.04,500.0,8,1027.2
run_1789841637,rnd_task_007,robot_1,North,North,19.24,2,1,0.46,4,1,0.02,0.28,5,25,0.069,73,210.34,206.34,500.0,5,551.2
run_1789841637,rnd_task_008,robot_4,Central,North,70.73,4,2,0.46,4,2,0.06,0.08,5,30,0.067,104,468.24,464.24,500.0,5,660.16
run_1789841637,rnd_task_009,robot_2,North,Central,61.65,2,1,0.46,4,2,0.04,0.05,9,57,0.109,91,391.06,387.06,500.0,6,786.0
run_1789841637,rnd_task_010,robot_1,North,Central,37.3,2,1,0.46,4,2,0.06,0.15,8,51,0.11,53,302.04,298.04,500.0,7,693.2
run_1789841637,rnd_task_011,robot_4,Central,South,34.03,2,1,0.46,4,2,0.0,0.18,8,45,0.123,23,361.48,357.48,500.0,5,521.0
run_1789841637,rnd_task_012,robot_3,South,Central,0.49,0,2,0.46,4,2,0.0,0.18,8,48,0.119,0,271.42,267.42,500.0,6,606.4
run_1789841637,rnd_task_013,robot_2,North,South,61.67,4,2,0.46,4,2,0.01,0.0,8,32,0.078,3,321.08,317.08,500.0,6,587.8
run_1789841637,rnd_task_014,robot_4,North,Central,0.67,0,2,0.46,4,2,0.01,0.06,10,50,0.107,3,513.52,509.52,500.0,7,747.8
run_1789841637,rnd_task_015,robot_1,North,Central,64.69,4,2,0.46,4,2,0.0,0.18,9,39,0.096,3,245.32,241.32,500.0,5,605.2
run_1789841637,rnd_task_016,robot_3,South,South,36.71,2,1,0.46,4,1,0.0,0.18,7,36,0.096,3,195.0,191.0,500.0,6,542.2
run_1789841637,rnd_task_017,robot_2,North,North,14.49,2,0,0.46,4,1,0.02,0.28,9,49,0.096,26,547.84,543.84,500.0,6,768.0
run_1789841637,rnd_task_018,robot_1,North,Central,53.74,2,1,0.46,4,2,0.03,0.0,5,36,0.087,26,270.42,266.42,500.0,5,594.8
run_1789841637,rnd_task_019,robot_4,North,Central,59.36,2,1,0.46,4,2,0.0,0.0,7,43,0.083,31,387.24,383.24,500.0,4,768.2
run_1789841637,rnd_task_020,robot_3,Central,South,33.25,2,0,0.46,4,2,0.0,0.18,6,36,0.114,26,261.72,257.72,500.0,3,493.2
run_1789839755,rnd_task_001,robot_4,Central,South,22.65,2,0,0.46,4,2,0.13,0.04,4,29,0.084,151,329.56,325.56,500.0,3,500.8
run_1789839755,rnd_task_002,robot_3,North,North,0.51,0,1,0.46,4,1,0.11,0.06,9,70,0.097,190,686.36,682.36,500.0,6,1129.88
run_1789839755,rnd_task_003,robot_1,South,North,93.01,4,2,0.46,4,2,0.1,0.01,6,46,0.109,168,280.44,276.44,500.0,4,567.0
run_1789839755,rnd_task_004,robot_2,Central,North,6.0,0,2,0.46,4,2,0.1,0.15,7,53,0.108,176,394.1,390.1,500.0,5,757.2
run_1789839755,rnd_task_005,robot_4,North,South,68.93,4,2,0.46,4,2,0.08,0.06,9,60,0.093,64,805.16,801.16,500.0,8,1031.4
run_1789839755,rnd_task_006,robot_1,South,South,45.59,2,1,0.46,4,1,0.04,0.0,5,24,0.059,22,258.86,254.86,500.0,4,539.6
run_1789839755,rnd_task_007,robot_2,North,South,62.26,4,2,0.46,4,2,0.0,0.18,4,19,0.051,5,337.54,333.54,500.0,5,545.8
run_1789839755,rnd_task_008,robot_3,Central,South,29.01,2,0,0.46,4,2,0.0,0.18,6,30,0.075,30,276.04,272.04,500.0,5,558.8
run_1789839755,rnd_task_009,robot_1,North,Central,58.31,2,1,0.46,4,2,0.13,0.08,12,83,0.104,164,616.32,612.32,500.0,9,1255.8
run_1789839755,rnd_task_010,robot_2,South,North,80.12,4,2,0.46,4,2,0.21,0.1,8,54,0.087,164,487.5,483.5,500.0,6,965.2
run_1789839755,rnd_task_011,robot_4,South,North,0.85,0,2,0.46,4,2,0.04,0.14,6,42,0.077,134,591.6,587.6,500.0,5,804.4
run_1789839755,rnd_task_012,robot_3,South,South,19.36,2,0,0.46,4,1,0.0,0.18,4,19,0.066,46,191.94,187.94,500.0,3,366.4
run_1789839755,rnd_task_013,robot_3,South,South,0.85,0,1,0.46,4,1,0.0,0.18,5,48,0.129,86,161.12,157.12,500.0,6,496.4
run_1789839755,rnd_task_014,robot_4,North,North,24.34,2,1,0.46,4,1,0.0,0.18,5,41,0.213,0,42.4,38.4,500.0,5,291.6
run_1789839755,rnd_task_015,robot_2,North,Central,24.69,2,0,0.46,4,2,0.0,0.18,8,53,0.171,0,228.76,224.76,500.0,6,478.4
run_1789839755,rnd_task_016,robot_1,Central,North,0.49,0,2,0.46,4,2,0.03,0.05,10,55,0.107,45,378.74,374.74,500.0,7,825.92
run_1789839755,rnd_task_017,robot_3,North,Central,69.51,4,2,0.46,4,2,0.0,0.46,6,35,0.095,45,401.5,397.5,500.0,6,589.6
run_1789839755,rnd_task_018,robot_4,North,North,0.99,0,0,0.46,4,1,0.01,0.31,6,24,0.075,45,217.14,213.14,500.0,4,453.0
run_1789839755,rnd_task_019,robot_2,South,South,17.12,2,0,0.46,4,1,0.02,0.0,7,35,0.101,45,320.4,316.4,500.0,4,492.8
run_1789839755,rnd_task_020,robot_4,North,North,20.51,2,1,0.46,4,1,0.0,0.18,5,26,0.113,7,153.66,149.66,500.0,3,336.0
run_1789847839,rnd_task_001,robot_4,South,South,45.1,2,1,0.46,4,1,0.04,0.0,3,22,0.067,126,82.32,78.32,500.0,3,446.6
run_1789847839,rnd_task_002,robot_3,South,North,46.84,4,2,0.46,4,2,0.22,0.07,4,27,0.073,138,373.62,369.62,500.0,4,518.2
run_1789847839,rnd_task_003,robot_2,Central,North,0.51,0,2,0.46,4,2,0.17,0.03,5,35,0.084,137,322.52,318.52,500.0,5,667.16
run_1789847839,rnd_task_004,robot_1,South,North,0.51,0,2,0.46,4,2,0.08,0.1,9,56,0.091,165,449.94,445.94,500.0,6,949.6
run_1789847839,rnd_task_005,robot_4,North,North,0.98,0,1,0.46,4,1,0.0,0.18,9,50,0.086,54,416.86,412.86,500.0,8,906.4
run_1789847839,rnd_task_006,robot_3,South,Central,44.93,2,1,0.46,4,2,0.09,0.04,9,44,0.096,50,398.82,394.82,500.0,6,710.4
run_1789847839,rnd_task_007,robot_2,Central,Central,35.93,2,0,0.46,4,1,0.02,0.46,5,29,0.117,33,152.26,148.26,500.0,4,342.6
run_1789847839,rnd_task_008,robot_1,South,Central,53.74,2,1,0.46,4,2,0.0,0.18,10,66,0.122,23,433.3,429.3,500.0,7,838.0
run_1789847839,rnd_task_009,robot_2,South,Central,26.72,2,0,0.46,4,2,0.04,0.0,3,13,0.04,17,202.52,198.52,500.0,5,354.2
run_1789847839,rnd_task_010,robot_3,South,South,41.52,2,1,0.46,4,1,0.0,0.18,6,51,0.122,6,301.62,297.62,500.0,6,608.98
run_1789847839,rnd_task_011,robot_4,Central,South,57.33,2,1,0.46,4,2,0.0,0.18,10,76,0.124,59,532.18,528.18,500.0,8,967.04
run_1789847839,rnd_task_012,robot_2,North,South,72.98,4,2,0.46,4,2,0.04,0.0,8,60,0.12,26,437.76,433.76,500.0,5,734.52
run_1789847839,rnd_task_013,robot_1,Central,North,78.32,4,2,0.46,4,2,0.04,0.0,5,15,0.052,20,163.1,159.1,500.0,5,384.2
run_1789847839,rnd_task_014,robot_3,North,North,43.8,2,1,0.46,4,1,0.02,0.05,14,66,0.114,102,431.8,427.8,500.0,6,897.88
run_1789847839,rnd_task_015,robot_2,North,South,48.39,4,2,0.46,4,2,0.0,0.18,9,51,0.122,82,473.84,469.84,500.0,7,624.8
run_1789847839,rnd_task_016,robot_1,North,South,56.53,4,2,0.46,4,2,0.05,0.11,10,51,0.137,82,405.94,401.94,500.0,6,571.2
run_1789847839,rnd_task_017,robot_4,South,South,31.82,2,1,0.46,4,1,0.0,0.18,8,40,0.135,43,143.7,139.7,500.0,3,430.2
run_1789847839,rnd_task_018,robot_4,North,North,21.6,2,0,0.46,4,1,0.17,0.01,8,43,0.095,120,488.04,484.04,500.0,4,629.14
run_1789847839,rnd_task_019,robot_3,North,Central,62.65,4,2,0.46,4,2,0.05,0.18,9,51,0.096,155,276.48,272.48,500.0,4,813.9
run_1789847839,rnd_task_020,robot_1,North,Central,23.83,2,0,0.46,4,2,0.17,0.11,7,42,0.102,120,477.06,473.06,500.0,2,606.0
run_1789857456,rnd_task_001,robot_4,North,Central,0.97,0,2,0.46,4,2,0.58,0.05,5,29,0.035,647,1024.02,1020.02,500.0,5,1256.0
run_1789857456,rnd_task_002,robot_3,North,North,27.08,2,1,0.46,4,1,0.56,0.09,11,65,0.045,1085,2093.42,2089.42,500.0,8,2374.2
run_1789857456,rnd_task_003,robot_2,South,South,34.8,2,1,0.46,4,1,0.04,0.0,2,11,0.033,131,185.02,181.02,500.0,3,419.0
run_1789857456,rnd_task_004,robot_1,North,North,20.73,2,1,0.46,4,1,0.42,0.01,12,70,0.047,1089,1764.64,1760.64,500.0,9,2416.84
run_1789857456,rnd_task_005,robot_2,North,Central,37.05,2,1,0.46,4,2,0.03,0.04,3,12,0.031,309,275.86,271.86,500.0,3,447.1
run_1789857456,rnd_task_006,robot_2,South,South,39.73,2,1,0.46,4,1,0.0,0.18,3,17,0.033,291,255.86,251.86,500.0,4,609.66
run_1789857456,rnd_task_007,robot_4,South,Central,40.3,2,1,0.46,4,2,0.03,0.34,4,18,0.041,237,332.22,328.22,500.0,4,585.2
run_1789857456,rnd_task_008,robot_2,North,Central,111.84,4,2,0.46,4,2,0.06,0.17,7,37,0.052,347,370.78,366.78,500.0,7,1034.62
run_1789857456,rnd_task_013,robot_4,South,North,52.37,4,2,0.46,4,2,0.08,0.29,5,30,0.067,206,521.46,517.46,500.0,5,657.2
run_1789857456,rnd_task_014,robot_3,South,North,67.4,4,2,0.46,4,2,0.2,0.13,7,43,0.096,61,493.98,489.98,500.0,7,689.4
run_1789857456,rnd_task_015,robot_1,South,South,0.67,0,0,0.46,4,1,0.12,0.34,7,36,0.105,31,345.76,341.76,500.0,5,493.6
run_1789857456,rnd_task_016,robot_4,South,North,55.23,4,2,0.46,4,2,0.09,0.02,8,41,0.094,81,487.7,483.7,500.0,6,658.0
run_1789857456,rnd_task_017,robot_2,North,South,62.65,4,2,0.46,4,2,0.12,0.04,7,41,0.094,89,305.4,301.4,500.0,6,637.0
run_1789857456,rnd_task_018,robot_1,North,Central,17.12,2,0,0.46,4,2,0.07,0.0,6,36,0.08,89,480.8,476.8,500.0,6,648.4
run_1789857456,rnd_task_019,robot_3,South,North,6.02,1,2,0.46,4,2,0.03,0.03,11,81,0.111,137,666.68,662.68,500.0,7,1113.6
run_1789857456,rnd_task_020,robot_4,South,South,39.34,2,1,0.46,4,1,0.03,0.0,6,41,0.113,33,286.38,282.38,500.0,5,529.8
run_1789857456,rnd_task_021,robot_2,North,North,43.8,2,1,0.46,4,1,0.04,0.18,11,78,0.116,99,567.9,563.9,500.0,5,1047.8
run_1789857456,rnd_task_022,robot_1,North,North,0.67,0,1,0.46,4,1,0.06,0.12,9,48,0.115,75,186.56,182.56,500.0,4,627.58
run_1789857456,rnd_task_023,robot_4,Central,Central,86.6,4,2,0.46,4,1,0.0,0.18,4,19,0.071,52,126.94,122.94,500.0,3,336.6
run_1789857456,rnd_task_027,robot_2,North,North,19.87,2,0,0.46,4,1,0.0,0.18,3,12,0.07,12,92.52,88.52,500.0,0,230.0
run_1789833513,rnd_task_001,robot_4,Central,South,6.02,0,2,0.46,4,2,0.16,0.14,6,57,0.103,148,391.1,387.1,500.0,4,774.14
run_1789833513,rnd_task_002,robot_1,South,Central,32.34,2,0,0.46,4,2,0.06,0.0,3,22,0.065,85,192.74,188.74,500.0,3,399.0
run_1789833513,rnd_task_003,robot_3,North,South,6.0,1,2,0.46,4,2,0.03,0.07,8,60,0.1,141,589.22,585.22,500.0,6,943.8
run_1789833513,rnd_task_004,robot_2,Central,South,6.05,0,2,0.46,4,2,0.18,0.12,6,46,0.106,134,450.48,446.48,500.0,4,697.4
run_1789833513,rnd_task_005,robot_1,Central,South,0.85,0,2,0.46,4,2,0.0,0.18,8,60,0.113,57,488.82,484.82,500.0,6,812.08
run_1789833513,rnd_task_006,robot_2,South,North,0.48,0,2,0.46,4,2,0.01,0.1,7,33,0.076,25,360.04,356.04,500.0,6,653.84
run_1789833513,rnd_task_007,robot_4,North,North,13.43,2,0,0.46,4,1,0.0,0.18,5,26,0.079,1,425.4,421.4,500.0,5,508.2
run_1789833513,rnd_task_008,robot_3,North,South,79.23,4,2,0.46,4,2,0.01,0.0,7,48,0.079,25,582.76,578.76,500.0,6,910.8
run_1789833513,rnd_task_009,robot_1,Central,Central,113.88,4,2,0.46,4,1,0.0,0.01,8,49,0.085,30,350.32,346.32,500.0,7,873.2
run_1789833513,rnd_task_010,robot_4,South,South,18.56,2,0,0.46,4,1,0.0,0.46,6,37,0.073,30,456.88,452.88,500.0,5,741.2
run_1789833513,rnd_task_011,robot_2,South,Central,85.35,4,2,0.46,4,2,0.0,0.18,7,53,0.091,6,454.14,450.14,500.0,6,811.8
run_1789833513,rnd_task_013,robot_3,North,South,88.12,4,2,0.46,4,2,0.03,0.03,13,90,0.108,94,753.72,749.72,500.0,9,1274.0
run_1789833513,rnd_task_014,robot_4,North,North,11.19,2,0,0.46,4,1,0.0,0.18,7,53,0.135,31,301.32,297.32,500.0,5,594.4
run_1789833513,rnd_task_015,robot_1,North,South,54.38,4,2,0.46,4,2,0.05,0.0,8,59,0.103,88,631.9,627.9,500.0,5,835.6
run_1789833513,rnd_task_016,robot_2,South,Central,0.97,0,2,0.46,4,2,0.09,0.0,7,48,0.098,88,421.52,417.52,500.0,5,758.6
run_1789833513,rnd_task_017,robot_4,Central,South,6.0,0,2,0.46,4,2,0.09,0.09,9,59,0.113,118,415.6,411.6,500.0,7,761.68
run_1789833513,rnd_task_018,robot_1,Central,North,42.16,2,1,0.46,4,2,0.02,0.21,9,67,0.128,69,403.42,399.42,500.0,6,825.6
run_1789833513,rnd_task_019,robot_2,Central,South,60.37,4,2,0.46,4,2,0.09,0.13,4,23,0.115,27,178.0,174.0,500.0,4,279.2
run_1789833513,rnd_task_020,robot_3,South,South,41.52,2,1,0.46,4,1,0.07,0.17,7,49,0.105,84,200.84,196.84,500.0,4,665.0
run_1789833513,rnd_task_021,robot_2,Central,North,102.38,4,2,0.46,4,2,0.14,0.03,7,49,0.094,69,270.8,266.8,500.0,3,788.4
run_1789828437,rnd_task_001,robot_1,South,South,24.94,2,0,0.46,4,1,0.03,0.0,2,23,0.056,91,238.74,234.74,500.0,3,495.8
run_1789828437,rnd_task_002,robot_2,North,North,35.25,2,1,0.46,4,1,0.03,0.1,7,60,0.107,105,549.92,545.92,500.0,6,897.8
run_1789828437,rnd_task_003,robot_3,South,North,85.6,4,2,0.46,4,2,0.2,0.01,5,41,0.084,81,446.92,442.92,500.0,4,734.8
run_1789828437,rnd_task_004,robot_4,North,North,30.2,2,1,0.46,4,1,0.15,0.09,5,41,0.085,76,505.66,501.66,500.0,5,751.0
run_1789828437,rnd_task_005,robot_1,North,South,50.67,4,2,0.46,4,2,0.09,0.17,8,47,0.084,94,521.48,517.48,500.0,6,783.4
run_1789828437,rnd_task_006,robot_3,North,South,65.89,4,2,0.46,4,2,0.1,0.16,6,48,0.115,84,367.16,363.16,500.0,6,628.2
run_1789828437,rnd_task_007,robot_4,South,North,66.35,4,2,0.46,4,2,0.02,0.08,10,71,0.116,142,660.36,656.36,500.0,7,951.8
run_1789828437,rnd_task_008,robot_2,North,South,91.22,4,2,0.46,4,2,0.08,0.08,7,51,0.095,128,402.54,398.54,500.0,5,777.18
run_1789828437,rnd_task_009,robot_1,North,Central,64.69,4,2,0.46,4,2,0.04,0.16,7,44,0.107,66,406.7,402.7,500.0,6,614.2
run_1789828437,rnd_task_010,robot_3,Central,North,100.1,4,2,0.46,4,2,0.01,0.46,7,47,0.099,57,277.18,273.18,500.0,6,708.08
run_1789828437,rnd_task_011,robot_2,South,North,73.22,4,2,0.46,4,2,0.0,0.18,8,38,0.078,25,330.68,326.68,500.0,7,745.56
run_1789828437,rnd_task_012,robot_4,Central,North,6.11,1,2,0.46,4,2,0.03,0.17,7,32,0.089,25,355.04,351.04,500.0,5,564.0
run_1789828437,rnd_task_013,robot_1,North,South,6.13,1,2,0.46,4,2,0.04,0.03,6,36,0.076,40,472.02,468.02,500.0,6,680.2
run_1789828437,rnd_task_014,robot_3,North,North,53.01,2,1,0.46,4,1,0.02,0.0,6,31,0.067,57,303.0,299.0,500.0,6,661.04
run_1789828437,rnd_task_015,robot_4,South,North,82.81,4,2,0.46,4,2,0.03,0.2,11,88,0.106,124,851.6,847.6,500.0,8,1278.72
run_1789828437,rnd_task_016,robot_2,North,South,59.88,4,2,0.46,4,2,0.03,0.0,6,47,0.116,92,465.02,461.02,500.0,5,622.8
run_1789828437,rnd_task_017,robot_1,South,North,6.0,0,2,0.46,4,2,0.03,0.0,7,59,0.11,95,376.9,372.9,500.0,5,819.2
run_1789828437,rnd_task_018,robot_3,Central,South,57.08,2,1,0.46,4,2,0.0,0.18,5,43,0.098,75,289.16,285.16,500.0,4,610.56
run_1789828437,rnd_task_019,robot_2,Central,Central,78.22,4,2,0.46,4,1,0.01,0.0,6,40,0.113,32,163.6,159.6,500.0,4,513.8
run_1789828437,rnd_task_020,robot_3,South,South,22.15,2,0,0.46,4,1,0.0,0.18,6,31,0.149,43,57.42,53.42,500.0,2,295.0
run_1789844944,rnd_task_001,robot_1,North,North,38.49,2,1,0.46,4,1,0.1,0.01,5,35,0.058,152,622.12,618.12,500.0,6,893.2
run_1789844944,rnd_task_002,robot_4,Central,South,36.93,2,0,0.46,4,2,0.03,0.01,1,6,0.017,67,230.06,226.06,500.0,3,349.4
run_1789844944,rnd_task_003,robot_2,North,North,23.56,2,1,0.46,4,1,0.1,0.06,5,35,0.061,151,632.02,628.02,500.0,6,881.4
run_1789844944,rnd_task_004,robot_3,North,North,0.58,0,0,0.46,4,1,0.11,0.06,3,23,0.06,121,535.86,531.86,500.0,4,630.8
run_1789844944,rnd_task_005,robot_4,Central,North,20.62,2,0,0.46,4,2,0.05,0.41,3,22,0.078,67,212.28,208.28,500.0,4,386.7
run_1789844944,rnd_task_006,robot_3,Central,Central,0.97,0,1,0.46,4,1,0.01,0.0,5,25,0.047,41,393.16,389.16,500.0,9,806.9
run_1789844944,rnd_task_007,robot_4,Central,South,32.52,2,0,0.46,4,2,0.0,0.18,4,19,0.05,40,362.04,358.04,500.0,6,565.2
run_1789844944,rnd_task_008,robot_1,North,North,30.96,2,1,0.46,4,1,0.0,0.18,1,1,0.0,1,30.36,26.36,500.0,3,216.8
run_1789844944,rnd_task_009,robot_2,North,North,14.88,2,0,0.46,4,1,0.01,0.0,3,12,0.049,22,233.96,229.96,500.0,5,406.42
run_1789844944,rnd_task_010,robot_1,South,North,6.2,1,2,0.46,4,2,0.05,0.01,9,57,0.079,84,764.82,760.82,500.0,9,1119.18
run_1789844944,rnd_task_011,robot_4,North,South,6.04,0,2,0.46,4,2,0.0,0.18,7,45,0.066,63,646.46,642.46,500.0,7,932.6
run_1789844944,rnd_task_012,robot_2,Central,North,63.19,4,2,0.46,4,2,0.03,0.0,4,19,0.057,29,348.36,344.36,500.0,4,564.6
run_1789844944,rnd_task_013,robot_3,North,North,41.51,2,1,0.46,4,1,0.02,0.0,5,34,0.067,59,333.08,329.08,500.0,4,747.6
run_1789844944,rnd_task_014,robot_2,Central,North,0.67,0,2,0.46,4,2,0.07,0.04,8,51,0.104,120,421.72,417.72,500.0,6,749.6
run_1789844944,rnd_task_015,robot_3,North,Central,36.32,2,1,0.46,4,2,0.12,0.26,7,30,0.092,86,261.96,257.96,500.0,5,457.46
run_1789844944,rnd_task_016,robot_4,North,Central,25.44,2,0,0.46,4,2,0.02,0.0,8,33,0.078,99,502.02,498.02,500.0,6,693.0
run_1789844944,rnd_task_017,robot_1,North,North,29.93,2,1,0.46,4,1,0.04,0.0,6,27,0.067,99,226.86,222.86,500.0,5,600.2
run_1789844944,rnd_task_018,robot_2,South,South,2.77,2,0,0.46,4,1,0.03,0.14,8,42,0.092,22,301.64,297.64,500.0,4,628.2
run_1789844944,rnd_task_019,robot_3,South,Central,63.95,4,2,0.46,4,2,0.0,0.46,7,36,0.088,22,376.38,372.38,500.0,4,591.6
run_1789844944,rnd_task_021,robot_4,South,South,17.27,2,0,0.46,4,1,0.01,0.46,3,17,0.098,5,123.62,119.62,500.0,2,264.2
run_1789840720,rnd_task_001,robot_1,North,Central,32.34,2,0,0.46,4,2,0.01,0.0,8,46,0.088,44,587.72,583.72,500.0,4,797.32
run_1789840720,rnd_task_002,robot_4,North,South,81.52,4,2,0.46,4,2,0.03,0.0,10,58,0.098,46,603.8,599.8,500.0,6,919.04
run_1789840720,rnd_task_003,robot_2,North,South,0.99,0,2,0.46,4,2,0.02,0.13,11,65,0.1,30,620.72,616.72,500.0,7,1017.6
run_1789840720,rnd_task_004,robot_3,South,Central,0.85,0,2,0.46,4,2,0.03,0.0,2,11,0.038,16,207.6,203.6,500.0,3,319.38
run_1789840720,rnd_task_005,robot_3,Central,South,36.18,2,0,0.46,4,2,0.05,0.0,6,35,0.124,10,143.16,139.16,500.0,3,404.44
run_1789840720,rnd_task_006,robot_3,South,Central,0.99,0,2,0.46,4,2,0.0,0.18,5,25,0.068,2,293.2,289.2,500.0,5,499.6
run_1789840720,rnd_task_007,robot_1,North,South,68.9,4,2,0.46,4,2,0.0,0.18,6,27,0.061,4,465.58,461.58,500.0,6,689.46
run_1789840720,rnd_task_008,robot_4,Central,North,0.99,0,2,0.46,4,2,0.02,0.11,6,30,0.069,18,341.16,337.16,500.0,6,663.6
run_1789840720,rnd_task_009,robot_2,North,Central,0.85,0,2,0.46,4,2,0.03,0.36,6,35,0.079,18,422.52,418.52,500.0,6,680.6
run_1789840720,rnd_task_010,robot_3,Central,South,0.98,0,2,0.46,4,2,0.1,0.08,6,41,0.102,30,245.92,241.92,500.0,7,608.8
run_1789840720,rnd_task_011,robot_1,Central,Central,0.54,0,0,0.46,4,1,0.0,0.18,4,24,0.135,16,119.86,115.86,500.0,5,251.8
run_1789840720,rnd_task_012,robot_4,Central,North,41.16,2,1,0.46,4,2,0.0,0.18,8,50,0.097,93,329.82,325.82,500.0,8,805.28
run_1789840720,rnd_task_013,robot_2,South,North,0.99,0,2,0.46,4,2,0.02,0.02,5,31,0.089,93,343.16,339.16,500.0,6,494.4
run_1789840720,rnd_task_014,robot_1,Central,Central,0.85,0,0,0.46,4,1,0.0,0.18,4,24,0.094,88,126.12,122.12,500.0,4,359.8
run_1789840720,rnd_task_015,robot_3,North,South,66.38,4,2,0.46,4,2,0.0,0.0,7,36,0.077,81,538.18,534.18,500.0,7,756.26
run_1789840720,rnd_task_016,robot_1,South,Central,69.97,4,2,0.46,4,2,0.0,0.18,4,23,0.064,0,368.78,364.78,500.0,5,502.32
run_1789840720,rnd_task_017,robot_2,North,North,32.22,2,1,0.46,4,1,0.0,0.18,5,28,0.079,1,178.7,174.7,500.0,6,534.48
run_1789840720,rnd_task_018,robot_4,North,South,54.38,4,2,0.46,4,2,0.01,0.45,9,63,0.111,33,604.48,600.48,500.0,5,882.14
run_1789840720,rnd_task_019,robot_1,Central,South,50.72,2,1,0.46,4,2,0.01,0.0,8,41,0.115,12,239.44,235.44,500.0,4,506.18
run_1789840720,rnd_task_020,robot_3,South,South,12.46,2,0,0.46,4,1,0.02,0.0,7,41,0.124,12,165.04,161.04,500.0,3,483.0
run_1789860528,rnd_task_001,robot_4,Central,North,6.0,0,2,0.46,4,2,0.13,0.1,5,34,0.074,254,436.74,432.74,500.0,4,673.26
run_1789860528,rnd_task_002,robot_3,Central,North,65.22,4,2,0.46,4,2,0.25,0.07,3,24,0.067,234,432.66,428.66,500.0,3,601.0
run_1789860528,rnd_task_003,robot_2,Central,North,60.1,2,1,0.46,4,2,0.22,0.1,6,40,0.078,254,333.46,329.46,500.0,6,774.0
run_1789860528,rnd_task_004,robot_1,South,North,88.12,4,2,0.46,4,2,0.11,0.05,6,39,0.075,250,333.42,329.42,500.0,5,721.4
run_1789860528,rnd_task_005,robot_3,Central,South,50.97,2,1,0.46,4,2,0.16,0.12,7,40,0.073,75,446.88,442.88,500.0,7,821.8
run_1789860528,rnd_task_006,robot_4,South,South,5.37,2,0,0.46,4,1,0.1,0.15,8,48,0.079,94,572.92,568.92,500.0,7,905.8
run_1789860528,rnd_task_007,robot_1,Central,North,72.52,4,2,0.46,4,2,0.12,0.03,7,42,0.077,94,650.86,646.86,500.0,7,859.6
run_1789860528,rnd_task_008,robot_2,North,North,39.48,2,1,0.46,4,1,0.0,0.18,5,24,0.058,71,265.28,261.28,500.0,3,553.14
run_1789860528,rnd_task_009,robot_2,Central,Central,0.67,0,1,0.46,4,1,0.02,0.02,7,42,0.09,33,334.82,330.82,500.0,6,692.0
run_1789860528,rnd_task_010,robot_3,Central,Central,111.84,4,2,0.46,4,1,0.02,0.46,7,50,0.09,33,303.3,299.3,500.0,6,844.2
run_1789860528,rnd_task_011,robot_4,Central,North,88.94,4,2,0.46,4,2,0.0,0.46,10,60,0.081,34,549.98,545.98,500.0,8,1131.4
run_1789860528,rnd_task_012,robot_1,South,North,52.15,4,2,0.46,4,2,0.0,0.18,9,54,0.08,34,722.36,718.36,500.0,6,1026.18
run_1789860528,rnd_task_013,robot_2,North,Central,70.7,4,2,0.46,4,2,0.03,0.09,5,24,0.069,24,329.78,325.78,500.0,4,524.98
run_1789860528,rnd_task_014,robot_3,North,Central,77.59,4,2,0.46,4,2,0.1,0.0,6,41,0.074,205,537.58,533.58,500.0,6,833.8
run_1789860528,rnd_task_017,robot_2,Central,North,88.44,4,2,0.46,4,2,0.1,0.0,7,42,0.084,210,418.92,414.92,500.0,7,738.04
run_1789860528,rnd_task_018,robot_1,North,Central,61.67,4,2,0.46,4,2,0.23,0.04,4,24,0.073,181,302.5,298.5,500.0,4,493.6
run_1789860528,rnd_task_019,robot_4,South,North,62.9,4,2,0.46,4,2,0.16,0.09,6,37,0.067,211,561.08,557.08,500.0,5,805.0
run_1789860528,rnd_task_020,robot_3,South,Central,91.71,4,2,0.46,4,2,0.04,0.06,7,31,0.07,55,319.26,315.26,500.0,3,658.4
run_1789860528,rnd_task_021,robot_1,North,South,44.81,4,2,0.46,4,2,0.02,0.12,10,60,0.09,96,423.54,419.54,500.0,4,1018.02
run_1789860528,rnd_task_024,robot_3,Central,South,29.82,2,0,0.46,4,2,0.07,0.0,5,29,0.116,40,141.66,137.66,500.0,1,344.2
run_1789852766,rnd_task_001,robot_1,Central,South,17.12,2,0,0.46,4,2,0.11,0.01,2,11,0.03,121,310.26,306.26,500.0,3,405.06
run_1789852766,rnd_task_002,robot_2,Central,Central,63.2,2,1,0.46,4,1,0.11,0.04,7,40,0.069,137,449.52,445.52,500.0,6,875.8
run_1789852766,rnd_task_003,robot_4,Central,North,0.72,0,2,0.46,4,2,0.05,0.01,5,30,0.081,115,472.48,468.48,500.0,4,620.6
run_1789852766,rnd_task_004,robot_3,North,Central,76.81,4,2,0.46,4,2,0.03,0.12,5,30,0.066,105,501.86,497.86,500.0,5,691.8
run_1789852766,rnd_task_005,robot_1,South,North,81.52,4,2,0.46,4,2,0.04,0.0,7,41,0.077,73,468.32,464.32,500.0,7,783.0
run_1789852766,rnd_task_006,robot_4,North,South,71.34,4,2,0.46,4,2,0.07,0.13,4,22,0.062,73,408.16,404.16,500.0,6,548.6
run_1789852766,rnd_task_007,robot_3,South,South,0.88,0,1,0.46,4,1,0.0,0.18,2,12,0.046,72,112.44,108.44,500.0,4,344.18
run_1789852766,rnd_task_008,robot_2,South,Central,97.58,4,2,0.46,4,2,0.04,0.13,9,49,0.075,98,448.28,444.28,500.0,9,982.0
run_1789852766,rnd_task_009,robot_3,Central,Central,73.62,2,1,0.46,4,1,0.03,0.16,8,45,0.095,45,279.94,275.94,500.0,7,712.2
run_1789852766,rnd_task_010,robot_4,Central,North,47.48,2,1,0.46,4,2,0.04,0.17,6,30,0.082,40,251.78,247.78,500.0,3,534.0
run_1789852766,rnd_task_011,robot_1,North,Central,75.54,4,2,0.46,4,2,0.08,0.0,6,30,0.089,35,249.96,245.96,500.0,3,517.0
run_1789852766,rnd_task_012,robot_1,South,North,56.04,4,2,0.46,4,2,0.02,0.04,9,66,0.089,56,716.52,712.52,500.0,7,1104.2
run_1789852766,rnd_task_013,robot_4,North,North,6.72,2,0,0.46,4,1,0.0,0.18,6,30,0.139,0,200.48,196.48,500.0,5,316.8
run_1789852766,rnd_task_014,robot_3,North,North,44.21,2,1,0.46,4,1,0.02,0.0,9,55,0.088,51,419.16,415.16,500.0,5,955.6
run_1789852766,rnd_task_015,robot_2,North,South,6.0,0,2,0.46,4,2,0.04,0.26,7,53,0.101,38,526.16,522.16,500.0,4,793.4
run_1789852766,rnd_task_016,robot_4,North,South,82.16,4,2,0.46,4,2,0.04,0.06,6,38,0.063,86,493.68,489.68,500.0,5,922.8
run_1789852766,rnd_task_018,robot_3,South,South,11.19,2,0,0.46,4,1,0.06,0.05,7,47,0.072,143,591.4,587.4,500.0,5,965.6
run_1789852766,rnd_task_019,robot_1,North,Central,58.33,4,2,0.46,4,2,0.03,0.19,3,13,0.054,54,222.22,218.22,500.0,3,372.4
run_1789852766,rnd_task_020,robot_4,South,Central,38.57,2,1,0.46,4,2,0.0,0.18,5,30,0.079,93,241.7,237.7,500.0,3,584.2
run_1789852766,rnd_task_021,robot_1,Central,South,74.77,4,2,0.46,4,2,0.04,0.0,4,17,0.083,50,159.86,155.86,500.0,2,265.6
run_1789850745,rnd_task_001,robot_1,North,North,34.52,2,1,0.46,4,1,0.02,0.0,5,41,0.095,49,415.32,411.32,500.0,3,677.12
run_1789850745,rnd_task_002,robot_4,North,North,47.87,2,1,0.46,4,1,0.03,0.01,9,69,0.1,59,648.06,644.06,500.0,6,1079.0
run_1789850745,rnd_task_003,robot_2,South,North,64.31,4,2,0.46,4,2,0.06,0.06,5,41,0.083,45,450.66,446.66,500.0,5,722.38
run_1789850745,rnd_task_004,robot_3,South,South,6.0,0,1,0.46,4,1,0.02,0.0,5,41,0.089,40,288.28,284.28,500.0,3,649.2
run_1789850745,rnd_task_005,robot_1,North,Central,50.97,2,1,0.46,4,2,0.0,0.18,6,36,0.099,4,241.68,237.68,500.0,5,545.4
run_1789850745,rnd_task_006,robot_3,South,North,89.42,4,2,0.46,4,2,0.02,0.01,9,66,0.087,30,587.9,583.9,500.0,9,1130.62
run_1789850745,rnd_task_007,robot_2,Central,North,6.0,0,2,0.46,4,2,0.0,0.18,8,53,0.103,9,415.8,411.8,500.0,5,793.2
run_1789850745,rnd_task_008,robot_4,Central,South,66.72,4,2,0.46,4,2,0.02,0.03,8,37,0.082,26,310.36,306.36,500.0,5,661.2
run_1789850745,rnd_task_009,robot_1,North,North,0.59,0,1,0.46,4,1,0.0,0.18,5,29,0.081,26,197.3,193.3,500.0,4,518.58
run_1789850745,rnd_task_010,robot_2,Central,South,82.53,4,2,0.46,4,2,0.01,0.0,6,31,0.075,25,227.44,223.44,500.0,7,586.24
run_1789850745,rnd_task_011,robot_1,North,South,55.92,4,2,0.46,4,2,0.06,0.01,7,36,0.096,9,351.58,347.58,500.0,6,560.8
run_1789850745,rnd_task_012,robot_4,North,North,19.36,2,0,0.46,4,1,0.03,0.02,7,43,0.104,9,367.9,363.9,500.0,7,671.0
run_1789850745,rnd_task_013,robot_3,North,North,16.95,2,0,0.46,4,1,0.0,0.18,2,12,0.056,9,106.68,102.68,500.0,3,288.0
run_1789850745,rnd_task_014,robot_3,South,North,75.41,4,2,0.46,4,2,0.02,0.0,8,65,0.11,38,620.78,616.78,500.0,9,911.6
run_1789850745,rnd_task_015,robot_2,South,North,59.85,4,2,0.46,4,2,0.0,0.18,4,42,0.146,0,287.3,283.3,500.0,6,438.2
run_1789850745,rnd_task_016,robot_1,North,North,0.67,0,1,0.46,4,1,0.02,0.17,4,31,0.088,29,399.06,395.06,500.0,6,547.6
run_1789850745,rnd_task_017,robot_4,North,North,0.57,0,0,0.46,4,1,0.0,0.18,2,13,0.146,0,41.82,37.82,500.0,3,95.6
run_1789850745,rnd_task_018,robot_4,North,Central,37.84,2,1,0.46,4,2,0.04,0.11,4,22,0.072,38,174.24,170.24,500.0,5,416.1
run_1789850745,rnd_task_019,robot_2,North,South,58.99,4,2,0.46,4,2,0.05,0.11,6,29,0.082,39,363.8,359.8,500.0,4,561.6
run_1789850745,rnd_task_020,robot_1,North,Central,0.67,0,2,0.46,4,2,0.01,0.0,6,36,0.102,28,235.06,231.06,500.0,3,550.54
run_1789858687,rnd_task_001,robot_1,South,North,49.12,4,2,0.46,4,2,0.02,0.11,4,29,0.085,117,327.22,323.22,500.0,3,448.0
run_1789858687,rnd_task_002,robot_2,North,North,13.62,2,0,0.46,4,1,0.06,0.0,6,48,0.119,127,485.12,481.12,500.0,6,639.6
run_1789858687,rnd_task_003,robot_4,South,South,45.6,2,1,0.46,4,1,0.08,0.0,6,45,0.127,119,194.88,190.88,500.0,5,534.92
run_1789858687,rnd_task_004,robot_3,Central,Central,0.67,0,1,0.46,4,1,0.06,0.02,5,39,0.119,102,309.72,305.72,500.0,4,488.42
run_1789858687,rnd_task_005,robot_1,North,Central,0.51,0,2,0.46,4,2,0.04,0.12,8,41,0.096,58,174.84,170.84,500.0,6,627.4
run_1789858687,rnd_task_006,robot_3,North,Central,49.67,2,1,0.46,4,2,0.07,0.34,8,38,0.078,49,306.44,302.44,500.0,7,714.2
run_1789858687,rnd_task_007,robot_4,Central,South,81.38,4,2,0.46,4,2,0.0,0.18,7,32,0.087,49,251.54,247.54,500.0,5,574.0
run_1789858687,rnd_task_008,robot_2,North,North,0.49,0,1,0.46,4,1,0.08,0.31,8,46,0.078,75,452.9,448.9,500.0,6,898.0
run_1789858687,rnd_task_009,robot_1,North,North,1.3,1,1,0.46,4,1,0.06,0.15,9,49,0.074,73,456.08,452.08,500.0,8,998.2
run_1789858687,rnd_task_010,robot_4,Central,North,35.54,2,1,0.46,4,2,0.01,0.0,4,31,0.068,36,446.54,442.54,500.0,5,672.2
run_1789858687,rnd_task_011,robot_3,South,Central,0.97,0,2,0.46,4,2,0.02,0.0,6,31,0.066,73,355.84,351.84,500.0,5,698.4
run_1789858687,rnd_task_012,robot_2,North,North,26.61,2,1,0.46,4,1,0.04,0.18,6,32,0.08,45,295.88,291.88,500.0,6,602.2
run_1789858687,rnd_task_013,robot_4,Central,North,91.71,4,2,0.46,4,2,0.07,0.1,5,29,0.067,37,294.9,290.9,500.0,6,629.6
run_1789858687,rnd_task_014,robot_3,North,South,49.12,4,2,0.46,4,2,0.01,0.34,6,30,0.076,40,365.62,361.62,500.0,6,580.7
run_1789858687,rnd_task_015,robot_1,Central,North,59.85,4,2,0.46,4,2,0.03,0.04,4,20,0.062,45,388.02,384.02,500.0,6,518.8
run_1789858687,rnd_task_016,robot_2,North,Central,74.5,4,2,0.46,4,2,0.0,0.0,4,18,0.053,45,269.64,265.64,500.0,6,524.2
run_1789858687,rnd_task_017,robot_4,South,South,13.43,2,0,0.46,4,1,0.02,0.1,7,48,0.102,80,502.04,498.04,500.0,6,704.2
run_1789858687,rnd_task_018,robot_3,Central,North,1.01,0,2,0.46,4,2,0.02,0.09,6,42,0.106,43,373.32,369.32,500.0,5,601.2
run_1789858687,rnd_task_019,robot_1,Central,North,0.67,0,2,0.46,4,2,0.02,0.04,8,52,0.114,53,292.6,288.6,500.0,4,669.6
run_1789858687,rnd_task_020,robot_2,Central,North,76.32,4,2,0.46,4,2,0.0,0.18,3,24,0.116,37,219.56,215.56,500.0,3,328.0
run_1789865699,rnd_task_001,robot_1,South,North,57.52,4,2,0.46,4,2,0.01,0.0,5,29,0.06,43,391.08,387.08,500.0,4,701.0
run_1789865699,rnd_task_002,robot_4,Central,Central,37.45,2,0,0.46,4,1,0.1,0.0,1,6,0.026,28,202.32,198.32,500.0,3,227.4
run_1789865699,rnd_task_003,robot_3,North,South,55.65,4,2,0.46,4,2,0.08,0.19,8,45,0.1,29,571.38,567.38,500.0,5,718.06
run_1789865699,rnd_task_004,robot_2,Central,South,82.33,4,2,0.46,4,2,0.15,0.11,8,45,0.094,29,450.46,446.46,500.0,5,720.34
run_1789865699,rnd_task_005,robot_4,North,North,0.67,0,1,0.46,4,1,0.0,0.18,7,39,0.101,11,253.7,249.7,500.0,5,571.84
run_1789865699,rnd_task_006,robot_1,North,South,0.99,0,2,0.46,4,2,0.02,0.04,7,46,0.128,19,308.94,304.94,500.0,6,529.44
run_1789865699,rnd_task_007,robot_2,North,North,9.69,2,0,0.46,4,1,0.0,0.18,8,41,0.115,18,374.4,370.4,500.0,5,523.6
run_1789865699,rnd_task_008,robot_3,North,Central,56.03,2,1,0.46,4,2,0.08,0.11,11,73,0.109,134,566.3,562.3,500.0,7,1041.6
run_1789865699,rnd_task_009,robot_4,North,Central,0.85,0,2,0.46,4,2,0.03,0.14,8,41,0.123,18,246.92,242.92,500.0,4,487.0
run_1789865699,rnd_task_010,robot_1,North,Central,95.29,4,2,0.46,4,2,0.05,0.09,8,50,0.076,116,486.02,482.02,500.0,8,996.0
run_1789865699,rnd_task_011,robot_4,South,South,18.57,2,0,0.46,4,1,0.0,0.18,6,20,0.07,116,222.72,218.72,500.0,3,372.42
run_1789865699,rnd_task_012,robot_2,South,North,69.63,4,2,0.46,4,2,0.12,0.16,8,39,0.072,116,611.66,607.66,500.0,5,828.4
run_1789865699,rnd_task_013,robot_4,North,Central,0.97,0,2,0.46,4,2,0.01,0.0,6,31,0.075,9,510.72,506.72,500.0,6,670.1
run_1789865699,rnd_task_014,robot_3,South,North,6.04,1,2,0.46,4,2,0.04,0.09,9,48,0.07,45,493.08,489.08,500.0,8,1035.4
run_1789865699,rnd_task_015,robot_2,Central,North,6.0,0,2,0.46,4,2,0.0,0.18,7,34,0.083,45,297.7,293.7,500.0,6,599.0
run_1789865699,rnd_task_016,robot_1,North,South,67.79,4,2,0.46,4,2,0.11,0.14,5,29,0.078,45,184.72,180.72,500.0,4,514.8
run_1789865699,rnd_task_017,robot_4,Central,Central,103.2,4,2,0.46,4,1,0.11,0.29,8,37,0.067,93,443.38,439.38,500.0,6,840.4
run_1789865699,rnd_task_018,robot_1,North,South,6.0,0,2,0.46,4,2,0.06,0.13,8,49,0.105,57,376.72,372.72,500.0,5,704.2
run_1789865699,rnd_task_019,robot_2,South,North,76.71,4,2,0.46,4,2,0.04,0.14,10,61,0.089,112,711.78,707.78,500.0,4,1051.34
run_1789865699,rnd_task_020,robot_3,Central,South,90.72,4,2,0.46,4,2,0.06,0.2,9,54,0.084,106,528.12,524.12,500.0,3,925.1
run_1789830496,rnd_task_001,robot_1,North,North,29.43,2,1,0.46,4,1,0.01,0.01,5,30,0.076,47,473.56,469.56,500.0,4,605.0
run_1789830496,rnd_task_002,robot_4,North,South,97.58,4,2,0.46,4,2,0.06,0.04,9,70,0.101,67,638.3,634.3,500.0,8,1049.0
run_1789830496,rnd_task_003,robot_2,South,Central,6.0,1,2,0.46,4,2,0.06,0.0,4,20,0.069,35,245.24,241.24,500.0,3,405.58
run_1789830496,rnd_task_004,robot_3,North,South,60.51,4,2,0.46,4,2,0.08,0.07,7,47,0.085,54,656.56,652.56,500.0,6,800.4
run_1789830496,rnd_task_005,robot_2,Central,North,6.0,1,2,0.46,4,2,0.05,0.0,5,15,0.079,11,103.8,99.8,500.0,4,280.0
run_1789830496,rnd_task_006,robot_1,North,Central,34.8,2,1,0.46,4,2,0.0,0.18,3,28,0.121,19,208.22,204.22,500.0,5,329.52
run_1789830496,rnd_task_007,robot_2,South,Central,80.3,4,2,0.46,4,2,0.04,0.0,6,51,0.116,86,436.0,432.0,500.0,6,673.34
run_1789830496,rnd_task_008,robot_3,North,South,64.2,4,2,0.46,4,2,0.02,0.17,8,66,0.109,86,648.34,644.34,500.0,6,895.4
run_1789830496,rnd_task_009,robot_1,North,Central,53.26,2,1,0.46,4,2,0.01,0.23,8,61,0.106,82,392.06,388.06,500.0,7,889.4
run_1789830496,rnd_task_010,robot_4,North,North,37.44,2,1,0.46,4,1,0.05,0.11,8,66,0.116,82,521.62,517.62,500.0,7,877.0
run_1789830496,rnd_task_011,robot_2,South,South,24.94,2,0,0.46,4,1,0.0,0.18,5,31,0.119,13,180.58,176.58,500.0,4,368.4
run_1789830496,rnd_task_012,robot_3,South,North,47.09,4,2,0.46,4,2,0.0,0.18,7,48,0.126,15,423.4,419.4,500.0,7,569.4
run_1789830496,rnd_task_013,robot_2,North,North,30.7,2,1,0.46,4,1,0.0,0.18,10,49,0.116,15,374.82,370.82,500.0,8,637.4
run_1789830496,rnd_task_014,robot_1,North,North,0.54,0,0,0.46,4,1,0.0,0.18,4,24,0.103,0,199.16,195.16,500.0,4,329.88
run_1789830496,rnd_task_015,robot_4,Central,North,31.22,2,0,0.46,4,2,0.01,0.03,6,30,0.103,15,282.12,278.12,500.0,5,427.8
run_1789830496,rnd_task_016,robot_1,South,Central,28.02,2,0,0.46,4,2,0.01,0.04,9,48,0.096,47,491.78,487.78,500.0,7,773.6
run_1789830496,rnd_task_017,robot_3,North,North,0.85,0,0,0.46,4,1,0.05,0.01,3,18,0.1,3,66.44,62.44,500.0,5,220.6
run_1789830496,rnd_task_018,robot_4,North,Central,22.67,2,0,0.46,4,2,0.01,0.2,6,30,0.089,27,287.2,283.2,500.0,5,561.6
run_1789830496,rnd_task_019,robot_2,South,North,61.02,4,2,0.46,4,2,0.03,0.11,6,31,0.074,42,518.26,514.26,500.0,4,624.3
run_1789830496,rnd_task_020,robot_3,North,South,67.38,4,2,0.46,4,2,0.06,0.03,6,34,0.085,39,378.02,374.02,500.0,3,613.2
run_1789832599,rnd_task_001,robot_1,North,North,50.97,2,1,0.46,4,1,0.03,0.0,7,51,0.093,49,536.9,532.9,500.0,6,839.0
run_1789832599,rnd_task_002,robot_4,Central,Central,0.99,0,1,0.46,4,1,0.1,0.01,3,22,0.074,38,251.8,247.8,500.0,3,456.6
run_1789832599,rnd_task_003,robot_3,North,Central,51.35,2,1,0.46,4,2,0.11,0.13,4,28,0.081,27,333.56,329.56,500.0,5,543.0
run_1789832599,rnd_task_004,robot_2,South,Central,75.55,4,2,0.46,4,2,0.1,0.02,3,22,0.064,22,240.6,236.6,500.0,3,440.2
run_1789832599,rnd_task_005,robot_2,South,Central,79.61,4,2,0.46,4,2,0.0,0.18,7,32,0.092,11,227.3,223.3,500.0,5,500.0
run_1789832599,rnd_task_006,robot_4,North,Central,18.33,2,0,0.46,4,2,0.02,0.46,8,44,0.105,16,265.06,261.06,500.0,6,626.06
run_1789832599,rnd_task_007,robot_3,South,North,62.9,4,2,0.46,4,2,0.0,0.18,8,59,0.123,21,345.42,341.42,500.0,6,731.2
run_1789832599,rnd_task_008,robot_1,South,North,80.86,4,2,0.46,4,2,0.0,0.18,8,43,0.113,10,262.78,258.78,500.0,7,600.3
run_1789832599,rnd_task_009,robot_2,Central,North,75.79,4,2,0.46,4,2,0.0,0.18,6,30,0.113,10,210.28,206.28,500.0,5,390.2
run_1789832599,rnd_task_010,robot_4,North,Central,85.75,4,2,0.46,4,2,0.0,0.18,5,30,0.112,5,141.22,137.22,500.0,6,391.2
run_1789832599,rnd_task_011,robot_3,North,North,27.9,2,1,0.46,4,1,0.0,0.18,5,20,0.067,5,165.08,161.08,500.0,6,416.98
run_1789832599,rnd_task_012,robot_2,South,North,54.59,4,2,0.46,4,2,0.03,0.0,9,64,0.097,103,695.64,691.64,500.0,10,1013.6
run_1789832599,rnd_task_013,robot_1,North,North,5.37,2,0,0.46,4,1,0.0,0.18,3,19,0.072,5,150.66,146.66,500.0,5,331.76
run_1789832599,rnd_task_014,robot_4,Central,North,48.26,2,1,0.46,4,2,0.0,0.18,4,24,0.081,83,224.44,220.44,500.0,5,469.4
run_1789832599,rnd_task_015,robot_3,North,South,54.18,4,2,0.46,4,2,0.19,0.07,6,29,0.093,98,393.72,389.72,500.0,5,496.6
run_1789832599,rnd_task_016,robot_1,Central,South,36.18,2,0,0.46,4,2,0.09,0.03,6,35,0.084,98,237.92,233.92,500.0,5,592.2
run_1789832599,rnd_task_017,robot_4,Central,Central,52.62,2,1,0.46,4,1,0.0,0.18,7,41,0.103,43,235.84,231.84,500.0,6,603.0
run_1789832599,rnd_task_018,robot_3,Central,South,88.55,4,2,0.46,4,2,0.02,0.0,7,38,0.098,23,296.52,292.52,500.0,5,591.8
run_1789832599,rnd_task_019,robot_1,South,North,0.85,0,2,0.46,4,2,0.02,0.0,7,37,0.083,36,472.64,468.64,500.0,4,653.8
run_1789832599,rnd_task_020,robot_2,Central,North,0.99,0,2,0.46,4,2,0.04,0.0,9,43,0.095,36,455.96,451.96,500.0,3,713.6
run_1789845870,rnd_task_001,robot_4,Central,North,23.83,2,0,0.46,4,2,0.04,0.08,5,35,0.07,100,400.38,396.38,500.0,4,738.0
run_1789845870,rnd_task_002,robot_3,North,North,34.5,2,1,0.46,4,1,0.03,0.04,5,35,0.069,116,452.26,448.26,500.0,5,786.0
run_1789845870,rnd_task_003,robot_1,North,Central,64.44,4,2,0.46,4,2,0.02,0.02,5,33,0.08,93,418.66,414.66,500.0,3,597.6
run_1789845870,rnd_task_004,robot_2,Central,North,0.99,0,2,0.46,4,2,0.0,0.0,6,41,0.077,108,597.82,593.82,500.0,6,827.3
run_1789845870,rnd_task_005,robot_1,North,South,0.85,0,2,0.46,4,2,0.05,0.16,6,25,0.057,107,378.72,374.72,500.0,6,598.8
run_1789845870,rnd_task_006,robot_4,North,North,31.48,2,1,0.46,4,1,0.03,0.14,6,41,0.095,116,332.04,328.04,500.0,7,676.0
run_1789845870,rnd_task_007,robot_3,Central,South,69.01,4,2,0.46,4,2,0.17,0.17,6,36,0.09,100,272.62,268.62,500.0,5,553.4
run_1789845870,rnd_task_008,robot_2,South,North,55.23,4,2,0.46,4,2,0.16,0.08,9,53,0.108,116,518.74,514.74,500.0,6,760.2
run_1789845870,rnd_task_009,robot_1,Central,South,0.85,0,2,0.46,4,2,0.03,0.12,7,44,0.109,43,247.58,243.58,500.0,6,606.84
run_1789845870,rnd_task_010,robot_3,South,North,1.3,1,2,0.46,4,2,0.04,0.0,7,48,0.086,39,580.02,576.02,500.0,6,832.8
run_1789845870,rnd_task_011,robot_4,North,South,6.0,0,2,0.46,4,2,0.03,0.07,9,60,0.085,51,611.76,607.76,500.0,6,1084.26
run_1789845870,rnd_task_012,robot_2,South,North,78.6,4,2,0.46,4,2,0.01,0.46,6,41,0.07,35,582.22,578.22,500.0,6,889.66
run_1789845870,rnd_task_013,robot_1,Central,South,26.72,2,0,0.46,4,2,0.0,0.18,5,30,0.066,12,220.56,216.56,500.0,4,638.2
run_1789845870,rnd_task_014,robot_3,Central,Central,67.02,2,1,0.46,4,1,0.03,0.37,9,53,0.101,37,376.86,372.86,500.0,7,749.8
run_1789845870,rnd_task_015,robot_1,South,Central,62.65,4,2,0.46,4,2,0.02,0.22,4,19,0.07,12,194.16,190.16,500.0,4,341.0
run_1789845870,rnd_task_016,robot_4,North,South,81.52,4,2,0.46,4,2,0.05,0.04,12,90,0.116,91,770.38,766.38,500.0,6,1186.4
run_1789845870,rnd_task_017,robot_2,North,South,58.99,4,2,0.46,4,2,0.04,0.16,9,53,0.169,34,335.98,331.98,500.0,5,509.8
run_1789845870,rnd_task_018,robot_1,Central,Central,0.67,0,0,0.46,4,1,0.14,0.09,5,34,0.249,22,52.54,48.54,500.0,4,192.8
run_1789845870,rnd_task_019,robot_3,Central,South,74.04,4,2,0.46,4,2,0.03,0.01,6,25,0.105,21,207.84,203.84,500.0,4,363.0
run_1789845870,rnd_task_020,robot_1,North,North,8.95,2,0,0.46,4,1,0.0,0.18,4,13,0.064,18,168.48,164.48,500.0,2,282.8
run_1789856494,rnd_task_001,robot_1,North,North,35.41,2,1,0.46,4,1,0.05,0.01,8,45,0.087,98,506.24,502.24,500.0,5,783.2
run_1789856494,rnd_task_002,robot_2,South,North,66.24,4,2,0.46,4,2,0.18,0.06,5,29,0.066,98,460.38,456.38,500.0,4,632.8
run_1789856494,rnd_task_003,robot_4,South,Central,80.39,4,2,0.46,4,2,0.03,0.0,4,23,0.073,86,233.04,229.04,500.0,3,467.58
run_1789856494,rnd_task_004,robot_3,Central,North,100.1,4,2,0.46,4,2,0.09,0.17,8,46,0.086,91,425.76,421.76,500.0,6,816.0
run_1789856494,rnd_task_005,robot_4,South,South,36.14,2,1,0.46,4,1,0.01,0.02,7,35,0.098,10,216.1,212.1,500.0,6,528.8
run_1789856494,rnd_task_006,robot_2,North,Central,37.45,2,0,0.46,4,2,0.0,0.18,5,29,0.116,1,196.52,192.52,500.0,5,361.36
run_1789856494,rnd_task_007,robot_1,North,South,57.27,4,2,0.46,4,2,0.0,0.0,8,49,0.12,42,406.62,402.62,500.0,6,617.0
run_1789856494,rnd_task_008,robot_3,South,North,53.2,4,2,0.46,4,2,0.03,0.21,11,76,0.12,75,509.3,505.3,500.0,7,950.88
run_1789856494,rnd_task_009,robot_2,North,South,69.06,4,2,0.46,4,2,0.1,0.09,10,67,0.12,74,557.2,553.2,500.0,6,850.3
run_1789856494,rnd_task_010,robot_4,South,North,65.99,4,2,0.46,4,2,0.05,0.01,8,53,0.108,74,402.54,398.54,500.0,4,739.8
run_1789856494,rnd_task_011,robot_1,North,Central,100.1,4,2,0.46,4,2,0.01,0.0,6,37,0.082,33,334.02,330.02,500.0,6,660.8
run_1789856494,rnd_task_012,robot_4,North,Central,23.41,2,0,0.46,4,2,0.06,0.0,3,20,0.07,26,235.3,231.3,500.0,6,458.4
run_1789856494,rnd_task_013,robot_3,Central,North,83.41,4,2,0.46,4,2,0.04,0.04,7,31,0.065,54,348.56,344.56,500.0,6,738.4
run_1789856494,rnd_task_014,robot_2,North,South,0.85,0,2,0.46,4,2,0.05,0.03,6,35,0.065,54,546.94,542.94,500.0,6,769.4
run_1789856494,rnd_task_015,robot_1,North,North,27.93,2,1,0.46,4,1,0.03,0.14,5,31,0.072,55,333.84,329.84,500.0,6,639.0
run_1789856494,rnd_task_016,robot_4,South,Central,50.97,2,1,0.46,4,2,0.02,0.01,8,45,0.091,43,401.22,397.22,500.0,6,747.2
run_1789856494,rnd_task_017,robot_3,South,North,76.96,4,2,0.46,4,2,0.02,0.4,10,54,0.089,53,475.62,471.62,500.0,6,925.8
run_1789856494,rnd_task_018,robot_2,Central,North,90.97,4,2,0.46,4,2,0.01,0.15,9,48,0.088,53,375.66,371.66,500.0,5,818.58
run_1789856494,rnd_task_019,robot_1,Central,North,0.67,0,2,0.46,4,2,0.04,0.27,6,34,0.089,19,201.34,197.34,500.0,4,561.6
run_1789856494,rnd_task_020,robot_4,North,North,13.43,2,0,0.46,4,1,0.0,0.18,5,19,0.085,1,251.66,247.66,500.0,3,330.0
run_1789866767,rnd_task_001,robot_4,South,South,0.51,0,1,0.46,4,1,0.07,0.0,5,34,0.074,160,213.34,209.34,500.0,4,620.38
run_1789866767,rnd_task_002,robot_3,North,North,0.49,0,1,0.46,4,1,0.17,0.1,6,41,0.09,162,514.26,510.26,500.0,5,736.6
run_1789866767,rnd_task_003,robot_1,North,South,60.37,4,2,0.46,4,2,0.23,0.05,3,23,0.064,160,402.56,398.56,500.0,3,500.2
run_1789866767,rnd_task_004,robot_2,North,North,23.06,2,0,0.46,4,1,0.07,0.08,6,41,0.087,160,568.6,564.6,500.0,6,738.0
run_1789866767,rnd_task_005,robot_1,North,North,30.73,2,1,0.46,4,1,0.02,0.09,7,48,0.095,42,610.96,606.96,500.0,8,779.6
run_1789866767,rnd_task_006,robot_4,Central,Central,84.57,4,2,0.46,4,1,0.0,0.0,5,29,0.1,26,155.94,151.94,500.0,5,398.6
run_1789866767,rnd_task_007,robot_3,North,North,21.92,2,0,0.46,4,1,0.11,0.07,5,42,0.08,54,550.88,546.88,500.0,7,776.2
run_1789866767,rnd_task_008,robot_2,South,North,71.72,4,2,0.46,4,2,0.0,0.18,5,30,0.095,40,338.84,334.84,500.0,4,503.4
run_1789866767,rnd_task_009,robot_4,North,Central,39.12,2,1,0.46,4,2,0.04,0.0,4,31,0.072,30,469.08,465.08,500.0,6,642.86
run_1789866767,rnd_task_010,robot_2,South,North,54.49,4,2,0.46,4,2,0.06,0.12,7,65,0.094,96,848.74,844.74,500.0,11,1065.4
run_1789866767,rnd_task_011,robot_1,South,North,62.65,4,2,0.46,4,2,0.07,0.0,6,47,0.09,65,396.8,392.8,500.0,7,755.6
run_1789866767,rnd_task_012,robot_3,North,Central,37.09,2,1,0.46,4,2,0.0,0.18,2,18,0.081,45,158.4,154.4,500.0,4,347.8
run_1789866767,rnd_task_013,robot_4,South,North,56.53,4,2,0.46,4,2,0.0,0.18,6,36,0.094,82,410.76,406.76,500.0,6,572.4
run_1789866767,rnd_task_014,robot_3,Central,Central,0.55,0,0,0.46,4,1,0.0,0.18,4,17,0.167,6,87.08,83.08,500.0,3,155.8
run_1789866767,rnd_task_015,robot_3,South,South,12.46,2,0,0.46,4,1,0.0,0.18,5,25,0.091,31,190.28,186.28,500.0,7,375.4
run_1789866767,rnd_task_016,robot_1,North,North,46.0,2,1,0.46,4,1,0.09,0.08,4,18,0.119,31,61.26,57.26,500.0,4,235.2
run_1789866767,rnd_task_017,robot_4,South,South,30.95,2,1,0.46,4,1,0.01,0.45,8,60,0.11,73,472.7,468.7,500.0,6,762.08
run_1789866767,rnd_task_018,robot_1,North,North,22.65,2,0,0.46,4,1,0.03,0.02,7,36,0.115,22,140.5,136.5,500.0,5,470.4
run_1789866767,rnd_task_019,robot_2,North,North,0.98,0,0,0.46,4,1,0.02,0.08,5,37,0.109,23,242.7,238.7,500.0,4,552.6
run_1789866767,rnd_task_020,robot_3,South,South,0.51,0,1,0.46,4,1,0.01,0.34,7,52,0.13,85,127.62,123.62,500.0,3,601.8
run_1789851700,rnd_task_001,robot_1,South,North,6.0,0,2,0.46,4,2,0.03,0.0,5,40,0.094,49,413.62,409.62,500.0,3,596.2
run_1789851700,rnd_task_002,robot_4,North,Central,37.57,2,1,0.46,4,2,0.06,0.07,5,40,0.101,42,463.62,459.62,500.0,4,635.2
run_1789851700,rnd_task_003,robot_3,South,North,63.84,4,2,0.46,4,2,0.05,0.09,5,34,0.086,29,418.04,414.04,500.0,4,607.4
run_1789851700,rnd_task_004,robot_2,South,North,71.83,4,2,0.46,4,2,0.02,0.26,6,35,0.07,35,380.44,376.44,500.0,6,683.06
run_1789851700,rnd_task_005,robot_1,North,South,82.5,4,2,0.46,4,2,0.01,0.2,10,69,0.106,131,446.92,442.92,500.0,8,960.62
run_1789851700,rnd_task_006,robot_3,North,South,81.37,4,2,0.46,4,2,0.21,0.2,8,36,0.092,86,374.22,370.22,500.0,5,629.2
run_1789851700,rnd_task_007,robot_4,South,Central,58.33,4,2,0.46,4,2,0.08,0.01,7,36,0.089,86,353.04,349.04,500.0,4,582.8
run_1789851700,rnd_task_008,robot_2,North,South,56.78,4,2,0.46,4,2,0.13,0.13,8,63,0.106,114,468.68,464.68,500.0,6,866.7
run_1789851700,rnd_task_009,robot_4,North,South,56.53,4,2,0.46,4,2,0.03,0.0,8,60,0.125,57,430.0,426.0,500.0,7,733.2
run_1789851700,rnd_task_010,robot_3,South,South,24.94,2,0,0.46,4,1,0.03,0.0,6,43,0.13,56,267.56,263.56,500.0,5,490.6
run_1789851700,rnd_task_011,robot_1,North,South,55.48,4,2,0.46,4,2,0.01,0.0,10,49,0.102,13,481.88,477.88,500.0,6,726.0
run_1789851700,rnd_task_012,robot_2,North,Central,22.65,2,0,0.46,4,2,0.0,0.18,9,49,0.106,13,428.64,424.64,500.0,5,700.4
run_1789851700,rnd_task_013,robot_3,North,South,74.53,4,2,0.46,4,2,0.04,0.09,7,55,0.093,33,523.1,519.1,500.0,6,882.4
run_1789851700,rnd_task_014,robot_4,North,Central,26.07,2,0,0.46,4,2,0.02,0.07,9,64,0.109,76,655.92,651.92,500.0,6,896.4
run_1789851700,rnd_task_015,robot_2,North,South,53.2,4,2,0.46,4,2,0.17,0.12,7,49,0.106,115,351.96,347.96,500.0,5,662.6
run_1789851700,rnd_task_016,robot_1,Central,South,53.74,2,1,0.46,4,2,0.1,0.11,10,66,0.133,115,260.56,256.56,500.0,6,769.4
run_1789851700,rnd_task_017,robot_3,South,South,16.53,2,0,0.46,4,1,0.01,0.11,5,40,0.15,83,183.9,179.9,500.0,5,372.8
run_1789851700,rnd_task_018,robot_4,North,North,0.67,0,1,0.46,4,1,0.0,0.18,6,32,0.107,37,233.04,229.04,500.0,5,466.4
run_1789851700,rnd_task_019,robot_2,South,North,65.08,4,2,0.46,4,2,0.0,0.18,5,36,0.081,7,383.0,379.0,500.0,4,664.8
run_1789851700,rnd_task_021,robot_1,South,Central,0.85,0,2,0.46,4,2,0.06,0.08,5,35,0.067,30,398.76,394.76,500.0,2,750.4
run_1789853790,rnd_task_001,robot_1,South,North,56.05,4,2,0.46,4,2,0.09,0.07,8,51,0.12,179,381.18,377.18,500.0,5,617.6
run_1789853790,rnd_task_002,robot_2,North,North,6.84,2,0,0.46,4,1,0.19,0.04,5,35,0.108,107,380.8,376.8,500.0,4,480.4
run_1789853790,rnd_task_003,robot_4,South,South,13.51,2,0,0.46,4,1,0.15,0.0,3,23,0.117,68,65.14,61.14,500.0,3,273.8
run_1789853790,rnd_task_004,robot_3,North,South,59.12,4,2,0.46,4,2,0.17,0.05,9,66,0.128,264,708.62,704.62,500.0,7,859.8
run_1789853790,rnd_task_005,robot_4,Central,South,33.9,2,0,0.46,4,2,0.0,0.18,5,28,0.123,124,228.3,224.3,500.0,5,340.2
run_1789853790,rnd_task_006,robot_2,North,South,73.38,4,2,0.46,4,2,0.09,0.17,7,46,0.095,196,459.38,455.38,500.0,7,716.2
run_1789853790,rnd_task_007,robot_1,North,North,38.82,2,1,0.46,4,1,0.07,0.06,7,35,0.086,114,233.88,229.88,500.0,6,627.78
run_1789853790,rnd_task_008,robot_4,South,South,28.66,2,1,0.46,4,1,0.0,0.46,3,15,0.046,90,172.9,168.9,500.0,4,344.2
run_1789853790,rnd_task_009,robot_3,Central,South,98.06,4,2,0.46,4,2,0.07,0.02,7,47,0.075,52,435.64,431.64,500.0,5,911.8
run_1789853790,rnd_task_010,robot_4,South,South,14.01,2,0,0.46,4,1,0.01,0.46,5,29,0.121,8,161.38,157.38,500.0,3,347.8
run_1789853790,rnd_task_013,robot_4,Central,Central,0.67,0,1,0.46,4,1,0.0,0.18,3,24,0.049,26,314.1,310.1,500.0,2,656.4
run_1789853790,rnd_task_014,robot_3,South,North,52.46,4,2,0.46,4,2,0.0,0.18,4,24,0.048,1,324.06,320.06,500.0,2,670.28
run_1789853790,rnd_task_015,robot_4,South,Central,69.82,4,2,0.46,4,2,0.0,0.18,4,23,0.063,1,165.22,161.22,500.0,1,476.0
run_1789853790,rnd_task_018,robot_4,North,Central,24.69,2,0,0.46,4,2,0.0,0.18,3,13,0.027,78,265.38,261.38,500.0,0,511.76
run_1789853790,rnd_task_020,robot_4,Central,North,0.99,0,2,0.46,4,2,0.0,0.18,2,12,0.021,104,256.0,252.0,500.0,0,560.8
run_1789853790,rnd_task_023,robot_4,North,North,21.27,2,1,0.46,4,1,0.0,0.18,1,6,0.018,72,125.3,121.3,500.0,0,328.8
run_1789853790,rnd_task_024,robot_4,North,South,71.4,4,2,0.46,4,2,0.0,0.18,1,6,0.009,148,311.44,307.44,500.0,0,639.6
run_1789855296,rnd_task_001,robot_1,South,South,0.99,0,1,0.46,4,1,0.12,0.0,2,23,0.078,54,49.24,45.24,500.0,3,305.8
run_1789855296,rnd_task_002,robot_4,North,North,25.81,2,1,0.46,4,1,0.01,0.0,3,30,0.072,54,348.42,344.42,500.0,4,639.96
run_1789855296,rnd_task_003,robot_2,North,South,57.94,4,2,0.46,4,2,0.01,0.03,6,40,0.089,36,588.0,584.0,500.0,5,720.6
run_1789855296,rnd_task_004,robot_3,South,North,0.67,0,2,0.46,4,2,0.02,0.12,6,35,0.077,36,455.3,451.3,500.0,6,726.2
run_1789855296,rnd_task_005,robot_1,North,South,0.85,0,2,0.46,4,2,0.0,0.18,9,59,0.077,39,841.4,837.4,500.0,8,1173.4
run_1789855296,rnd_task_006,robot_4,North,Central,0.97,0,2,0.46,4,2,0.0,0.18,4,23,0.085,19,134.44,130.44,500.0,5,400.2
run_1789855296,rnd_task_007,robot_2,North,North,16.78,2,0,0.46,4,1,0.02,0.0,8,37,0.078,39,379.18,375.18,500.0,5,693.08
run_1789855296,rnd_task_008,robot_3,South,North,66.63,4,2,0.46,4,2,0.02,0.0,8,44,0.082,53,559.76,555.76,500.0,6,829.6
run_1789855296,rnd_task_009,robot_4,Central,North,6.0,0,2,0.46,4,2,0.01,0.0,6,36,0.092,34,271.28,267.28,500.0,6,584.8
run_1789855296,rnd_task_010,robot_2,South,North,50.13,4,2,0.46,4,2,0.04,0.03,9,55,0.088,83,682.28,678.28,500.0,7,913.0
run_1789855296,rnd_task_011,robot_1,South,North,45.43,4,2,0.46,4,2,0.03,0.0,5,36,0.092,79,362.58,358.58,500.0,5,563.8
run_1789855296,rnd_task_012,robot_3,South,North,74.42,4,2,0.46,4,2,0.23,0.03,13,90,0.063,523,1952.5,1948.5,500.0,10,2291.0
run_1789855296,rnd_task_013,robot_4,South,North,59.26,4,2,0.46,4,2,0.03,0.28,7,49,0.081,94,708.42,704.42,500.0,5,942.4
run_1789855296,rnd_task_014,robot_1,North,South,0.85,0,2,0.46,4,2,0.06,0.19,5,31,0.066,45,319.66,315.66,500.0,5,602.2
run_1789855296,rnd_task_015,robot_2,North,North,21.02,2,0,0.46,4,1,0.41,0.0,8,53,0.052,457,1339.76,1335.76,500.0,7,1620.6
run_1789855296,rnd_task_017,robot_4,South,North,52.94,4,2,0.46,4,2,0.0,0.18,5,35,0.054,231,481.42,477.42,500.0,5,969.94
run_1789855296,rnd_task_018,robot_1,South,Central,105.23,4,2,0.46,4,2,0.0,0.18,3,18,0.029,175,240.02,236.02,500.0,3,751.6
run_1789855296,rnd_task_021,robot_1,North,South,0.85,0,2,0.46,4,2,0.13,0.03,7,41,0.076,275,546.0,542.0,500.0,5,845.0
run_1789855296,rnd_task_022,robot_4,South,Central,30.73,2,1,0.46,4,2,0.02,0.0,6,35,0.077,230,410.08,406.08,500.0,4,675.4
run_1789855296,rnd_task_024,robot_2,Central,South,0.83,0,2,0.46,4,2,0.11,0.11,5,24,0.082,36,177.12,173.12,500.0,2,390.0
run_1789869585,rnd_task_001,robot_1,North,South,0.49,0,2,0.46,4,2,0.05,0.05,9,68,0.094,140,708.58,704.58,500.0,6,1088.8
run_1789869585,rnd_task_002,robot_2,South,Central,0.67,0,2,0.46,4,2,0.1,0.01,4,23,0.053,83,292.38,288.38,500.0,3,602.28
run_1789869585,rnd_task_003,robot_3,Central,South,51.71,2,1,0.46,4,2,0.07,0.01,6,34,0.062,64,374.08,370.08,500.0,4,810.8
run_1789869585,rnd_task_004,robot_4,North,South,64.31,4,2,0.46,4,2,0.08,0.02,9,68,0.105,107,803.0,799.0,500.0,7,1051.2
run_1789869585,rnd_task_005,robot_2,North,North,16.53,2,0,0.46,4,1,0.0,0.18,5,39,0.133,56,271.76,267.76,500.0,4,420.58
run_1789869585,rnd_task_006,robot_3,South,South,32.47,2,1,0.46,4,1,0.19,0.14,6,44,0.114,74,207.94,203.94,500.0,7,561.22
run_1789869585,rnd_task_007,robot_2,Central,Central,90.33,4,2,0.46,4,1,0.0,0.18,4,11,0.051,16,119.06,115.06,500.0,5,274.84
run_1789869585,rnd_task_008,robot_1,Central,Central,47.03,2,1,0.46,4,1,0.03,0.34,6,26,0.087,31,171.46,167.46,500.0,6,461.38
run_1789869585,rnd_task_009,robot_4,Central,South,91.46,4,2,0.46,4,2,0.08,0.02,9,50,0.105,31,402.06,398.06,500.0,6,683.4
run_1789869585,rnd_task_010,robot_2,Central,North,56.3,4,2,0.46,4,2,0.02,0.0,7,45,0.13,14,221.88,217.88,500.0,6,521.2
run_1789869585,rnd_task_011,robot_3,Central,Central,69.31,2,1,0.46,4,1,0.0,0.18,8,53,0.134,3,228.84,224.84,500.0,7,612.8
run_1789869585,rnd_task_012,robot_1,North,North,12.88,2,0,0.46,4,1,0.0,0.18,5,29,0.144,0,160.58,156.58,500.0,4,305.0
run_1789869585,rnd_task_013,robot_4,North,South,0.49,0,2,0.46,4,2,0.06,0.14,7,36,0.089,18,346.58,342.58,500.0,7,632.6
run_1789869585,rnd_task_014,robot_1,North,North,14.4,2,1,0.46,4,1,0.0,0.18,3,13,0.078,0,66.9,62.9,500.0,4,230.8
run_1789869585,rnd_task_015,robot_2,North,South,75.79,4,2,0.46,4,2,0.01,0.01,8,42,0.095,18,337.2,333.2,500.0,7,697.2
run_1789869585,rnd_task_016,robot_3,North,North,51.2,2,1,0.46,4,1,0.05,0.06,11,63,0.099,38,479.92,475.92,500.0,7,970.8
run_1789869585,rnd_task_017,robot_1,North,Central,65.99,4,2,0.46,4,2,0.0,0.18,4,22,0.071,18,250.14,246.14,500.0,4,393.4
run_1789869585,rnd_task_018,robot_4,Central,Central,33.89,2,0,0.46,4,1,0.04,0.25,8,40,0.111,20,182.3,178.3,500.0,5,522.2
run_1789869585,rnd_task_019,robot_1,Central,South,6.0,0,2,0.46,4,2,0.05,0.0,8,35,0.118,20,172.9,168.9,500.0,4,459.0
run_1789869585,rnd_task_020,robot_2,North,North,29.01,2,0,0.46,4,1,0.0,0.18,8,42,0.109,20,213.74,209.74,500.0,3,570.2
run_1789859605,rnd_task_001,robot_4,North,North,27.85,2,1,0.46,4,1,0.15,0.13,7,46,0.107,251,457.52,453.52,500.0,6,694.2
run_1789859605,rnd_task_002,robot_3,Central,North,30.31,2,0,0.46,4,2,0.24,0.02,7,44,0.111,251,385.36,381.36,500.0,5,594.2
run_1789859605,rnd_task_003,robot_1,South,North,0.67,0,2,0.46,4,2,0.26,0.03,6,39,0.104,249,395.54,391.54,500.0,3,517.6
run_1789859605,rnd_task_004,robot_2,North,North,23.53,2,1,0.46,4,1,0.22,0.01,7,44,0.117,247,386.78,382.78,500.0,4,562.2
run_1789859605,rnd_task_005,robot_1,North,South,64.2,4,2,0.46,4,2,0.06,0.05,10,61,0.117,41,438.14,434.14,500.0,9,767.2
run_1789859605,rnd_task_006,robot_2,North,North,22.06,2,1,0.46,4,1,0.03,0.46,8,33,0.094,41,186.56,182.56,500.0,6,531.2
run_1789859605,rnd_task_007,robot_3,North,Central,0.85,0,2,0.46,4,2,0.04,0.01,7,25,0.091,41,218.26,214.26,500.0,4,372.4
run_1789859605,rnd_task_008,robot_4,South,Central,101.65,4,2,0.46,4,2,0.01,0.34,13,78,0.113,90,598.68,594.68,500.0,9,1084.2
run_1789859605,rnd_task_009,robot_3,South,Central,35.41,2,0,0.46,4,2,0.0,0.18,5,25,0.146,0,148.68,144.68,500.0,4,246.0
run_1789859605,rnd_task_010,robot_2,North,South,80.86,4,2,0.46,4,2,0.05,0.06,7,41,0.105,49,253.64,249.64,500.0,6,607.6
run_1789859605,rnd_task_011,robot_3,South,North,48.88,4,2,0.46,4,2,0.0,0.18,8,36,0.096,49,373.08,369.08,500.0,7,563.88
run_1789859605,rnd_task_012,robot_1,South,Central,36.18,2,0,0.46,4,2,0.0,0.18,3,12,0.103,0,46.34,42.34,500.0,3,155.8
run_1789859605,rnd_task_013,robot_1,Central,Central,42.28,2,0,0.46,4,1,0.03,0.06,5,25,0.078,49,152.42,148.42,500.0,6,433.4
run_1789859605,rnd_task_014,robot_2,South,South,18.82,2,0,0.46,4,1,0.0,0.18,8,44,0.133,32,173.9,169.9,500.0,6,483.0
run_1789859605,rnd_task_015,robot_4,South,Central,80.12,4,2,0.46,4,2,0.08,0.17,11,85,0.133,72,502.44,498.44,500.0,8,1022.2
run_1789859605,rnd_task_016,robot_3,Central,South,0.85,0,2,0.46,4,2,0.06,0.0,7,48,0.14,35,313.08,309.08,500.0,5,513.4
run_1789859605,rnd_task_017,robot_1,South,South,41.51,2,1,0.46,4,1,0.06,0.0,6,53,0.132,51,233.38,229.38,500.0,5,576.2
run_1789859605,rnd_task_018,robot_2,North,North,0.85,0,1,0.46,4,1,0.04,0.14,5,47,0.114,40,411.4,407.4,500.0,5,580.8
run_1789859605,rnd_task_019,robot_3,South,South,37.44,2,1,0.46,4,1,0.01,0.0,5,43,0.089,37,310.2,306.2,500.0,4,717.6
run_1789859605,rnd_task_020,robot_1,North,Central,21.6,2,0,0.46,4,2,0.01,0.1,6,43,0.089,59,545.1,541.1,500.0,3,787.0
run_1789842633,rnd_task_001,robot_4,South,Central,88.26,4,2,0.46,4,2,0.03,0.0,4,29,0.066,257,250.7,246.7,500.0,5,609.7
run_1789842633,rnd_task_002,robot_3,Central,North,48.55,2,1,0.46,4,2,0.13,0.07,4,28,0.08,257,351.08,347.08,500.0,4,553.4
run_1789842633,rnd_task_003,robot_2,North,South,74.18,4,2,0.46,4,2,0.17,0.06,8,65,0.092,324,779.2,775.2,500.0,7,1060.2
run_1789842633,rnd_task_004,robot_1,North,North,26.08,2,1,0.46,4,1,0.11,0.02,4,24,0.073,253,325.7,321.7,500.0,3,492.6
run_1789842633,rnd_task_005,robot_1,Central,South,68.45,4,2,0.46,4,2,0.02,0.19,5,16,0.062,32,279.62,275.62,500.0,5,387.8
run_1789842633,rnd_task_006,robot_3,South,Central,58.33,4,2,0.46,4,2,0.02,0.04,6,48,0.102,68,414.1,410.1,500.0,7,665.6
run_1789842633,rnd_task_007,robot_4,Central,North,62.4,4,2,0.46,4,2,0.05,0.02,6,42,0.115,68,268.3,264.3,500.0,5,555.96
run_1789842633,rnd_task_008,robot_1,North,North,4.55,0,0,0.46,4,1,0.03,0.16,5,32,0.13,37,299.9,295.9,500.0,6,398.6
run_1789842633,rnd_task_009,robot_2,Central,South,68.27,4,2,0.46,4,2,0.58,0.01,9,77,0.047,262,2104.64,2100.64,500.0,11,2448.6
run_1789842633,rnd_task_010,robot_4,Central,Central,109.56,4,2,0.46,4,1,0.69,0.01,7,66,0.045,262,1771.92,1767.92,500.0,8,2275.4
run_1789842633,rnd_task_011,robot_3,North,North,0.67,0,1,0.46,4,1,0.07,0.1,1,6,0.008,70,379.86,375.86,500.0,4,723.4
run_1789842633,rnd_task_012,robot_1,Central,South,60.37,4,2,0.46,4,2,0.8,0.01,6,53,0.041,237,1419.32,1415.32,500.0,5,1890.2
run_1789842633,rnd_task_013,robot_3,North,North,0.85,0,0,0.46,4,1,0.0,0.18,1,6,0.026,0,82.18,78.18,500.0,3,229.76
run_1789842633,rnd_task_014,robot_3,South,South,0.98,0,1,0.46,4,1,0.46,0.02,6,48,0.061,192,907.24,903.24,500.0,4,1207.64
run_1789842633,rnd_task_021,robot_1,North,South,69.66,4,2,0.46,4,2,0.02,0.08,9,54,0.089,109,637.78,633.78,500.0,8,963.52
run_1789842633,rnd_task_022,robot_3,North,South,60.62,4,2,0.46,4,2,0.0,0.18,6,29,0.101,65,282.3,278.3,500.0,4,413.8
run_1789842633,rnd_task_023,robot_4,North,North,10.42,2,0,0.46,4,1,0.03,0.29,5,29,0.095,65,239.8,235.8,500.0,5,421.98
run_1789842633,rnd_task_024,robot_2,North,South,54.59,4,2,0.46,4,2,0.0,0.12,10,65,0.098,93,721.78,717.78,500.0,5,1020.14
run_1789842633,rnd_task_025,robot_3,Central,North,43.94,2,1,0.46,4,2,0.0,0.0,7,36,0.091,33,353.88,349.88,500.0,4,618.0
run_1789842633,rnd_task_026,robot_4,North,South,55.48,4,2,0.46,4,2,0.0,0.18,6,30,0.076,33,279.9,275.9,500.0,3,552.2
run_1789846904,rnd_task_001,robot_1,South,South,48.94,2,1,0.46,4,1,0.04,0.0,4,34,0.103,40,190.06,186.06,500.0,3,445.5
run_1789846904,rnd_task_002,robot_4,North,Central,0.95,0,2,0.46,4,2,0.06,0.05,6,53,0.121,42,534.36,530.36,500.0,5,678.0
run_1789846904,rnd_task_003,robot_3,Central,Central,92.1,4,2,0.46,4,1,0.07,0.1,6,53,0.126,30,370.38,366.38,500.0,6,667.8
run_1789846904,rnd_task_004,robot_2,South,South,46.82,2,1,0.46,4,1,0.06,0.0,5,41,0.109,27,145.36,141.36,500.0,4,531.2
run_1789846904,rnd_task_005,robot_1,North,South,0.85,0,2,0.46,4,2,0.0,0.18,7,54,0.102,67,541.68,537.68,500.0,8,803.0
run_1789846904,rnd_task_006,robot_2,North,Central,19.85,2,0,0.46,4,2,0.14,0.18,4,41,0.099,66,461.28,457.28,500.0,6,648.18
run_1789846904,rnd_task_007,robot_4,South,South,43.8,2,1,0.46,4,1,0.02,0.0,5,36,0.083,64,268.64,264.64,500.0,7,623.4
run_1789846904,rnd_task_008,robot_3,North,North,23.92,2,0,0.46,4,1,0.17,0.08,3,18,0.071,33,187.74,183.74,500.0,3,394.2
run_1789846904,rnd_task_009,robot_3,North,Central,69.01,4,2,0.46,4,2,0.07,0.08,9,54,0.137,35,259.88,255.88,500.0,8,598.2
run_1789846904,rnd_task_010,robot_2,South,Central,0.51,0,2,0.46,4,2,0.0,0.18,6,30,0.136,0,125.98,121.98,500.0,5,308.4
run_1789846904,rnd_task_011,robot_1,South,South,0.85,0,0,0.46,4,1,0.0,0.18,6,31,0.113,0,69.76,65.76,500.0,5,388.08
run_1789846904,rnd_task_012,robot_4,North,South,0.85,0,2,0.46,4,2,0.02,0.16,12,88,0.135,25,690.96,686.96,500.0,9,1022.0
run_1789846904,rnd_task_013,robot_2,Central,Central,91.85,4,2,0.46,4,1,0.0,0.18,7,43,0.134,16,146.82,142.82,500.0,5,491.16
run_1789846904,rnd_task_014,robot_1,South,South,36.57,2,1,0.46,4,1,0.0,0.18,6,42,0.121,16,145.92,141.92,500.0,5,494.0
run_1789846904,rnd_task_015,robot_3,Central,South,101.16,4,2,0.46,4,2,0.0,0.0,5,36,0.109,10,192.48,188.48,500.0,5,477.6
run_1789846904,rnd_task_016,robot_2,South,North,65.99,4,2,0.46,4,2,0.0,0.2,8,46,0.091,48,484.14,480.14,500.0,7,765.8
run_1789846904,rnd_task_017,robot_1,South,North,83.32,4,2,0.46,4,2,0.03,0.0,6,30,0.082,48,237.18,233.18,500.0,5,533.82
run_1789846904,rnd_task_018,robot_3,South,South,47.87,2,1,0.46,4,1,0.0,0.18,7,41,0.096,48,251.94,247.94,500.0,5,622.8
run_1789846904,rnd_task_019,robot_4,Central,South,70.7,4,2,0.46,4,2,0.0,0.0,7,31,0.094,40,344.9,340.9,500.0,4,510.2
run_1789846904,rnd_task_020,robot_1,Central,North,55.78,2,1,0.46,4,2,0.07,0.26,6,36,0.082,98,222.7,218.7,500.0,3,633.6
run_1789862681,rnd_task_001,robot_1,South,North,0.49,0,2,0.46,4,2,0.07,0.02,8,53,0.097,79,407.74,403.74,500.0,5,800.6
run_1789862681,rnd_task_002,robot_4,Central,Central,69.3,2,1,0.46,4,1,0.0,0.0,8,51,0.107,79,360.68,356.68,500.0,4,731.1
run_1789862681,rnd_task_003,robot_3,North,North,39.48,2,1,0.46,4,1,0.13,0.04,10,75,0.111,77,656.64,652.64,500.0,7,1060.6
run_1789862681,rnd_task_004,robot_2,Central,Central,80.25,4,2,0.46,4,1,0.14,0.04,4,28,0.099,28,263.28,259.28,500.0,3,404.4
run_1789862681,rnd_task_005,robot_2,North,North,45.1,2,1,0.46,4,1,0.01,0.18,9,55,0.112,49,394.92,390.92,500.0,7,748.2
run_1789862681,rnd_task_006,robot_4,North,Central,31.86,2,0,0.46,4,2,0.0,0.18,5,24,0.099,10,142.42,138.42,500.0,4,324.2
run_1789862681,rnd_task_007,robot_1,North,South,42.77,4,2,0.46,4,2,0.0,0.18,7,41,0.091,18,322.04,318.04,500.0,6,659.82
run_1789862681,rnd_task_008,robot_4,North,North,44.21,2,1,0.46,4,1,0.02,0.08,10,60,0.096,22,359.2,355.2,500.0,7,957.8
run_1789862681,rnd_task_009,robot_3,Central,South,97.33,4,2,0.46,4,2,0.0,0.18,9,50,0.081,14,384.3,380.3,500.0,5,887.3
run_1789862681,rnd_task_010,robot_2,North,South,64.94,4,2,0.46,4,2,0.04,0.02,8,52,0.091,22,389.2,385.2,500.0,6,853.96
run_1789862681,rnd_task_011,robot_1,South,North,0.79,0,2,0.46,4,2,0.04,0.0,7,44,0.085,44,430.32,426.32,500.0,6,799.2
run_1789862681,rnd_task_013,robot_3,North,South,50.43,4,2,0.46,4,2,0.13,0.2,8,42,0.066,154,733.4,729.4,500.0,9,933.6
run_1789862681,rnd_task_014,robot_4,Central,North,0.96,0,2,0.46,4,2,0.09,0.1,5,21,0.059,87,324.52,320.52,500.0,6,576.6
run_1789862681,rnd_task_015,robot_2,North,North,18.47,2,1,0.46,4,1,0.18,0.02,4,19,0.058,66,310.72,306.72,500.0,4,486.78
run_1789862681,rnd_task_016,robot_1,North,North,51.71,2,1,0.46,4,1,0.09,0.03,4,23,0.058,119,213.4,209.4,500.0,5,550.8
run_1789862681,rnd_task_017,robot_2,Central,North,6.0,1,2,0.46,4,2,0.1,0.16,3,18,0.058,82,290.24,286.24,500.0,6,481.2
run_1789862681,rnd_task_018,robot_4,South,North,75.41,4,2,0.46,4,2,0.03,0.22,6,39,0.062,103,582.42,578.42,500.0,5,928.3
run_1789862681,rnd_task_019,robot_1,Central,South,48.69,2,1,0.46,4,2,0.01,0.27,5,34,0.07,46,313.64,309.64,500.0,4,685.6
run_1789862681,rnd_task_020,robot_3,North,Central,33.5,2,1,0.46,4,2,0.03,0.27,5,31,0.066,46,459.38,455.38,500.0,4,727.4
run_1789862681,rnd_task_023,robot_4,North,North,10.42,2,0,0.46,4,1,0.0,0.18,8,36,0.089,4,238.38,234.38,500.0,1,586.0
run_1789871479,rnd_task_001,robot_4,North,Central,24.44,2,0,0.46,4,2,0.1,0.08,5,28,0.058,141,458.36,454.36,500.0,5,685.4
run_1789871479,rnd_task_002,robot_3,North,Central,73.38,4,2,0.46,4,2,0.09,0.0,2,12,0.039,141,348.46,344.46,500.0,4,512.26
run_1789871479,rnd_task_003,robot_1,Central,Central,49.06,2,1,0.46,4,1,0.05,0.01,2,11,0.031,127,282.08,278.08,500.0,3,446.04
run_1789871479,rnd_task_004,robot_2,North,North,5.37,2,0,0.46,4,1,0.06,0.0,6,35,0.063,151,454.44,450.44,500.0,7,824.82
run_1789871479,rnd_task_005,robot_1,North,South,46.11,4,2,0.46,4,2,0.03,0.24,8,54,0.092,83,687.8,683.8,500.0,7,912.4
run_1789871479,rnd_task_006,robot_3,South,Central,73.38,4,2,0.46,4,2,0.0,0.18,3,17,0.108,4,153.38,149.38,500.0,4,222.2
run_1789871479,rnd_task_007,robot_4,North,South,77.2,4,2,0.46,4,2,0.05,0.12,8,54,0.091,116,602.78,598.78,500.0,8,899.2
run_1789871479,rnd_task_008,robot_3,Central,North,86.65,4,2,0.46,4,2,0.09,0.09,6,42,0.091,95,334.6,330.6,500.0,5,704.02
run_1789871479,rnd_task_009,robot_2,Central,South,69.01,4,2,0.46,4,2,0.04,0.3,8,47,0.107,93,376.24,372.24,500.0,5,654.0
run_1789871479,rnd_task_010,robot_1,North,Central,67.26,4,2,0.46,4,2,0.15,0.04,7,47,0.099,65,619.66,615.66,500.0,8,766.8
run_1789871479,rnd_task_011,robot_3,North,South,66.74,4,2,0.46,4,2,0.06,0.01,4,31,0.08,22,410.08,406.08,500.0,6,625.8
run_1789871479,rnd_task_012,robot_2,South,South,36.6,2,0,0.46,4,1,0.0,0.18,2,13,0.059,8,119.34,115.34,500.0,4,237.42
run_1789871479,rnd_task_013,robot_4,South,Central,68.27,4,2,0.46,4,2,0.01,0.46,4,29,0.068,24,227.44,223.44,500.0,5,587.8
run_1789871479,rnd_task_014,robot_2,North,North,0.67,0,0,0.46,4,1,0.02,0.0,6,36,0.076,46,320.84,316.84,500.0,6,682.86
run_1789871479,rnd_task_015,robot_3,North,South,0.49,0,2,0.46,4,2,0.06,0.16,9,58,0.118,103,539.58,535.58,500.0,8,799.6
run_1789871479,rnd_task_016,robot_1,Central,North,69.97,4,2,0.46,4,2,0.02,0.18,5,26,0.1,30,192.84,188.84,500.0,4,358.88
run_1789871479,rnd_task_017,robot_4,South,North,54.5,4,2,0.46,4,2,0.03,0.0,8,47,0.111,86,497.12,493.12,500.0,5,631.4
run_1789871479,rnd_task_018,robot_2,North,Central,24.94,2,0,0.46,4,2,0.08,0.19,7,42,0.102,104,274.44,270.44,500.0,5,608.8
run_1789871479,rnd_task_019,robot_1,North,Central,26.07,2,0,0.46,4,2,0.04,0.11,6,33,0.117,80,253.94,249.94,500.0,4,411.22
run_1789871479,rnd_task_020,robot_4,North,North,55.29,2,1,0.46,4,1,0.04,0.0,9,44,0.093,111,306.74,302.74,500.0,3,706.0
run_1789861678,rnd_task_001,robot_4,North,Central,86.4,4,2,0.46,4,2,0.02,0.0,7,50,0.085,127,643.52,639.52,500.0,6,898.6
run_1789861678,rnd_task_002,robot_3,South,North,53.53,4,2,0.46,4,2,0.07,0.12,4,24,0.072,94,437.18,433.18,500.0,4,559.0
run_1789861678,rnd_task_003,robot_2,South,South,13.43,2,0,0.46,4,1,0.06,0.04,2,11,0.034,94,210.98,206.98,500.0,3,356.4
run_1789861678,rnd_task_004,robot_1,Central,South,89.42,4,2,0.46,4,2,0.06,0.07,5,40,0.073,124,414.0,410.0,500.0,5,769.4
run_1789861678,rnd_task_005,robot_2,Central,North,25.99,2,0,0.46,4,2,0.01,0.17,7,53,0.103,41,539.18,535.18,500.0,6,776.4
run_1789861678,rnd_task_006,robot_3,South,North,64.71,4,2,0.46,4,2,0.02,0.35,7,44,0.114,41,429.22,425.22,500.0,7,633.2
run_1789861678,rnd_task_007,robot_1,South,South,0.98,0,1,0.46,4,1,0.0,0.18,5,24,0.096,8,168.26,164.26,500.0,4,352.38
run_1789861678,rnd_task_008,robot_4,North,Central,38.21,2,0,0.46,4,2,0.0,0.18,7,31,0.087,24,189.2,185.2,500.0,6,508.4
run_1789861678,rnd_task_009,robot_2,North,North,31.97,2,1,0.46,4,1,0.03,0.11,5,25,0.096,16,112.6,108.6,500.0,6,397.6
run_1789861678,rnd_task_010,robot_1,Central,North,65.22,4,2,0.46,4,2,0.0,0.18,6,25,0.108,16,230.96,226.96,500.0,5,351.4
run_1789861678,rnd_task_011,robot_3,North,North,0.67,0,1,0.46,4,1,0.04,0.2,8,31,0.084,28,242.34,238.34,500.0,6,550.3
run_1789861678,rnd_task_012,robot_4,South,North,63.56,4,2,0.46,4,2,0.04,0.1,6,30,0.062,26,404.14,400.14,500.0,8,705.0
run_1789861678,rnd_task_013,robot_1,North,Central,33.25,2,0,0.46,4,2,0.01,0.0,4,18,0.084,12,210.46,206.46,500.0,5,334.8
run_1789861678,rnd_task_014,robot_2,Central,South,0.98,0,2,0.46,4,2,0.05,0.05,4,23,0.08,26,283.44,279.44,500.0,5,452.34
run_1789861678,rnd_task_015,robot_3,North,South,0.49,0,2,0.46,4,2,0.03,0.0,5,30,0.06,24,315.34,311.34,500.0,6,695.4
run_1789861678,rnd_task_016,robot_1,Central,North,69.55,2,1,0.46,4,2,0.0,0.18,3,23,0.062,22,232.8,228.8,500.0,5,545.64
run_1789861678,rnd_task_017,robot_2,Central,Central,102.95,4,2,0.46,4,1,0.04,0.0,6,35,0.106,10,212.76,208.76,500.0,5,489.12
run_1789861678,rnd_task_018,robot_4,South,Central,0.48,0,2,0.46,4,2,0.04,0.2,8,48,0.094,36,553.92,549.92,500.0,5,764.98
run_1789861678,rnd_task_020,robot_3,North,South,6.24,1,2,0.46,4,2,0.06,0.14,8,49,0.082,102,682.4,678.4,500.0,3,903.2
run_1789861678,rnd_task_021,robot_2,South,North,87.13,4,2,0.46,4,2,0.05,0.07,8,38,0.053,102,594.1,590.1,500.0,2,1056.0
run_1789834703,rnd_task_001,robot_1,South,North,77.44,4,2,0.46,4,2,0.06,0.16,5,35,0.075,182,355.24,351.24,500.0,3,642.62
run_1789834703,rnd_task_002,robot_2,Central,North,44.93,2,1,0.46,4,2,0.11,0.01,5,35,0.08,168,355.78,351.78,500.0,4,676.6
run_1789834703,rnd_task_003,robot_4,North,Central,73.5,4,2,0.46,4,2,0.08,0.17,7,41,0.085,176,554.24,550.24,500.0,6,754.0
run_1789834703,rnd_task_004,robot_3,South,Central,76.18,4,2,0.46,4,2,0.04,0.0,6,30,0.061,164,379.76,375.76,500.0,5,716.6
run_1789834703,rnd_task_005,robot_1,North,South,68.81,4,2,0.46,4,2,0.02,0.13,8,54,0.094,57,609.68,605.68,500.0,9,874.66
run_1789834703,rnd_task_006,robot_2,Central,Central,96.17,4,2,0.46,4,1,0.07,0.11,7,34,0.103,39,295.14,291.14,500.0,5,522.8
run_1789834703,rnd_task_007,robot_3,South,South,6.0,0,0,0.46,4,1,0.0,0.18,5,28,0.083,27,284.84,280.84,500.0,4,457.8
run_1789834703,rnd_task_008,robot_4,North,North,0.85,0,0,0.46,4,1,0.06,0.01,7,30,0.083,27,270.6,266.6,500.0,5,530.8
run_1789834703,rnd_task_009,robot_2,Central,South,25.99,2,0,0.46,4,2,0.05,0.13,6,35,0.105,60,205.32,201.32,500.0,5,474.4
run_1789834703,rnd_task_010,robot_3,South,North,87.87,4,2,0.46,4,2,0.01,0.23,10,54,0.092,73,382.0,378.0,500.0,7,893.2
run_1789834703,rnd_task_011,robot_4,South,South,47.87,2,1,0.46,4,1,0.03,0.34,7,38,0.079,62,390.88,386.88,500.0,5,707.2
run_1789834703,rnd_task_012,robot_1,Central,Central,105.23,4,2,0.46,4,1,0.02,0.19,8,46,0.094,49,328.28,324.28,500.0,6,722.4
run_1789834703,rnd_task_013,robot_2,North,North,0.67,0,1,0.46,4,1,0.03,0.46,7,34,0.096,13,323.44,319.44,500.0,6,538.92
run_1789834703,rnd_task_014,robot_4,Central,South,0.51,0,2,0.46,4,2,0.03,0.46,8,53,0.108,44,266.42,262.42,500.0,7,737.8
run_1789834703,rnd_task_015,robot_3,Central,North,102.38,4,2,0.46,4,2,0.01,0.23,9,60,0.102,56,480.04,476.04,500.0,7,905.62
run_1789834703,rnd_task_016,robot_1,South,South,0.85,0,0,0.46,4,1,0.02,0.0,6,25,0.092,35,196.46,192.46,500.0,4,369.4
run_1789834703,rnd_task_017,robot_2,South,North,0.97,0,2,0.46,4,2,0.05,0.24,9,45,0.087,63,364.84,360.84,500.0,5,800.8
run_1789834703,rnd_task_018,robot_1,Central,Central,44.74,2,0,0.46,4,1,0.0,0.18,5,25,0.1,7,230.78,226.78,500.0,3,359.2
run_1789834703,rnd_task_020,robot_1,South,North,0.51,0,2,0.46,4,2,0.05,0.02,5,25,0.062,31,333.86,329.86,500.0,3,612.4
run_1789834703,rnd_task_022,robot_2,North,North,25.34,2,1,0.46,4,1,0.0,0.18,4,18,0.103,7,138.14,134.14,500.0,1,272.2
run_1789848827,rnd_task_001,robot_4,North,North,0.54,0,0,0.46,4,1,0.05,0.0,3,17,0.049,94,377.08,373.08,500.0,3,491.44
run_1789848827,rnd_task_002,robot_3,North,North,34.55,2,1,0.46,4,1,0.08,0.06,7,41,0.071,120,509.6,505.6,500.0,5,869.6
run_1789848827,rnd_task_003,robot_1,Central,South,89.42,4,2,0.46,4,2,0.03,0.02,5,28,0.066,117,374.96,370.96,500.0,4,603.0
run_1789848827,rnd_task_004,robot_2,North,South,82.56,4,2,0.46,4,2,0.05,0.07,11,63,0.083,134,861.18,857.18,500.0,7,1185.22
run_1789848827,rnd_task_005,robot_4,Central,Central,111.59,4,2,0.46,4,1,0.0,0.18,8,41,0.087,44,270.68,266.68,500.0,5,711.46
run_1789848827,rnd_task_006,robot_1,South,South,35.16,2,1,0.46,4,1,0.02,0.35,7,35,0.086,18,186.88,182.88,500.0,6,582.32
run_1789848827,rnd_task_007,robot_3,North,Central,67.48,4,2,0.46,4,2,0.0,0.18,6,41,0.111,50,234.46,230.46,500.0,6,595.8
run_1789848827,rnd_task_008,robot_4,North,North,24.34,2,1,0.46,4,1,0.0,0.18,6,37,0.115,78,223.84,219.84,500.0,7,487.42
run_1789848827,rnd_task_009,robot_2,South,North,56.95,4,2,0.46,4,2,0.21,0.11,7,37,0.116,78,355.6,351.6,500.0,7,484.6
run_1789848827,rnd_task_010,robot_1,South,South,0.85,0,0,0.46,4,1,0.03,0.0,5,25,0.1,62,148.1,144.1,500.0,4,340.8
run_1789848827,rnd_task_011,robot_3,North,Central,0.97,0,2,0.46,4,2,0.11,0.0,6,25,0.089,51,252.56,248.56,500.0,6,426.6
run_1789848827,rnd_task_012,robot_1,Central,North,6.17,1,2,0.46,4,2,0.02,0.0,9,53,0.143,34,310.22,306.22,500.0,7,560.78
run_1789848827,rnd_task_013,robot_4,North,Central,75.55,4,2,0.46,4,2,0.07,0.05,7,41,0.146,21,249.56,245.56,500.0,5,425.4
run_1789848827,rnd_task_014,robot_2,Central,North,0.51,0,2,0.46,4,2,0.01,0.15,10,53,0.149,22,384.84,380.84,500.0,7,565.0
run_1789848827,rnd_task_015,robot_3,South,South,24.59,2,1,0.46,4,1,0.01,0.0,6,34,0.199,14,124.28,120.28,500.0,4,230.6
run_1789848827,rnd_task_016,robot_4,South,Central,80.39,4,2,0.46,4,2,0.0,0.18,6,26,0.064,45,407.8,403.8,500.0,7,593.4
run_1789848827,rnd_task_017,robot_1,North,North,22.03,2,1,0.46,4,1,0.0,0.18,4,20,0.077,28,184.02,180.02,500.0,3,362.6
run_1789848827,rnd_task_018,robot_3,South,North,59.97,4,2,0.46,4,2,0.09,0.17,5,25,0.072,45,345.02,341.02,500.0,4,503.4
run_1789848827,rnd_task_020,robot_1,North,South,0.67,0,2,0.46,4,2,0.09,0.12,7,39,0.11,48,333.62,329.62,500.0,3,529.4
run_1789848827,rnd_task_021,robot_3,North,Central,44.71,2,1,0.46,4,2,0.0,0.18,7,34,0.126,31,230.92,226.92,500.0,2,396.0
run_1789883236,rnd_task_001,robot_1,North,North,50.97,2,1,0.46,4,1,0.02,0.0,7,40,0.073,30,524.18,520.18,500.0,6,817.4
run_1789883236,rnd_task_002,robot_4,Central,Central,95.42,4,2,0.46,4,1,0.06,0.0,3,16,0.054,30,245.44,241.44,500.0,3,443.6
run_1789883236,rnd_task_003,robot_3,North,Central,51.35,2,1,0.46,4,2,0.07,0.25,4,22,0.064,14,323.36,319.36,500.0,5,532.78
run_1789883236,rnd_task_004,robot_2,South,Central,75.55,4,2,0.46,4,2,0.02,0.0,3,16,0.053,13,224.5,220.5,500.0,3,417.98
run_1789883236,rnd_task_005,robot_2,South,Central,79.61,4,2,0.46,4,2,0.0,0.18,7,31,0.1,0,210.86,206.86,500.0,5,478.2
run_1789883236,rnd_task_006,robot_4,North,Central,18.33,2,0,0.46,4,2,0.03,0.46,8,38,0.09,9,267.28,263.28,500.0,6,623.8
run_1789883236,rnd_task_007,robot_3,South,North,62.9,4,2,0.46,4,2,0.0,0.18,8,54,0.112,16,342.98,338.98,500.0,6,732.8
run_1789883236,rnd_task_008,robot_1,South,North,0.51,0,2,0.46,4,2,0.06,0.23,7,42,0.114,17,255.0,251.0,500.0,7,578.4
run_1789883236,rnd_task_009,robot_2,Central,North,75.79,4,2,0.46,4,2,0.04,0.06,6,30,0.109,16,237.36,233.36,500.0,5,405.4
run_1789883236,rnd_task_010,robot_4,North,Central,85.75,4,2,0.46,4,2,0.0,0.18,5,30,0.114,8,145.76,141.76,500.0,6,386.2
run_1789883236,rnd_task_011,robot_3,North,North,27.9,2,1,0.46,4,1,0.06,0.22,4,25,0.077,13,182.52,178.52,500.0,7,468.8
run_1789883236,rnd_task_012,robot_2,South,North,54.59,4,2,0.46,4,2,0.03,0.01,10,76,0.109,36,731.12,727.12,500.0,10,1045.86
run_1789883236,rnd_task_013,robot_1,North,North,5.37,2,0,0.46,4,1,0.09,0.23,3,19,0.068,12,172.6,168.6,500.0,4,353.4
run_1789883236,rnd_task_014,robot_4,Central,North,48.26,2,1,0.46,4,2,0.02,0.0,5,35,0.114,16,240.74,236.74,500.0,5,491.2
run_1789883236,rnd_task_015,robot_1,North,South,54.18,4,2,0.46,4,2,0.06,0.08,5,35,0.106,23,385.4,381.4,500.0,6,509.6
run_1789883236,rnd_task_016,robot_3,Central,South,0.67,0,2,0.46,4,2,0.03,0.0,6,35,0.108,23,221.6,217.6,500.0,4,482.2
run_1789883236,rnd_task_017,robot_4,Central,Central,52.62,2,1,0.46,4,1,0.0,0.18,7,38,0.101,19,225.4,221.4,500.0,5,576.8
run_1789883236,rnd_task_018,robot_3,Central,South,88.55,4,2,0.46,4,2,0.0,0.18,6,31,0.131,0,146.52,142.52,500.0,4,350.82
run_1789883236,rnd_task_019,robot_1,South,North,0.85,0,2,0.46,4,2,0.0,0.18,8,42,0.105,0,335.92,331.92,500.0,3,591.8
run_1789883236,rnd_task_023,robot_1,North,North,11.19,2,0,0.46,4,1,0.21,0.0,3,13,0.085,60,122.46,118.46,500.0,0,236.0
run_1789893284,rnd_task_001,robot_4,Central,Central,35.93,2,0,0.46,4,1,0.03,0.0,4,28,0.083,106,253.76,249.76,500.0,3,482.96
run_1789893284,rnd_task_002,robot_3,North,South,85.84,4,2,0.46,4,2,0.09,0.03,10,83,0.104,174,771.2,767.2,500.0,8,1229.52
run_1789893284,rnd_task_003,robot_1,North,North,39.48,2,1,0.46,4,1,0.09,0.05,9,71,0.112,151,668.42,664.42,500.0,6,1003.6
run_1789893284,rnd_task_004,robot_2,South,North,58.82,4,2,0.46,4,2,0.0,0.18,7,46,0.095,93,387.62,383.62,500.0,4,694.6
run_1789893284,rnd_task_005,robot_4,South,Central,40.5,2,0,0.46,4,2,0.0,0.18,5,30,0.108,24,152.26,148.26,500.0,4,387.2
run_1789893284,rnd_task_006,robot_2,North,North,40.78,2,1,0.46,4,1,0.03,0.12,7,43,0.11,59,317.32,313.32,500.0,7,583.0
run_1789893284,rnd_task_007,robot_4,Central,North,0.97,0,2,0.46,4,2,0.16,0.04,4,25,0.111,44,223.04,219.04,500.0,4,325.6
run_1789893284,rnd_task_008,robot_1,South,North,1.01,0,2,0.46,4,2,0.06,0.03,7,60,0.1,81,501.7,497.7,500.0,8,937.5
run_1789893284,rnd_task_009,robot_4,South,Central,78.64,4,2,0.46,4,2,0.02,0.02,6,36,0.101,33,328.0,324.0,500.0,5,553.6
run_1789893284,rnd_task_010,robot_3,Central,Central,35.93,2,0,0.46,4,1,0.0,0.18,5,31,0.083,36,211.56,207.56,500.0,5,532.4
run_1789893284,rnd_task_011,robot_2,North,South,79.48,4,2,0.46,4,2,0.07,0.09,5,42,0.088,59,352.22,348.22,500.0,6,660.8
run_1789893284,rnd_task_012,robot_4,North,Central,94.56,4,2,0.46,4,2,0.05,0.31,5,29,0.078,38,227.04,223.04,500.0,6,537.8
run_1789893284,rnd_task_013,robot_3,North,North,48.12,2,1,0.46,4,1,0.1,0.11,6,42,0.069,68,357.04,353.04,500.0,7,895.8
run_1789893284,rnd_task_014,robot_1,South,South,25.89,2,1,0.46,4,1,0.0,0.18,5,24,0.075,15,358.66,354.66,500.0,5,505.8
run_1789893284,rnd_task_015,robot_2,North,South,58.47,4,2,0.46,4,2,0.01,0.13,6,30,0.065,50,518.04,514.04,500.0,6,711.4
run_1789893284,rnd_task_016,robot_4,North,Central,86.96,4,2,0.46,4,2,0.08,0.29,8,40,0.093,37,316.28,312.28,500.0,6,664.94
run_1789893284,rnd_task_017,robot_1,North,North,0.85,0,1,0.46,4,1,0.02,0.0,8,52,0.084,93,605.98,601.98,500.0,5,926.4
run_1789893284,rnd_task_018,robot_3,North,North,16.53,2,0,0.46,4,1,0.0,0.18,5,22,0.118,1,105.66,101.66,500.0,4,272.0
run_1789893284,rnd_task_019,robot_2,South,North,6.0,0,2,0.46,4,2,0.02,0.08,8,41,0.082,60,440.82,436.82,500.0,4,730.4
run_1789893284,rnd_task_022,robot_1,North,North,22.67,2,0,0.46,4,1,0.05,0.25,5,26,0.088,51,280.4,276.4,500.0,1,476.4
run_1789896355,rnd_task_001,robot_1,South,South,48.94,2,1,0.46,4,1,0.05,0.0,4,28,0.08,42,190.8,186.8,500.0,3,451.4
run_1789896355,rnd_task_002,robot_4,North,Central,23.19,2,0,0.46,4,2,0.08,0.05,6,47,0.105,40,543.6,539.6,500.0,5,685.98
run_1789896355,rnd_task_003,robot_3,Central,Central,92.1,4,2,0.46,4,1,0.1,0.1,6,47,0.108,31,381.5,377.5,500.0,6,685.92
run_1789896355,rnd_task_004,robot_2,South,South,46.82,2,1,0.46,4,1,0.08,0.0,5,35,0.094,28,165.02,161.02,500.0,4,554.96
run_1789896355,rnd_task_005,robot_1,North,South,49.91,4,2,0.46,4,2,0.0,0.18,7,54,0.101,63,544.7,540.7,500.0,8,813.4
run_1789896355,rnd_task_006,robot_2,North,Central,19.85,2,0,0.46,4,2,0.09,0.24,3,36,0.088,62,452.88,448.88,500.0,6,639.6
run_1789896355,rnd_task_007,robot_4,South,South,43.8,2,1,0.46,4,1,0.01,0.0,5,36,0.083,62,267.22,263.22,500.0,7,624.62
run_1789896355,rnd_task_008,robot_3,North,North,0.91,0,0,0.46,4,1,0.06,0.13,3,18,0.07,38,199.4,195.4,500.0,3,398.82
run_1789896355,rnd_task_009,robot_3,North,Central,69.01,4,2,0.46,4,2,0.03,0.12,9,54,0.139,27,241.34,237.34,500.0,8,588.42
run_1789896355,rnd_task_010,robot_2,South,Central,1.01,0,2,0.46,4,2,0.0,0.18,6,30,0.135,0,133.7,129.7,500.0,5,310.18
run_1789896355,rnd_task_011,robot_1,South,South,12.71,2,0,0.46,4,1,0.0,0.18,6,31,0.115,0,72.02,68.02,500.0,5,381.64
run_1789896355,rnd_task_012,robot_4,North,South,50.43,4,2,0.46,4,2,0.01,0.32,12,82,0.126,16,697.48,693.48,500.0,9,1017.4
run_1789896355,rnd_task_013,robot_2,Central,Central,91.85,4,2,0.46,4,1,0.0,0.18,7,38,0.116,5,156.12,152.12,500.0,5,499.8
run_1789896355,rnd_task_014,robot_1,South,South,36.57,2,1,0.46,4,1,0.0,0.18,6,31,0.095,5,138.42,134.42,500.0,5,485.8
run_1789896355,rnd_task_015,robot_3,Central,South,101.16,4,2,0.46,4,2,0.0,0.18,5,30,0.087,0,202.1,198.1,500.0,5,484.0
run_1789896355,rnd_task_016,robot_2,South,North,65.99,4,2,0.46,4,2,0.0,0.18,8,46,0.092,14,491.24,487.24,500.0,7,757.2
run_1789896355,rnd_task_017,robot_1,South,North,83.32,4,2,0.46,4,2,0.02,0.0,6,30,0.085,14,221.26,217.26,500.0,5,519.2
run_1789896355,rnd_task_018,robot_3,South,South,47.87,2,1,0.46,4,1,0.0,0.18,7,41,0.096,12,257.62,253.62,500.0,5,628.0
run_1789896355,rnd_task_019,robot_4,Central,South,70.7,4,2,0.46,4,2,0.0,0.18,7,31,0.09,3,380.18,376.18,500.0,4,534.8
run_1789896355,rnd_task_020,robot_1,Central,North,55.78,2,1,0.46,4,2,0.02,0.09,6,36,0.082,55,216.32,212.32,500.0,3,632.26
run_1789878569,rnd_task_001,robot_1,South,South,24.94,2,0,0.46,4,1,0.04,0.0,3,28,0.071,84,252.84,248.84,500.0,3,510.2
run_1789878569,rnd_task_002,robot_2,North,North,35.25,2,1,0.46,4,1,0.07,0.17,7,53,0.094,120,540.8,536.8,500.0,6,895.6
run_1789878569,rnd_task_003,robot_3,South,North,85.6,4,2,0.46,4,2,0.04,0.2,5,41,0.086,101,436.92,432.92,500.0,4,721.8
run_1789878569,rnd_task_004,robot_4,North,North,30.2,2,1,0.46,4,1,0.03,0.23,5,41,0.086,97,504.52,500.52,500.0,5,740.4
run_1789878569,rnd_task_005,robot_1,North,South,50.67,4,2,0.46,4,2,0.03,0.27,8,42,0.079,71,511.64,507.64,500.0,6,781.4
run_1789878569,rnd_task_006,robot_3,North,South,0.85,0,2,0.46,4,2,0.06,0.13,6,36,0.089,52,371.1,367.1,500.0,6,631.42
run_1789878569,rnd_task_007,robot_4,South,North,66.35,4,2,0.46,4,2,0.07,0.04,10,53,0.083,133,666.64,662.64,500.0,7,968.2
run_1789878569,rnd_task_008,robot_2,North,South,6.0,0,2,0.46,4,2,0.12,0.17,7,35,0.07,118,381.22,377.22,500.0,5,748.2
run_1789878569,rnd_task_009,robot_1,North,Central,64.69,4,2,0.46,4,2,0.09,0.08,7,36,0.085,92,409.08,405.08,500.0,6,613.6
run_1789878569,rnd_task_010,robot_3,Central,North,100.1,4,2,0.46,4,2,0.05,0.31,7,41,0.084,79,291.36,287.36,500.0,6,716.8
run_1789878569,rnd_task_011,robot_2,South,North,73.22,4,2,0.46,4,2,0.0,0.18,8,43,0.089,19,326.2,322.2,500.0,7,741.8
run_1789878569,rnd_task_012,robot_4,Central,North,31.22,2,0,0.46,4,2,0.06,0.3,7,32,0.089,19,350.42,346.42,500.0,5,561.3
run_1789878569,rnd_task_013,robot_1,North,South,0.85,0,2,0.46,4,2,0.01,0.45,7,36,0.077,43,469.34,465.34,500.0,6,675.2
run_1789878569,rnd_task_014,robot_3,North,North,0.67,0,1,0.46,4,1,0.01,0.0,6,35,0.075,48,309.18,305.18,500.0,6,663.6
run_1789878569,rnd_task_015,robot_4,South,North,82.81,4,2,0.46,4,2,0.06,0.22,11,92,0.118,91,782.06,778.06,500.0,8,1207.2
run_1789878569,rnd_task_016,robot_2,North,South,59.88,4,2,0.46,4,2,0.06,0.17,7,48,0.114,79,491.22,487.22,500.0,5,650.58
run_1789878569,rnd_task_017,robot_1,South,North,6.0,0,2,0.46,4,2,0.09,0.02,7,58,0.106,67,375.28,371.28,500.0,5,832.0
run_1789878569,rnd_task_018,robot_3,Central,South,0.67,0,2,0.46,4,2,0.04,0.0,5,37,0.082,58,280.42,276.42,500.0,4,607.66
run_1789878569,rnd_task_019,robot_2,Central,Central,78.22,4,2,0.46,4,1,0.01,0.0,6,40,0.115,26,154.64,150.64,500.0,4,504.48
run_1789878569,rnd_task_020,robot_3,South,South,0.85,0,0,0.46,4,1,0.0,0.18,7,31,0.145,22,61.96,57.96,500.0,2,302.6
run_1789882101,rnd_task_001,robot_1,North,South,81.52,4,2,0.46,4,2,0.03,0.0,5,47,0.069,66,634.08,630.08,500.0,5,1046.62
run_1789882101,rnd_task_002,robot_4,North,South,95.29,4,2,0.46,4,2,0.04,0.04,7,61,0.08,145,790.8,786.8,500.0,6,1200.8
run_1789882101,rnd_task_003,robot_2,South,North,63.78,4,2,0.46,4,2,0.03,0.0,4,30,0.059,29,390.28,386.28,500.0,3,708.64
run_1789882101,rnd_task_004,robot_3,Central,South,93.74,4,2,0.46,4,2,0.01,0.0,4,41,0.069,48,442.32,438.32,500.0,4,841.4
run_1789882101,rnd_task_005,robot_2,South,South,14.75,2,0,0.46,4,1,0.14,0.2,5,41,0.087,114,460.48,456.48,500.0,6,714.2
run_1789882101,rnd_task_006,robot_3,South,North,70.84,4,2,0.46,4,2,0.21,0.01,6,41,0.082,109,408.52,404.52,500.0,6,728.2
run_1789882101,rnd_task_007,robot_1,Central,North,30.81,2,0,0.46,4,2,0.0,0.0,5,36,0.087,104,386.86,382.86,500.0,6,665.0
run_1789882101,rnd_task_008,robot_4,North,South,0.85,0,2,0.46,4,2,0.09,0.06,8,48,0.08,61,582.24,578.24,500.0,6,895.8
run_1789882101,rnd_task_009,robot_2,North,North,0.75,0,1,0.46,4,1,0.08,0.0,7,48,0.094,51,387.76,383.76,500.0,6,748.6
run_1789882101,rnd_task_010,robot_3,North,South,6.0,0,2,0.46,4,2,0.05,0.0,7,49,0.093,41,404.62,400.62,500.0,7,751.2
run_1789882101,rnd_task_011,robot_1,North,Central,6.0,0,2,0.46,4,2,0.05,0.0,6,36,0.11,41,220.16,216.16,500.0,4,493.14
run_1789882101,rnd_task_013,robot_4,North,North,16.78,2,0,0.46,4,1,0.06,0.15,8,47,0.112,17,453.02,449.02,500.0,7,623.2
run_1789882101,rnd_task_014,robot_2,North,Central,76.18,4,2,0.46,4,2,0.06,0.11,7,40,0.137,9,247.92,243.92,500.0,4,438.0
run_1789882101,rnd_task_015,robot_1,South,Central,61.4,2,1,0.46,4,2,0.01,0.0,8,66,0.104,43,545.76,541.76,500.0,7,985.2
run_1789882101,rnd_task_016,robot_3,North,North,18.99,2,0,0.46,4,1,0.01,0.0,6,42,0.105,22,362.02,358.02,500.0,5,627.6
run_1789882101,rnd_task_017,robot_2,North,South,0.49,0,2,0.46,4,2,0.03,0.09,9,55,0.098,36,558.26,554.26,500.0,6,820.02
run_1789882101,rnd_task_018,robot_4,South,North,58.33,4,2,0.46,4,2,0.0,0.18,8,43,0.097,34,353.36,349.36,500.0,5,662.0
run_1789882101,rnd_task_019,robot_3,North,North,21.89,2,0,0.46,4,1,0.0,0.18,5,35,0.129,21,252.02,248.02,500.0,4,402.64
run_1789882101,rnd_task_020,robot_1,South,North,56.53,4,2,0.46,4,2,0.0,0.18,9,55,0.102,8,514.38,510.38,500.0,4,824.6
run_1789882101,rnd_task_023,robot_2,Central,North,62.65,4,2,0.46,4,2,0.03,0.34,7,36,0.083,6,338.78,334.78,500.0,1,626.86
run_1789898275,rnd_task_001,robot_4,North,North,9.88,2,0,0.46,4,1,0.19,0.1,3,17,0.047,46,386.52,382.52,500.0,3,505.6
run_1789898275,rnd_task_002,robot_3,North,North,34.55,2,1,0.46,4,1,0.08,0.03,7,47,0.084,68,492.82,488.82,500.0,5,857.32
run_1789898275,rnd_task_003,robot_1,Central,South,89.42,4,2,0.46,4,2,0.02,0.08,5,35,0.077,65,388.4,384.4,500.0,4,624.8
run_1789898275,rnd_task_004,robot_2,North,South,6.0,0,2,0.46,4,2,0.03,0.13,11,69,0.091,85,876.74,872.74,500.0,6,1189.4
run_1789898275,rnd_task_005,robot_4,Central,Central,111.59,4,2,0.46,4,1,0.0,0.18,8,51,0.108,45,272.1,268.1,500.0,5,719.8
run_1789898275,rnd_task_006,robot_1,South,South,0.85,0,1,0.46,4,1,0.02,0.43,6,34,0.082,23,184.32,180.32,500.0,5,582.8
run_1789898275,rnd_task_007,robot_3,North,Central,0.97,0,2,0.46,4,2,0.0,0.18,6,36,0.095,56,239.82,235.82,500.0,6,612.8
run_1789898275,rnd_task_008,robot_4,North,North,0.85,0,1,0.46,4,1,0.0,0.18,6,32,0.094,55,232.68,228.68,500.0,6,510.4
run_1789898275,rnd_task_009,robot_2,South,North,56.95,4,2,0.46,4,2,0.03,0.14,7,37,0.11,55,373.12,369.12,500.0,6,508.2
run_1789898275,rnd_task_010,robot_1,South,South,8.88,2,0,0.46,4,1,0.04,0.17,5,25,0.095,50,154.42,150.42,500.0,4,356.4
run_1789898275,rnd_task_011,robot_3,North,Central,75.54,4,2,0.46,4,2,0.0,0.18,6,30,0.106,18,252.54,248.54,500.0,6,435.2
run_1789898275,rnd_task_012,robot_1,Central,North,0.85,0,2,0.46,4,2,0.01,0.0,9,47,0.124,16,300.24,296.24,500.0,8,563.4
run_1789898275,rnd_task_013,robot_4,North,Central,0.85,0,2,0.46,4,2,0.06,0.05,8,40,0.144,11,242.38,238.38,500.0,5,416.54
run_1789898275,rnd_task_014,robot_2,Central,North,72.77,4,2,0.46,4,2,0.0,0.18,9,43,0.119,21,392.66,388.66,500.0,7,573.8
run_1789898275,rnd_task_015,robot_3,South,South,24.59,2,1,0.46,4,1,0.0,0.18,6,28,0.178,11,117.0,113.0,500.0,3,224.64
run_1789898275,rnd_task_016,robot_3,South,Central,80.39,4,2,0.46,4,2,0.0,0.18,6,38,0.093,12,315.64,311.64,500.0,6,622.8
run_1789898275,rnd_task_017,robot_4,North,North,22.03,2,1,0.46,4,1,0.01,0.0,5,26,0.084,12,253.32,249.32,500.0,5,451.38
run_1789898275,rnd_task_018,robot_1,South,North,59.97,4,2,0.46,4,2,0.08,0.05,8,51,0.094,46,518.0,514.0,500.0,5,807.0
run_1789898275,rnd_task_019,robot_2,South,Central,0.67,0,2,0.46,4,2,0.02,0.06,8,53,0.092,58,554.48,550.48,500.0,4,848.68
run_1789898275,rnd_task_020,robot_4,North,South,0.67,0,2,0.46,4,2,0.03,0.02,6,35,0.09,56,362.18,358.18,500.0,3,574.6
run_1789899174,rnd_task_001,robot_4,South,North,0.67,0,2,0.46,4,2,0.11,0.21,6,52,0.121,164,346.46,342.46,500.0,4,626.6
run_1789899174,rnd_task_002,robot_3,South,South,28.67,2,1,0.46,4,1,0.11,0.11,4,41,0.145,148,281.7,277.7,500.0,3,399.4
run_1789899174,rnd_task_003,robot_2,South,North,77.84,4,2,0.46,4,2,0.11,0.06,7,59,0.131,174,417.98,413.98,500.0,6,730.2
run_1789899174,rnd_task_004,robot_1,South,North,62.9,4,2,0.46,4,2,0.09,0.02,6,52,0.134,153,284.24,280.24,500.0,4,568.8
run_1789899174,rnd_task_005,robot_3,North,South,53.2,4,2,0.46,4,2,0.01,0.0,7,42,0.079,48,514.82,510.82,500.0,7,784.4
run_1789899174,rnd_task_006,robot_4,North,North,26.86,2,1,0.46,4,1,0.04,0.0,5,24,0.089,32,181.28,177.28,500.0,4,405.8
run_1789899174,rnd_task_007,robot_1,South,North,81.38,4,2,0.46,4,2,0.01,0.0,9,47,0.088,50,356.76,352.76,500.0,6,798.0
run_1789899174,rnd_task_008,robot_2,North,South,59.24,4,2,0.46,4,2,0.03,0.0,8,48,0.104,34,467.7,463.7,500.0,6,733.0
run_1789899174,rnd_task_009,robot_4,North,Central,63.7,4,2,0.46,4,2,0.0,0.18,8,42,0.093,18,427.02,423.02,500.0,7,664.2
run_1789899174,rnd_task_010,robot_3,Central,South,80.5,4,2,0.46,4,2,0.04,0.0,5,30,0.102,18,235.36,231.36,500.0,5,411.2
run_1789899174,rnd_task_011,robot_1,South,Central,53.74,2,1,0.46,4,2,0.0,0.18,9,44,0.09,25,280.62,276.62,500.0,6,732.2
run_1789899174,rnd_task_012,robot_2,North,South,50.18,4,2,0.46,4,2,0.05,0.05,10,64,0.082,89,736.64,732.64,500.0,9,1197.42
run_1789899174,rnd_task_013,robot_3,North,Central,84.99,4,2,0.46,4,2,0.03,0.03,6,35,0.089,25,234.1,230.1,500.0,5,581.2
run_1789899174,rnd_task_014,robot_4,South,North,72.39,4,2,0.46,4,2,0.11,0.05,7,37,0.064,88,558.12,554.12,500.0,5,845.18
run_1789899174,rnd_task_015,robot_1,North,North,25.11,2,0,0.46,4,1,0.12,0.02,5,22,0.065,64,284.62,280.62,500.0,5,494.26
run_1789899174,rnd_task_016,robot_3,North,North,30.45,2,1,0.46,4,1,0.05,0.15,7,31,0.076,70,274.32,270.32,500.0,6,630.06
run_1789899174,rnd_task_017,robot_4,South,Central,90.72,4,2,0.46,4,2,0.02,0.1,9,58,0.096,89,657.0,653.0,500.0,6,919.6
run_1789899174,rnd_task_018,robot_1,Central,South,6.05,0,2,0.46,4,2,0.05,0.08,6,31,0.066,89,278.0,274.0,500.0,5,609.22
run_1789899174,rnd_task_019,robot_2,North,North,50.15,2,1,0.46,4,1,0.07,0.05,10,73,0.095,142,682.1,678.1,500.0,4,1204.94
run_1789899174,rnd_task_020,robot_3,Central,North,6.0,1,2,0.46,4,2,0.06,0.14,6,34,0.093,83,395.94,391.94,500.0,3,577.8
run_1789884117,rnd_task_001,robot_4,Central,South,47.64,2,1,0.46,4,2,0.14,0.0,6,57,0.102,135,440.56,436.56,500.0,4,820.6
run_1789884117,rnd_task_002,robot_1,South,Central,32.34,2,0,0.46,4,2,0.06,0.0,3,22,0.064,84,195.32,191.32,500.0,3,408.2
run_1789884117,rnd_task_003,robot_3,North,South,78.18,4,2,0.46,4,2,0.02,0.06,8,65,0.106,125,603.46,599.46,500.0,6,965.4
run_1789884117,rnd_task_004,robot_2,Central,South,81.66,4,2,0.46,4,2,0.08,0.07,6,46,0.095,117,480.68,476.68,500.0,4,737.74
run_1789884117,rnd_task_005,robot_1,Central,South,86.4,4,2,0.46,4,2,0.0,0.18,7,56,0.099,55,500.92,496.92,500.0,6,829.7
run_1789884117,rnd_task_006,robot_2,South,North,59.99,4,2,0.46,4,2,0.01,0.0,7,39,0.089,30,373.84,369.84,500.0,6,674.8
run_1789884117,rnd_task_007,robot_4,North,North,13.43,2,0,0.46,4,1,0.0,0.18,6,37,0.11,8,443.12,439.12,500.0,5,527.2
run_1789884117,rnd_task_008,robot_3,North,South,6.0,0,2,0.46,4,2,0.01,0.0,7,60,0.094,33,603.38,599.38,500.0,6,938.8
run_1789884117,rnd_task_009,robot_1,Central,Central,113.88,4,2,0.46,4,1,0.04,0.37,8,54,0.091,89,364.1,360.1,500.0,7,899.8
run_1789884117,rnd_task_010,robot_4,South,South,18.56,2,0,0.46,4,1,0.05,0.46,6,43,0.083,89,475.92,471.92,500.0,5,767.74
run_1789884117,rnd_task_011,robot_2,South,Central,85.35,4,2,0.46,4,2,0.0,0.18,7,53,0.092,67,482.58,478.58,500.0,6,845.04
run_1789884117,rnd_task_013,robot_3,North,South,88.12,4,2,0.46,4,2,0.05,0.01,13,78,0.09,139,804.06,800.06,500.0,9,1352.4
run_1789884117,rnd_task_014,robot_4,North,North,11.19,2,0,0.46,4,1,0.02,0.0,7,42,0.104,26,298.48,294.48,500.0,5,596.68
run_1789884117,rnd_task_015,robot_1,North,South,5.77,1,2,0.46,4,2,0.03,0.2,8,53,0.094,59,632.5,628.5,500.0,5,847.38
run_1789884117,rnd_task_016,robot_2,South,Central,73.52,4,2,0.46,4,2,0.07,0.08,7,49,0.085,67,500.96,496.96,500.0,5,842.8
run_1789884117,rnd_task_017,robot_4,Central,South,93.99,4,2,0.46,4,2,0.04,0.13,8,41,0.084,59,349.2,345.2,500.0,6,716.0
run_1789884117,rnd_task_018,robot_1,Central,North,0.49,0,2,0.46,4,2,0.04,0.22,9,54,0.098,57,390.36,386.36,500.0,6,857.8
run_1789884117,rnd_task_019,robot_2,Central,South,60.37,4,2,0.46,4,2,0.0,0.18,5,22,0.105,18,178.06,174.06,500.0,4,286.76
run_1789884117,rnd_task_020,robot_3,South,South,41.52,2,1,0.46,4,1,0.0,0.18,8,47,0.102,41,186.3,182.3,500.0,4,645.42
run_1789884117,rnd_task_022,robot_2,North,Central,78.11,4,2,0.46,4,2,0.03,0.11,6,33,0.062,45,553.12,549.12,500.0,2,805.8
run_1789886297,rnd_task_001,robot_4,North,North,25.3,2,1,0.46,4,1,0.14,0.01,5,28,0.057,293,484.34,480.34,500.0,4,773.72
run_1789886297,rnd_task_002,robot_3,South,North,59.63,4,2,0.46,4,2,0.28,0.09,3,18,0.043,282,482.0,478.0,500.0,3,598.0
run_1789886297,rnd_task_003,robot_2,North,Central,62.65,4,2,0.46,4,2,0.21,0.06,5,28,0.05,285,516.74,512.74,500.0,5,799.6
run_1789886297,rnd_task_004,robot_1,North,South,73.12,4,2,0.46,4,2,0.12,0.05,7,41,0.064,281,734.48,730.48,500.0,6,968.4
run_1789886297,rnd_task_005,robot_3,Central,Central,69.31,2,1,0.46,4,1,0.06,0.28,6,47,0.095,64,407.24,403.24,500.0,6,754.8
run_1789886297,rnd_task_006,robot_4,Central,Central,65.23,2,1,0.46,4,1,0.09,0.04,7,43,0.085,100,283.06,279.06,500.0,7,757.2
run_1789886297,rnd_task_007,robot_2,North,Central,34.25,2,1,0.46,4,2,0.09,0.06,6,44,0.084,136,434.26,430.26,500.0,7,813.6
run_1789886297,rnd_task_008,robot_1,North,North,0.98,0,0,0.46,4,1,0.12,0.03,3,25,0.081,60,311.64,307.64,500.0,4,446.64
run_1789886297,rnd_task_009,robot_3,North,Central,95.78,4,2,0.46,4,2,0.1,0.03,7,42,0.083,92,318.0,314.0,500.0,7,746.8
run_1789886297,rnd_task_010,robot_1,South,Central,29.01,2,0,0.46,4,2,0.07,0.09,7,47,0.088,85,405.0,401.0,500.0,7,817.16
run_1789886297,rnd_task_011,robot_4,North,Central,59.63,4,2,0.46,4,2,0.0,0.18,6,34,0.096,38,312.68,308.68,500.0,4,501.8
run_1789886297,rnd_task_012,robot_2,South,North,6.0,1,2,0.46,4,2,0.02,0.12,8,53,0.089,53,628.74,624.74,500.0,7,943.2
run_1789886297,rnd_task_013,robot_4,North,South,6.0,0,2,0.46,4,2,0.0,0.18,6,25,0.059,41,399.42,395.42,500.0,7,640.8
run_1789886297,rnd_task_014,robot_3,North,Central,65.44,4,2,0.46,4,2,0.03,0.0,5,30,0.071,41,324.36,320.36,500.0,7,677.2
run_1789886297,rnd_task_015,robot_1,South,South,11.19,2,0,0.46,4,1,0.02,0.0,2,12,0.041,41,200.4,196.4,500.0,3,293.0
run_1789886297,rnd_task_016,robot_1,South,Central,0.49,0,2,0.46,4,2,0.0,0.18,7,38,0.1,1,234.76,230.76,500.0,7,577.18
run_1789886297,rnd_task_017,robot_2,North,North,22.28,2,1,0.46,4,1,0.0,0.18,4,18,0.08,0,110.2,106.2,500.0,5,326.4
run_1789886297,rnd_task_018,robot_4,South,Central,31.86,2,0,0.46,4,2,0.0,0.18,3,13,0.074,0,139.96,135.96,500.0,4,243.2
run_1789886297,rnd_task_019,robot_3,Central,North,44.93,2,1,0.46,4,2,0.12,0.34,8,42,0.091,22,239.86,235.86,500.0,4,724.6
run_1789886297,rnd_task_020,robot_2,North,North,39.29,2,1,0.46,4,1,0.0,0.18,7,36,0.096,22,191.86,187.86,500.0,2,563.8
run_1789879605,rnd_task_001,robot_4,North,North,0.99,0,1,0.46,4,1,0.08,0.11,4,29,0.077,152,356.96,352.96,500.0,4,549.0
run_1789879605,rnd_task_002,robot_3,South,North,52.36,4,2,0.46,4,2,0.12,0.02,6,41,0.084,159,409.38,405.38,500.0,6,741.0
run_1789879605,rnd_task_003,robot_1,Central,Central,42.28,2,0,0.46,4,1,0.17,0.01,3,17,0.056,141,243.5,239.5,500.0,3,395.6
run_1789879605,rnd_task_004,robot_2,Central,South,69.97,4,2,0.46,4,2,0.12,0.04,5,34,0.088,150,459.3,455.3,500.0,5,615.6
run_1789879605,rnd_task_005,robot_1,North,Central,81.91,4,2,0.46,4,2,0.05,0.0,8,55,0.077,94,654.32,650.32,500.0,8,1124.18
run_1789879605,rnd_task_006,robot_4,North,North,0.51,0,1,0.46,4,1,0.05,0.08,5,35,0.083,78,285.42,281.42,500.0,5,622.8
run_1789879605,rnd_task_007,robot_2,North,South,0.67,0,2,0.46,4,2,0.08,0.04,7,42,0.073,81,697.96,693.96,500.0,6,900.0
run_1789879605,rnd_task_008,robot_3,North,North,29.54,2,1,0.46,4,1,0.13,0.0,3,23,0.07,71,196.86,192.86,500.0,3,430.34
run_1789879605,rnd_task_009,robot_4,North,South,66.1,4,2,0.46,4,2,0.1,0.03,6,35,0.064,80,639.04,635.04,500.0,5,871.76
run_1789879605,rnd_task_010,robot_3,South,North,48.14,4,2,0.46,4,2,0.13,0.07,5,35,0.058,80,616.1,612.1,500.0,5,869.46
run_1789879605,rnd_task_011,robot_1,South,North,66.86,4,2,0.46,4,2,0.01,0.0,6,31,0.074,71,363.98,359.98,500.0,6,650.8
run_1789879605,rnd_task_012,robot_2,Central,South,0.85,0,2,0.46,4,2,0.11,0.0,5,31,0.075,71,353.18,349.18,500.0,5,587.22
run_1789879605,rnd_task_013,robot_3,North,North,21.6,2,0,0.46,4,1,0.02,0.07,7,36,0.081,27,406.3,402.3,500.0,5,645.0
run_1789879605,rnd_task_014,robot_4,South,North,79.73,4,2,0.46,4,2,0.03,0.46,11,59,0.096,28,440.58,436.58,500.0,7,942.0
run_1789879605,rnd_task_015,robot_2,Central,North,85.1,4,2,0.46,4,2,0.02,0.0,6,36,0.08,27,332.74,328.74,500.0,5,650.4
run_1789879605,rnd_task_016,robot_1,South,South,47.38,2,1,0.46,4,1,0.0,0.18,9,51,0.096,28,386.42,382.42,500.0,5,814.2
run_1789879605,rnd_task_017,robot_3,North,North,0.49,0,0,0.46,4,1,0.05,0.35,7,36,0.11,2,171.2,167.2,500.0,6,473.2
run_1789879605,rnd_task_018,robot_2,Central,South,73.25,4,2,0.46,4,2,0.0,0.18,5,29,0.129,2,224.76,220.76,500.0,5,342.4
run_1789879605,rnd_task_019,robot_4,North,North,0.67,0,1,0.46,4,1,0.17,0.04,6,25,0.076,35,268.32,264.32,500.0,3,498.6
run_1789879605,rnd_task_020,robot_1,Central,Central,98.97,4,2,0.46,4,1,0.0,0.18,5,24,0.071,38,214.0,210.0,500.0,3,506.8
run_1789887273,rnd_task_001,robot_4,South,South,6.0,0,1,0.46,4,1,0.19,0.16,5,41,0.094,113,253.34,249.34,500.0,4,619.6
run_1789887273,rnd_task_002,robot_3,South,North,64.8,4,2,0.46,4,2,0.19,0.16,5,41,0.108,113,349.04,345.04,500.0,4,593.86
run_1789887273,rnd_task_003,robot_1,South,South,14.5,2,0,0.46,4,1,0.04,0.08,4,35,0.136,85,206.52,202.52,500.0,3,353.28
run_1789887273,rnd_task_004,robot_2,North,South,70.42,4,2,0.46,4,2,0.05,0.01,9,63,0.108,129,718.1,714.1,500.0,6,948.0
run_1789887273,rnd_task_005,robot_1,North,Central,0.67,0,2,0.46,4,2,0.01,0.01,7,48,0.086,50,465.2,461.2,500.0,8,840.2
run_1789887273,rnd_task_006,robot_3,Central,North,66.72,4,2,0.46,4,2,0.02,0.0,6,27,0.09,28,261.18,257.18,500.0,4,423.0
run_1789887273,rnd_task_007,robot_4,North,Central,76.18,4,2,0.46,4,2,0.01,0.19,5,36,0.1,28,345.76,341.76,500.0,5,521.0
run_1789887273,rnd_task_008,robot_2,North,North,24.38,2,0,0.46,4,1,0.02,0.0,8,50,0.112,10,484.3,480.3,500.0,8,715.2
run_1789887273,rnd_task_009,robot_3,North,Central,72.77,4,2,0.46,4,2,0.0,0.18,9,38,0.102,10,349.72,345.72,500.0,6,588.0
run_1789887273,rnd_task_010,robot_4,South,South,14.5,2,0,0.46,4,1,0.01,0.0,4,23,0.077,10,210.0,206.0,500.0,4,391.1
run_1789887273,rnd_task_011,robot_1,North,Central,42.64,2,1,0.46,4,2,0.0,0.18,5,31,0.069,30,275.1,271.1,500.0,6,664.6
run_1789887273,rnd_task_012,robot_4,North,Central,0.49,0,2,0.46,4,2,0.08,0.1,8,47,0.083,51,600.88,596.88,500.0,9,895.8
run_1789887273,rnd_task_013,robot_3,Central,North,38.97,2,0,0.46,4,2,0.09,0.21,4,25,0.075,29,229.24,225.24,500.0,6,533.8
run_1789887273,rnd_task_014,robot_2,South,North,64.69,4,2,0.46,4,2,0.07,0.07,4,29,0.063,43,316.06,312.06,500.0,6,637.8
run_1789887273,rnd_task_015,robot_1,Central,Central,44.32,2,0,0.46,4,1,0.09,0.2,2,17,0.103,7,32.96,28.96,500.0,3,213.0
run_1789887273,rnd_task_016,robot_1,North,South,61.52,4,2,0.46,4,2,0.03,0.17,6,35,0.076,30,446.42,442.42,500.0,7,707.6
run_1789887273,rnd_task_017,robot_3,North,North,27.9,2,1,0.46,4,1,0.07,0.08,5,25,0.072,28,167.2,163.2,500.0,5,528.6
run_1789887273,rnd_task_018,robot_2,South,Central,75.41,4,2,0.46,4,2,0.0,0.18,5,24,0.073,14,262.7,258.7,500.0,5,468.6
run_1789887273,rnd_task_019,robot_4,South,North,58.25,4,2,0.46,4,2,0.02,0.01,8,44,0.08,45,565.16,561.16,500.0,4,849.0
run_1789887273,rnd_task_020,robot_3,North,South,67.11,4,2,0.46,4,2,0.03,0.0,5,35,0.083,55,417.88,413.88,500.0,3,628.0
run_1789894367,rnd_task_001,robot_1,North,North,38.49,2,1,0.46,4,1,0.12,0.0,5,35,0.059,153,611.12,607.12,500.0,6,882.0
run_1789894367,rnd_task_002,robot_4,Central,South,36.93,2,0,0.46,4,2,0.09,0.01,1,6,0.017,62,221.58,217.58,500.0,3,343.2
run_1789894367,rnd_task_003,robot_2,North,North,23.56,2,1,0.46,4,1,0.09,0.02,5,35,0.062,153,631.56,627.56,500.0,6,870.26
run_1789894367,rnd_task_004,robot_3,North,North,20.62,2,0,0.46,4,1,0.1,0.1,3,23,0.06,124,538.66,534.66,500.0,4,630.6
run_1789894367,rnd_task_005,robot_4,Central,North,20.62,2,0,0.46,4,2,0.09,0.24,3,22,0.077,75,217.78,213.78,500.0,4,389.6
run_1789894367,rnd_task_006,robot_3,Central,Central,0.97,0,1,0.46,4,1,0.02,0.0,5,25,0.047,57,399.96,395.96,500.0,9,808.66
run_1789894367,rnd_task_007,robot_4,Central,South,32.52,2,0,0.46,4,2,0.0,0.18,4,19,0.051,43,348.08,344.08,500.0,6,554.4
run_1789894367,rnd_task_008,robot_1,North,North,30.96,2,1,0.46,4,1,0.0,0.18,1,1,0.0,1,35.56,31.56,500.0,3,219.0
run_1789894367,rnd_task_009,robot_2,North,North,14.88,2,0,0.46,4,1,0.03,0.0,3,12,0.048,27,234.9,230.9,500.0,5,415.42
run_1789894367,rnd_task_010,robot_1,South,North,6.2,1,2,0.46,4,2,0.06,0.0,9,56,0.077,89,761.3,757.3,500.0,7,1113.8
run_1789894367,rnd_task_011,robot_4,North,South,6.04,0,2,0.46,4,2,0.01,0.04,7,45,0.068,63,610.54,606.54,500.0,6,906.2
run_1789894367,rnd_task_012,robot_2,Central,North,0.68,0,2,0.46,4,2,0.0,0.18,4,19,0.058,24,346.0,342.0,500.0,4,553.28
run_1789894367,rnd_task_013,robot_3,North,North,0.85,0,1,0.46,4,1,0.0,0.18,7,44,0.089,51,327.52,323.52,500.0,4,744.2
run_1789894367,rnd_task_014,robot_2,Central,North,6.0,0,2,0.46,4,2,0.08,0.11,7,52,0.104,118,419.66,415.66,500.0,6,769.4
run_1789894367,rnd_task_015,robot_3,North,Central,36.32,2,1,0.46,4,2,0.06,0.38,6,26,0.08,79,214.94,210.94,500.0,3,399.6
run_1789894367,rnd_task_016,robot_1,North,Central,25.44,2,0,0.46,4,2,0.16,0.24,6,26,0.108,79,197.82,193.82,500.0,3,390.4
run_1789894367,rnd_task_017,robot_4,North,North,29.93,2,1,0.46,4,1,0.03,0.14,11,56,0.11,84,391.1,387.1,500.0,6,800.2
run_1789894367,rnd_task_018,robot_1,South,South,2.77,2,0,0.46,4,1,0.0,0.18,7,30,0.096,5,171.06,167.06,500.0,3,458.76
run_1789894367,rnd_task_019,robot_3,South,Central,63.95,4,2,0.46,4,2,0.04,0.3,7,43,0.1,16,383.9,379.9,500.0,3,600.5
run_1789894367,rnd_task_020,robot_2,South,North,0.99,0,2,0.46,4,2,0.04,0.45,9,65,0.119,53,574.82,570.82,500.0,3,841.2
run_1789892144,rnd_task_001,robot_4,North,South,70.42,4,2,0.46,4,2,0.13,0.06,6,41,0.066,153,666.08,662.08,500.0,6,935.0
run_1789892144,rnd_task_002,robot_3,North,North,14.01,2,0,0.46,4,1,0.22,0.01,4,23,0.047,137,400.54,396.54,500.0,4,677.8
run_1789892144,rnd_task_003,robot_2,North,North,19.21,2,1,0.46,4,1,0.08,0.04,3,16,0.044,112,384.56,380.56,500.0,3,545.4
run_1789892144,rnd_task_004,robot_1,South,Central,91.96,4,2,0.46,4,2,0.04,0.0,5,29,0.054,134,327.72,323.72,500.0,5,776.8
run_1789892144,rnd_task_005,robot_2,North,Central,0.85,0,2,0.46,4,2,0.06,0.14,7,41,0.097,68,346.64,342.64,500.0,6,657.2
run_1789892144,rnd_task_006,robot_3,North,Central,0.49,0,2,0.46,4,2,0.1,0.17,9,59,0.083,133,561.36,557.36,500.0,8,1078.6
run_1789892144,rnd_task_007,robot_1,North,North,19.24,2,1,0.46,4,1,0.02,0.12,5,31,0.087,44,215.88,211.88,500.0,5,548.6
run_1789892144,rnd_task_008,robot_4,Central,North,0.99,0,2,0.46,4,2,0.07,0.01,5,30,0.069,73,426.56,422.56,500.0,5,638.36
run_1789892144,rnd_task_009,robot_2,North,Central,0.99,0,2,0.46,4,2,0.04,0.11,9,43,0.083,83,381.66,377.66,500.0,6,768.62
run_1789892144,rnd_task_010,robot_1,North,Central,37.3,2,1,0.46,4,2,0.04,0.18,8,45,0.095,72,295.7,291.7,500.0,6,694.4
run_1789892144,rnd_task_011,robot_4,Central,South,34.03,2,1,0.46,4,2,0.01,0.0,8,39,0.11,44,371.94,367.94,500.0,6,529.4
run_1789892144,rnd_task_012,robot_3,South,Central,0.99,0,2,0.46,4,2,0.0,0.18,8,42,0.101,18,277.38,273.38,500.0,6,611.4
run_1789892144,rnd_task_013,robot_2,North,South,61.67,4,2,0.46,4,2,0.07,0.0,8,42,0.094,26,391.36,387.36,500.0,6,657.44
run_1789892144,rnd_task_014,robot_1,North,Central,76.54,4,2,0.46,4,2,0.0,0.18,8,39,0.083,26,487.44,483.44,500.0,6,744.2
run_1789892144,rnd_task_015,robot_4,North,Central,64.69,4,2,0.46,4,2,0.07,0.08,10,51,0.083,44,572.5,568.5,500.0,6,937.4
run_1789892144,rnd_task_016,robot_3,South,South,36.71,2,1,0.46,4,1,0.0,0.18,6,31,0.079,25,208.86,204.86,500.0,5,559.0
run_1789892144,rnd_task_017,robot_2,North,North,1.31,1,0,0.46,4,1,0.02,0.0,6,36,0.082,20,420.96,416.96,500.0,5,635.6
run_1789892144,rnd_task_018,robot_1,North,Central,53.74,2,1,0.46,4,2,0.0,0.18,7,47,0.095,20,294.98,290.98,500.0,5,738.08
run_1789892144,rnd_task_020,robot_4,Central,South,33.25,2,0,0.46,4,2,0.0,0.18,4,29,0.1,2,201.64,197.64,500.0,3,439.2
run_1789892144,rnd_task_021,robot_2,North,Central,39.34,2,1,0.46,4,2,0.02,0.0,4,29,0.075,31,329.3,325.3,500.0,2,585.8
run_1789891240,rnd_task_001,robot_1,North,Central,32.34,2,0,0.46,4,2,0.01,0.0,8,46,0.09,69,566.98,562.98,500.0,4,773.8
run_1789891240,rnd_task_002,robot_4,North,South,81.52,4,2,0.46,4,2,0.05,0.01,9,53,0.091,73,594.62,590.62,500.0,6,901.0
run_1789891240,rnd_task_003,robot_2,North,South,0.99,0,2,0.46,4,2,0.03,0.09,11,63,0.098,66,602.44,598.44,500.0,7,996.0
run_1789891240,rnd_task_004,robot_3,South,Central,18.33,2,0,0.46,4,2,0.04,0.0,2,11,0.039,50,205.24,201.24,500.0,3,311.4
run_1789891240,rnd_task_005,robot_3,Central,South,36.18,2,0,0.46,4,2,0.03,0.0,6,35,0.123,7,153.88,149.88,500.0,3,407.0
run_1789891240,rnd_task_006,robot_3,South,Central,60.62,4,2,0.46,4,2,0.0,0.18,5,25,0.069,9,293.86,289.86,500.0,5,494.62
run_1789891240,rnd_task_007,robot_1,North,South,68.9,4,2,0.46,4,2,0.0,0.18,6,31,0.07,11,455.96,451.96,500.0,6,681.8
run_1789891240,rnd_task_008,robot_4,Central,North,0.99,0,2,0.46,4,2,0.0,0.0,5,20,0.046,17,328.46,324.46,500.0,6,645.6
run_1789891240,rnd_task_009,robot_2,North,Central,40.36,2,1,0.46,4,2,0.03,0.26,7,36,0.084,17,415.48,411.48,500.0,6,669.8
run_1789891240,rnd_task_010,robot_3,Central,South,83.71,4,2,0.46,4,2,0.04,0.21,6,41,0.105,27,227.14,223.14,500.0,7,588.2
run_1789891240,rnd_task_011,robot_1,Central,Central,81.0,4,2,0.46,4,1,0.0,0.18,4,19,0.107,15,117.28,113.28,500.0,5,242.9
run_1789891240,rnd_task_012,robot_4,Central,North,0.52,0,2,0.46,4,2,0.0,0.18,8,54,0.11,96,315.1,311.1,500.0,8,760.4
run_1789891240,rnd_task_013,robot_2,South,North,57.52,4,2,0.46,4,2,0.08,0.04,5,31,0.094,96,331.44,327.44,500.0,6,469.0
run_1789891240,rnd_task_014,robot_1,Central,Central,0.85,0,0,0.46,4,1,0.0,0.18,4,24,0.101,85,113.98,109.98,500.0,4,335.4
run_1789891240,rnd_task_015,robot_3,North,South,0.49,0,2,0.46,4,2,0.05,0.0,7,36,0.079,93,527.54,523.54,500.0,7,731.8
run_1789891240,rnd_task_016,robot_1,South,Central,69.97,4,2,0.46,4,2,0.0,0.18,4,23,0.066,11,354.0,350.0,500.0,5,485.0
run_1789891240,rnd_task_017,robot_2,North,North,32.22,2,1,0.46,4,1,0.0,0.18,5,27,0.076,7,184.84,180.84,500.0,6,527.52
run_1789891240,rnd_task_018,robot_4,North,South,54.38,4,2,0.46,4,2,0.02,0.41,9,54,0.098,50,593.82,589.82,500.0,5,858.6
run_1789891240,rnd_task_019,robot_1,Central,South,50.72,2,1,0.46,4,2,0.02,0.0,8,35,0.106,16,237.72,233.72,500.0,4,491.6
run_1789891240,rnd_task_020,robot_3,South,South,12.46,2,0,0.46,4,1,0.02,0.0,7,35,0.107,16,166.84,162.84,500.0,3,469.38
run_1789897287,rnd_task_001,robot_4,South,South,45.1,2,1,0.46,4,1,0.07,0.0,3,28,0.093,135,70.72,66.72,500.0,3,431.6
run_1789897287,rnd_task_002,robot_3,South,North,46.84,4,2,0.46,4,2,0.18,0.1,4,34,0.09,148,370.24,366.24,500.0,4,513.4
run_1789897287,rnd_task_003,robot_2,Central,North,0.51,0,2,0.46,4,2,0.23,0.04,5,41,0.101,147,310.46,306.46,500.0,5,653.4
run_1789897287,rnd_task_004,robot_1,South,North,6.0,1,2,0.46,4,2,0.07,0.07,9,62,0.105,172,418.72,414.72,500.0,6,914.0
run_1789897287,rnd_task_005,robot_4,North,North,36.79,2,1,0.46,4,1,0.04,0.02,9,50,0.089,70,381.42,377.42,500.0,8,871.8
run_1789897287,rnd_task_006,robot_3,South,Central,44.93,2,1,0.46,4,2,0.07,0.07,7,42,0.092,50,388.28,384.28,500.0,6,696.8
run_1789897287,rnd_task_007,robot_2,Central,Central,35.93,2,0,0.46,4,1,0.02,0.46,5,29,0.117,29,158.9,154.9,500.0,4,341.2
run_1789897287,rnd_task_008,robot_1,South,Central,53.74,2,1,0.46,4,2,0.0,0.22,8,45,0.088,50,402.88,398.88,500.0,7,776.8
run_1789897287,rnd_task_009,robot_2,South,Central,26.72,2,0,0.46,4,2,0.03,0.0,3,13,0.041,33,201.46,197.46,500.0,5,342.16
run_1789897287,rnd_task_010,robot_3,South,South,41.52,2,1,0.46,4,1,0.0,0.18,6,47,0.115,29,286.4,282.4,500.0,6,589.04
run_1789897287,rnd_task_011,robot_4,Central,South,6.0,0,2,0.46,4,2,0.0,0.0,9,65,0.109,45,499.2,495.2,500.0,8,935.0
run_1789897287,rnd_task_012,robot_2,North,South,0.67,0,2,0.46,4,2,0.03,0.0,8,49,0.107,45,407.36,403.36,500.0,5,694.2
run_1789897287,rnd_task_013,robot_1,Central,North,78.32,4,2,0.46,4,2,0.03,0.0,5,21,0.081,28,153.98,149.98,500.0,5,371.0
run_1789897287,rnd_task_014,robot_3,North,North,0.49,0,1,0.46,4,1,0.0,0.18,11,58,0.1,44,419.9,415.9,500.0,7,876.56
run_1789897287,rnd_task_015,robot_2,North,South,48.39,4,2,0.46,4,2,0.0,0.18,9,51,0.128,16,450.32,446.32,500.0,6,596.0
run_1789897287,rnd_task_016,robot_1,North,South,56.53,4,2,0.46,4,2,0.04,0.37,10,51,0.148,16,373.6,369.6,500.0,4,527.8
run_1789897287,rnd_task_017,robot_4,South,South,0.85,0,1,0.46,4,1,0.04,0.41,8,45,0.162,16,125.04,121.04,500.0,3,407.2
run_1789897287,rnd_task_018,robot_1,North,North,0.85,0,0,0.46,4,1,0.04,0.31,6,20,0.065,23,285.48,281.48,500.0,4,399.8
run_1789897287,rnd_task_020,robot_2,North,Central,0.85,0,2,0.46,4,2,0.04,0.0,9,44,0.079,91,590.12,586.12,500.0,2,836.12
run_1789897287,rnd_task_021,robot_3,North,Central,79.86,4,2,0.46,4,2,0.07,0.0,7,34,0.075,70,237.7,233.7,500.0,2,695.4
run_1789900243,rnd_task_001,robot_1,North,North,34.52,2,1,0.46,4,1,0.03,0.0,5,41,0.092,34,435.76,431.76,500.0,3,695.64
run_1789900243,rnd_task_002,robot_4,North,North,47.87,2,1,0.46,4,1,0.04,0.06,9,63,0.09,42,655.86,651.86,500.0,5,1089.14
run_1789900243,rnd_task_003,robot_2,South,North,64.31,4,2,0.46,4,2,0.05,0.06,5,41,0.082,24,452.58,448.58,500.0,4,729.8
run_1789900243,rnd_task_004,robot_3,South,South,0.67,0,1,0.46,4,1,0.01,0.0,5,41,0.088,20,303.42,299.42,500.0,4,661.18
run_1789900243,rnd_task_005,robot_1,North,Central,50.97,2,1,0.46,4,2,0.0,0.18,6,30,0.082,5,242.14,238.14,500.0,4,539.6
run_1789900243,rnd_task_007,robot_2,Central,North,93.26,4,2,0.46,4,2,0.0,0.18,8,47,0.091,1,427.8,423.8,500.0,3,787.6
run_1789900243,rnd_task_009,robot_1,North,North,29.93,2,1,0.46,4,1,0.0,0.18,3,19,0.049,0,210.3,206.3,500.0,2,525.8
run_1789900243,rnd_task_010,robot_2,Central,South,6.11,1,2,0.46,4,2,0.0,0.18,3,13,0.024,42,259.66,255.66,500.0,1,590.4
run_1789895350,rnd_task_001,robot_4,Central,North,23.83,2,0,0.46,4,2,0.08,0.05,5,35,0.069,138,409.74,405.74,500.0,4,754.4
run_1789895350,rnd_task_002,robot_3,North,North,34.5,2,1,0.46,4,1,0.16,0.06,5,35,0.068,153,455.64,451.64,500.0,5,797.6
run_1789895350,rnd_task_003,robot_1,North,Central,64.44,4,2,0.46,4,2,0.16,0.0,4,28,0.066,137,423.0,419.0,500.0,3,606.2
run_1789895350,rnd_task_004,robot_2,Central,North,30.73,2,1,0.46,4,2,0.03,0.02,6,41,0.075,153,614.98,610.98,500.0,6,851.0
run_1789895350,rnd_task_005,robot_1,North,South,69.54,4,2,0.46,4,2,0.01,0.03,6,30,0.067,98,391.34,387.34,500.0,6,624.4
run_1789895350,rnd_task_006,robot_4,North,North,0.85,0,1,0.46,4,1,0.07,0.06,6,41,0.086,98,388.58,384.58,500.0,7,743.56
run_1789895350,rnd_task_007,robot_3,Central,South,0.49,0,2,0.46,4,2,0.03,0.23,6,36,0.087,88,294.12,290.12,500.0,5,575.6
run_1789895350,rnd_task_008,robot_2,South,North,55.23,4,2,0.46,4,2,0.15,0.05,9,53,0.107,88,538.88,534.88,500.0,6,768.4
run_1789895350,rnd_task_009,robot_1,Central,South,6.0,0,2,0.46,4,2,0.03,0.11,7,50,0.114,24,248.4,244.4,500.0,6,630.4
run_1789895350,rnd_task_010,robot_3,South,North,6.24,1,2,0.46,4,2,0.02,0.0,6,53,0.095,45,586.02,582.02,500.0,6,845.1
run_1789895350,rnd_task_011,robot_4,North,South,87.38,4,2,0.46,4,2,0.01,0.0,9,77,0.101,59,635.76,631.76,500.0,8,1153.0
run_1789895350,rnd_task_012,robot_2,South,North,6.0,1,2,0.46,4,2,0.02,0.31,7,54,0.09,58,623.1,619.1,500.0,6,933.0
run_1789895350,rnd_task_013,robot_1,Central,South,26.72,2,0,0.46,4,2,0.0,0.18,5,36,0.078,41,228.0,224.0,500.0,4,664.0
run_1789895350,rnd_task_014,robot_3,Central,Central,67.02,2,1,0.46,4,1,0.07,0.17,9,55,0.104,64,427.76,423.76,500.0,7,807.0
run_1789895350,rnd_task_015,robot_1,South,Central,0.67,0,2,0.46,4,2,0.0,0.18,5,24,0.094,2,193.22,189.22,500.0,5,341.14
run_1789895350,rnd_task_016,robot_2,North,South,0.85,0,2,0.46,4,2,0.0,0.18,10,65,0.114,77,490.12,486.12,500.0,7,862.6
run_1789895350,rnd_task_017,robot_4,North,South,58.99,4,2,0.46,4,2,0.09,0.16,9,62,0.104,81,672.66,668.66,500.0,6,959.8
run_1789895350,rnd_task_018,robot_1,Central,Central,38.22,2,0,0.46,4,1,0.18,0.08,4,19,0.116,58,54.76,50.76,500.0,4,207.4
run_1789895350,rnd_task_019,robot_3,Central,South,74.04,4,2,0.46,4,2,0.02,0.0,4,23,0.089,23,215.76,211.76,500.0,4,383.4
run_1789895350,rnd_task_020,robot_1,North,North,8.95,2,0,0.46,4,1,0.05,0.0,3,22,0.107,15,187.6,183.6,500.0,3,298.0
run_1789888204,rnd_task_001,robot_4,Central,North,75.02,4,2,0.46,4,2,0.03,0.0,4,22,0.061,34,372.04,368.04,500.0,3,492.5
run_1789888204,rnd_task_002,robot_1,North,South,0.85,0,2,0.46,4,2,0.04,0.13,7,46,0.084,39,519.62,515.62,500.0,5,788.6
run_1789888204,rnd_task_003,robot_2,North,North,32.7,2,1,0.46,4,1,0.05,0.08,7,46,0.091,37,548.28,544.28,500.0,6,808.8
run_1789888204,rnd_task_004,robot_3,Central,North,0.49,0,2,0.46,4,2,0.04,0.01,8,53,0.086,47,506.86,502.86,500.0,7,952.4
run_1789888204,rnd_task_005,robot_4,North,North,7.84,2,0,0.46,4,1,0.0,0.18,2,8,0.052,0,30.98,26.98,500.0,3,154.36
run_1789888204,rnd_task_006,robot_4,South,North,55.65,4,2,0.46,4,2,0.07,0.13,6,47,0.085,44,601.42,597.42,500.0,6,824.0
run_1789888204,rnd_task_007,robot_1,North,South,0.85,0,2,0.46,4,2,0.03,0.0,8,49,0.069,116,567.62,563.62,500.0,8,1073.0
run_1789888204,rnd_task_008,robot_2,South,South,6.72,2,0,0.46,4,1,0.03,0.0,6,37,0.07,59,424.1,420.1,500.0,5,775.4
run_1789888204,rnd_task_009,robot_3,Central,South,43.71,2,1,0.46,4,2,0.01,0.0,5,35,0.08,47,316.0,312.0,500.0,5,677.0
run_1789888204,rnd_task_010,robot_4,Central,Central,60.49,2,1,0.46,4,1,0.02,0.46,6,41,0.121,89,261.06,257.06,500.0,6,543.44
run_1789888204,rnd_task_011,robot_2,North,South,89.91,4,2,0.46,4,2,0.14,0.05,14,100,0.105,245,963.02,959.02,500.0,10,1510.0
run_1789888204,rnd_task_012,robot_3,South,South,0.67,0,1,0.46,4,1,0.02,0.0,6,36,0.104,67,118.68,114.68,500.0,5,462.7
run_1789888204,rnd_task_013,robot_1,South,South,40.78,2,1,0.46,4,1,0.0,0.18,6,37,0.11,3,64.3,60.3,500.0,5,489.0
run_1789888204,rnd_task_014,robot_4,South,Central,61.16,2,1,0.46,4,2,0.04,0.05,8,42,0.071,176,331.94,327.94,500.0,5,879.0
run_1789888204,rnd_task_015,robot_3,Central,South,6.0,0,2,0.46,4,2,0.26,0.02,9,53,0.087,176,450.22,446.22,500.0,6,917.2
run_1789888204,rnd_task_016,robot_1,Central,South,0.67,0,2,0.46,4,2,0.26,0.02,5,29,0.075,176,364.94,360.94,500.0,4,589.76
run_1789888204,rnd_task_018,robot_4,Central,North,44.37,2,1,0.46,4,2,0.0,0.18,6,37,0.124,0,241.12,237.12,500.0,5,435.8
run_1789888204,rnd_task_019,robot_1,Central,North,80.5,4,2,0.46,4,2,0.0,0.18,5,25,0.104,0,149.56,145.56,500.0,3,326.2
run_1789888204,rnd_task_022,robot_1,North,North,16.95,2,0,0.46,4,1,0.02,0.0,2,13,0.042,63,164.54,160.54,500.0,2,380.4
run_1789888204,rnd_task_023,robot_4,North,North,8.36,2,0,0.46,4,1,0.0,0.18,1,6,0.045,14,80.68,76.68,500.0,1,179.02
run_1789890284,rnd_task_001,robot_4,Central,South,0.67,0,2,0.46,4,2,0.08,0.0,4,29,0.084,176,335.08,331.08,500.0,3,498.62
run_1789890284,rnd_task_002,robot_3,North,North,45.84,2,1,0.46,4,1,0.08,0.03,9,59,0.09,210,609.48,605.48,500.0,6,1026.8
run_1789890284,rnd_task_003,robot_1,South,North,0.67,0,2,0.46,4,2,0.06,0.0,6,40,0.099,180,276.76,272.76,500.0,4,563.4
run_1789890284,rnd_task_004,robot_2,Central,North,6.0,0,2,0.46,4,2,0.13,0.07,7,47,0.094,205,407.04,403.04,500.0,5,762.36
run_1789890284,rnd_task_005,robot_4,North,South,68.93,4,2,0.46,4,2,0.03,0.25,9,49,0.081,37,758.56,754.56,500.0,8,959.2
run_1789890284,rnd_task_006,robot_1,South,South,45.59,2,1,0.46,4,1,0.03,0.0,5,25,0.062,26,266.54,262.54,500.0,5,546.0
run_1789890284,rnd_task_007,robot_2,North,South,6.0,0,2,0.46,4,2,0.0,0.18,6,29,0.081,0,336.76,332.76,500.0,5,545.4
run_1789890284,rnd_task_008,robot_3,Central,South,29.01,2,0,0.46,4,2,0.0,0.18,5,30,0.077,11,266.56,262.56,500.0,6,544.92
run_1789890284,rnd_task_009,robot_1,North,Central,58.31,2,1,0.46,4,2,0.06,0.22,11,70,0.098,65,510.22,506.22,500.0,8,1105.4
run_1789890284,rnd_task_010,robot_2,South,North,80.12,4,2,0.46,4,2,0.07,0.24,9,52,0.092,62,393.56,389.56,500.0,7,872.6
run_1789890284,rnd_task_011,robot_4,South,North,67.93,4,2,0.46,4,2,0.05,0.0,7,37,0.089,61,439.68,435.68,500.0,5,652.0
run_1789890284,rnd_task_012,robot_3,South,South,19.36,2,0,0.46,4,1,0.0,0.18,4,24,0.09,12,184.96,180.96,500.0,3,353.8
run_1789890284,rnd_task_013,robot_3,South,South,30.11,2,1,0.46,4,1,0.0,0.18,5,36,0.097,39,160.88,156.88,500.0,7,495.2
run_1789890284,rnd_task_014,robot_4,North,North,24.34,2,1,0.46,4,1,0.0,0.18,3,19,0.091,0,44.78,40.78,500.0,5,285.16
run_1789890284,rnd_task_015,robot_2,North,Central,0.85,0,2,0.46,4,2,0.04,0.12,6,26,0.08,14,229.06,225.06,500.0,5,476.4
run_1789890284,rnd_task_016,robot_1,Central,North,86.23,4,2,0.46,4,2,0.11,0.05,8,50,0.088,119,453.62,449.62,500.0,7,904.2
run_1789890284,rnd_task_017,robot_4,North,Central,69.51,4,2,0.46,4,2,0.15,0.03,3,20,0.064,119,300.04,296.04,500.0,5,532.54
run_1789890284,rnd_task_018,robot_3,North,North,0.99,0,0,0.46,4,1,0.05,0.01,8,54,0.087,122,619.76,615.76,500.0,5,937.62
run_1789890284,rnd_task_019,robot_2,South,South,17.12,2,0,0.46,4,1,0.13,0.01,5,29,0.08,105,319.8,315.8,500.0,4,498.0
run_1789890284,rnd_task_020,robot_4,North,North,0.72,0,1,0.46,4,1,0.03,0.0,5,29,0.125,3,212.7,208.7,500.0,3,352.2
run_1789885293,rnd_task_001,robot_1,South,North,0.49,0,2,0.46,4,2,0.02,0.06,6,40,0.086,136,355.48,351.48,500.0,4,648.54
run_1789885293,rnd_task_002,robot_2,Central,North,44.93,2,1,0.46,4,2,0.27,0.05,6,42,0.09,138,402.04,398.04,500.0,5,732.0
run_1789885293,rnd_task_003,robot_4,North,Central,73.5,4,2,0.46,4,2,0.22,0.09,6,42,0.081,170,585.36,581.36,500.0,6,813.6
run_1789885293,rnd_task_004,robot_3,South,Central,76.18,4,2,0.46,4,2,0.05,0.18,6,35,0.095,110,307.74,303.74,500.0,3,545.1
run_1789885293,rnd_task_005,robot_3,North,South,68.81,4,2,0.46,4,2,0.03,0.01,10,69,0.096,155,729.22,725.22,500.0,9,1103.0
run_1789885293,rnd_task_006,robot_1,Central,Central,0.67,0,1,0.46,4,1,0.1,0.03,4,18,0.046,135,275.48,271.48,500.0,5,563.62
run_1789885293,rnd_task_007,robot_2,South,South,16.78,2,0,0.46,4,1,0.09,0.05,7,47,0.093,126,467.12,463.12,500.0,6,734.16
run_1789885293,rnd_task_008,robot_4,North,North,22.65,2,0,0.46,4,1,0.08,0.21,6,41,0.114,89,274.22,270.22,500.0,4,541.98
run_1789885293,rnd_task_009,robot_1,Central,South,25.99,2,0,0.46,4,2,0.01,0.0,7,58,0.184,8,217.94,213.94,500.0,6,479.0
run_1789885293,rnd_task_010,robot_4,South,North,87.87,4,2,0.46,4,2,0.03,0.1,10,64,0.098,28,489.08,485.08,500.0,8,961.2
run_1789885293,rnd_task_011,robot_2,South,South,47.87,2,1,0.46,4,1,0.05,0.45,6,41,0.117,19,178.86,174.86,500.0,5,511.2
run_1789885293,rnd_task_012,robot_3,Central,Central,0.67,0,1,0.46,4,1,0.01,0.43,9,44,0.09,20,340.94,336.94,500.0,7,737.34
run_1789885293,rnd_task_013,robot_1,North,North,42.44,2,1,0.46,4,1,0.01,0.0,7,26,0.075,20,318.42,314.42,500.0,4,534.6
run_1789885293,rnd_task_014,robot_2,Central,South,102.38,4,2,0.46,4,2,0.0,0.0,8,47,0.096,44,257.02,253.02,500.0,6,730.4
run_1789885293,rnd_task_015,robot_1,Central,North,0.49,0,2,0.46,4,2,0.04,0.0,7,43,0.092,35,337.74,333.74,500.0,6,694.6
run_1789885293,rnd_task_016,robot_4,South,South,23.95,2,0,0.46,4,1,0.03,0.03,8,42,0.098,35,432.44,428.44,500.0,5,635.6
run_1789885293,rnd_task_017,robot_3,South,North,78.82,4,2,0.46,4,2,0.01,0.46,8,44,0.091,36,289.66,285.66,500.0,5,744.6
run_1789885293,rnd_task_018,robot_2,Central,Central,0.97,0,0,0.46,4,1,0.0,0.18,5,21,0.08,1,173.76,169.76,500.0,4,376.6
run_1789885293,rnd_task_020,robot_4,South,North,69.63,4,2,0.46,4,2,0.0,0.18,6,27,0.067,1,307.08,303.08,500.0,3,597.42
run_1789885293,rnd_task_022,robot_3,North,North,25.34,2,1,0.46,4,1,0.0,0.18,4,22,0.123,0,141.1,137.1,500.0,1,276.8
run_1789889239,rnd_task_001,robot_4,Central,Central,67.27,2,1,0.46,4,1,0.12,0.07,6,34,0.072,185,344.3,340.3,500.0,4,698.0
run_1789889239,rnd_task_002,robot_3,North,North,35.27,2,1,0.46,4,1,0.17,0.04,7,39,0.079,185,468.12,464.12,500.0,5,730.4
run_1789889239,rnd_task_003,robot_1,Central,Central,60.49,2,1,0.46,4,1,0.07,0.06,3,16,0.055,183,229.22,225.22,500.0,3,433.2
run_1789889239,rnd_task_004,robot_2,North,North,44.53,2,1,0.46,4,1,0.03,0.14,8,47,0.077,185,474.82,470.82,500.0,6,930.3
run_1789889239,rnd_task_005,robot_1,South,North,0.49,0,2,0.46,4,2,0.02,0.01,6,32,0.071,50,450.3,446.3,500.0,6,677.6
run_1789889239,rnd_task_006,robot_4,North,South,65.88,4,2,0.46,4,2,0.03,0.17,6,31,0.056,56,658.9,654.9,500.0,6,859.9
run_1789889239,rnd_task_007,robot_3,South,North,72.14,4,2,0.46,4,2,0.01,0.0,9,55,0.075,69,681.74,677.74,500.0,7,1064.0
run_1789889239,rnd_task_008,robot_2,Central,South,84.93,4,2,0.46,4,2,0.01,0.0,4,35,0.081,48,277.56,273.56,500.0,5,667.6
run_1789889239,rnd_task_009,robot_1,South,South,29.54,2,1,0.46,4,1,0.03,0.0,6,53,0.095,19,519.14,515.14,500.0,6,824.08
run_1789889239,rnd_task_010,robot_4,South,South,24.2,2,0,0.46,4,1,0.03,0.46,5,32,0.085,13,235.74,231.74,500.0,6,539.9
run_1789889239,rnd_task_011,robot_2,North,South,70.45,4,2,0.46,4,2,0.01,0.0,8,54,0.087,82,699.76,695.76,500.0,7,986.2
run_1789889239,rnd_task_012,robot_3,Central,South,78.57,4,2,0.46,4,2,0.04,0.06,5,30,0.069,69,368.96,364.96,500.0,5,607.4
run_1789889239,rnd_task_013,robot_1,North,Central,83.32,4,2,0.46,4,2,0.04,0.0,7,47,0.087,86,439.34,435.34,500.0,6,802.2
run_1789889239,rnd_task_014,robot_4,South,North,74.52,4,2,0.46,4,2,0.07,0.04,9,59,0.082,125,663.48,659.48,500.0,7,1122.34
run_1789889239,rnd_task_015,robot_3,North,South,46.11,4,2,0.46,4,2,0.09,0.01,8,42,0.078,56,638.26,634.26,500.0,5,793.22
run_1789889239,rnd_task_016,robot_2,North,North,25.59,2,1,0.46,4,1,0.15,0.04,7,43,0.083,90,386.32,382.32,500.0,6,795.64
run_1789889239,rnd_task_017,robot_1,Central,North,34.9,2,0,0.46,4,2,0.0,0.18,2,8,0.036,29,84.86,80.86,500.0,3,219.66
run_1789889239,rnd_task_019,robot_3,North,South,71.47,4,2,0.46,4,2,0.07,0.31,3,25,0.069,65,400.08,396.08,500.0,4,546.88
run_1789889239,rnd_task_020,robot_4,Central,Central,71.86,4,2,0.46,4,1,0.09,0.18,4,25,0.084,64,361.84,357.84,500.0,3,501.2
run_1789889239,rnd_task_021,robot_2,North,North,0.98,0,0,0.46,4,1,0.0,0.18,2,7,0.037,6,116.86,112.86,500.0,2,216.38
run_1789880595,rnd_task_001,robot_1,North,North,29.43,2,1,0.46,4,1,0.03,0.0,5,41,0.102,39,479.42,475.42,500.0,3,626.6
run_1789880595,rnd_task_002,robot_4,North,South,97.58,4,2,0.46,4,2,0.05,0.01,8,69,0.107,62,529.1,525.1,500.0,5,973.4
run_1789880595,rnd_task_003,robot_2,South,Central,79.61,4,2,0.46,4,2,0.05,0.01,4,27,0.08,36,270.88,266.88,500.0,2,449.6
run_1789880595,rnd_task_005,robot_2,Central,North,0.88,0,2,0.46,4,2,0.09,0.0,5,21,0.09,12,117.44,113.44,500.0,3,309.4
run_1789880595,rnd_task_006,robot_1,North,Central,34.8,2,1,0.46,4,2,0.0,0.18,4,28,0.117,21,204.76,200.76,500.0,3,342.34
run_1789880595,rnd_task_007,robot_2,South,Central,80.3,4,2,0.46,4,2,0.05,0.0,5,39,0.082,127,462.54,458.54,500.0,3,708.8
run_1789880595,rnd_task_008,robot_1,North,South,0.85,0,2,0.46,4,2,0.0,0.14,4,30,0.058,165,365.72,361.72,500.0,2,652.8
run_1789880595,rnd_task_010,robot_2,North,North,37.44,2,1,0.46,4,1,0.0,0.0,4,30,0.067,132,326.86,322.86,500.0,3,628.6
run_1789880595,rnd_task_011,robot_1,South,South,0.51,0,0,0.46,4,1,0.0,0.18,2,12,0.064,44,108.88,104.88,500.0,1,248.2
run_1789880595,rnd_task_013,robot_1,North,North,30.7,2,1,0.46,4,1,0.0,0.18,3,18,0.038,99,317.62,313.62,500.0,3,583.62
run_1789880595,rnd_task_014,robot_2,North,North,9.66,2,0,0.46,4,1,0.0,0.18,1,7,0.035,45,102.08,98.08,500.0,1,285.8
run_1789880595,rnd_task_015,robot_2,Central,North,31.22,2,0,0.46,4,2,0.02,0.13,2,12,0.048,72,221.94,217.94,500.0,1,336.4
run_1789880595,rnd_task_018,robot_2,North,Central,22.67,2,0,0.46,4,2,0.0,0.18,1,12,0.038,87,252.6,248.6,500.0,0,524.0
run_1789880595,rnd_task_019,robot_2,South,North,61.02,4,2,0.46,4,2,0.0,0.18,1,6,0.009,53,514.88,510.88,500.0,0,637.2
run_1789880595,rnd_task_023,robot_2,Central,South,89.67,4,2,0.46,4,2,0.0,0.18,2,11,0.021,41,248.68,244.68,500.0,0,562.82
run_1789880595,rnd_task_025,robot_2,South,North,48.14,4,2,0.46,4,2,0.0,0.18,2,18,0.027,33,323.64,319.64,500.0,0,678.8
run_1789745490,rnd_task_001,robot_4,North,North,22.26,2,1,0.46,4,1,0.05,0.08,4,35,0.095,71,350.02,346.02,500.0,4,545.02
run_1789745490,rnd_task_002,robot_3,South,North,0.67,0,2,0.46,4,2,0.12,0.11,6,47,0.086,88,464.14,460.14,500.0,6,791.0
run_1789745490,rnd_task_003,robot_1,Central,Central,42.28,2,0,0.46,4,1,0.06,0.01,4,34,0.122,44,256.72,252.72,500.0,3,409.4
run_1789745490,rnd_task_004,robot_2,Central,South,6.03,1,2,0.46,4,2,0.07,0.02,6,45,0.11,74,491.06,487.06,500.0,5,657.0
run_1789745490,rnd_task_005,robot_1,North,Central,81.91,4,2,0.46,4,2,0.09,0.03,6,38,0.05,212,689.52,685.52,500.0,8,1161.06
run_1789745490,rnd_task_006,robot_4,North,North,0.51,0,1,0.46,4,1,0.12,0.07,5,36,0.069,87,410.46,406.46,500.0,6,782.2
run_1789745490,rnd_task_007,robot_2,North,South,68.9,4,2,0.46,4,2,0.13,0.09,6,36,0.057,179,754.02,750.02,500.0,7,975.4
run_1789745490,rnd_task_008,robot_3,North,North,29.54,2,1,0.46,4,1,0.12,0.04,3,19,0.048,70,238.96,234.96,500.0,3,497.8
run_1789745490,rnd_task_009,robot_3,North,South,66.1,4,2,0.46,4,2,0.14,0.03,4,36,0.069,190,607.92,603.92,500.0,6,815.18
run_1789745490,rnd_task_010,robot_4,South,North,48.14,4,2,0.46,4,2,0.1,0.06,7,53,0.076,190,769.68,765.68,500.0,7,1023.64
run_1789745490,rnd_task_011,robot_1,South,North,6.0,1,2,0.46,4,2,0.0,0.18,6,46,0.101,84,386.6,382.6,500.0,5,670.6
run_1789745490,rnd_task_012,robot_2,Central,South,5.77,1,2,0.46,4,2,0.03,0.0,5,42,0.102,81,363.56,359.56,500.0,4,605.4
run_1789745490,rnd_task_013,robot_3,North,North,5.89,1,0,0.46,4,1,0.0,0.18,4,30,0.077,0,450.9,446.9,500.0,6,545.12
run_1789745490,rnd_task_014,robot_1,South,North,6.0,0,2,0.46,4,2,0.02,0.13,12,66,0.092,29,726.82,722.82,500.0,8,1128.4
run_1789745490,rnd_task_015,robot_2,Central,North,6.03,1,2,0.46,4,2,0.0,0.18,8,46,0.099,0,354.36,350.36,500.0,4,685.4
run_1789745490,rnd_task_016,robot_4,South,South,6.0,0,1,0.46,4,1,0.0,0.46,9,54,0.092,0,467.94,463.94,500.0,6,888.2
run_1789745490,rnd_task_017,robot_3,North,North,6.0,0,0,0.46,4,1,0.0,0.18,6,36,0.114,0,178.1,174.1,500.0,4,456.6
run_1789745490,rnd_task_018,robot_2,Central,South,73.25,4,2,0.46,4,2,0.0,0.18,4,18,0.074,29,233.44,229.44,500.0,5,349.66
run_1789745490,rnd_task_019,robot_3,North,North,37.05,2,1,0.46,4,1,0.02,0.06,4,19,0.057,32,243.96,239.96,500.0,4,494.0
run_1789745490,rnd_task_020,robot_4,Central,Central,98.97,4,2,0.46,4,1,0.08,0.0,4,24,0.061,150,298.56,294.56,500.0,3,593.22
run_1789746520,rnd_task_001,robot_1,North,North,29.43,2,1,0.46,4,1,0.02,0.0,5,29,0.07,55,479.26,475.26,500.0,4,631.74
run_1789746520,rnd_task_002,robot_4,North,South,97.58,4,2,0.46,4,2,0.06,0.17,9,88,0.104,109,701.4,697.4,500.0,8,1152.0
run_1789746520,rnd_task_003,robot_2,South,Central,79.61,4,2,0.46,4,2,0.07,0.09,4,21,0.069,35,253.8,249.8,500.0,3,432.4
run_1789746520,rnd_task_004,robot_3,North,South,6.2,1,2,0.46,4,2,0.1,0.11,8,76,0.131,79,755.12,751.12,500.0,6,915.32
run_1789746520,rnd_task_005,robot_2,Central,North,0.88,0,2,0.46,4,2,0.05,0.0,5,15,0.073,21,104.42,100.42,500.0,4,302.4
run_1789746520,rnd_task_006,robot_1,North,Central,34.8,2,1,0.46,4,2,0.0,0.18,4,47,0.211,37,207.06,203.06,500.0,4,340.82
run_1789746520,rnd_task_007,robot_2,South,Central,80.3,4,2,0.46,4,2,0.03,0.0,6,69,0.157,47,445.7,441.7,500.0,6,689.8
run_1789746520,rnd_task_008,robot_3,North,South,64.2,4,2,0.46,4,2,0.07,0.0,8,48,0.083,51,614.6,610.6,500.0,5,863.4
run_1789746520,rnd_task_009,robot_1,North,Central,53.26,2,1,0.46,4,2,0.0,0.18,8,60,0.101,51,403.68,399.68,500.0,7,911.2
run_1789746520,rnd_task_010,robot_4,North,North,37.44,2,1,0.46,4,1,0.08,0.06,9,65,0.093,84,697.44,693.44,500.0,7,1070.06
run_1789746520,rnd_task_011,robot_2,South,South,24.94,2,0,0.46,4,1,0.11,0.01,6,29,0.098,29,216.14,212.14,500.0,4,407.8
run_1789746520,rnd_task_013,robot_3,North,North,30.7,2,1,0.46,4,1,0.05,0.37,7,36,0.123,58,251.5,247.5,500.0,6,421.08
run_1789746520,rnd_task_014,robot_2,North,North,9.66,2,0,0.46,4,1,0.0,0.18,7,37,0.09,102,418.86,414.86,500.0,7,625.0
run_1789746520,rnd_task_015,robot_1,Central,North,31.22,2,0,0.46,4,2,0.06,0.16,4,25,0.085,59,166.32,162.32,500.0,5,424.78
run_1789746520,rnd_task_016,robot_4,South,Central,28.02,2,0,0.46,4,2,0.0,0.46,8,51,0.079,115,624.6,620.6,500.0,8,931.2
run_1789746520,rnd_task_017,robot_3,North,North,0.85,0,0,0.46,4,1,0.02,0.21,4,19,0.057,79,149.0,145.0,500.0,5,424.4
run_1789746520,rnd_task_018,robot_1,North,Central,22.67,2,0,0.46,4,2,0.01,0.27,5,34,0.106,78,256.2,252.2,500.0,5,529.4
run_1789746520,rnd_task_019,robot_2,South,North,61.02,4,2,0.46,4,2,0.05,0.08,6,37,0.076,65,633.2,629.2,500.0,5,762.14
run_1789746520,rnd_task_020,robot_3,North,South,0.67,0,2,0.46,4,2,0.04,0.0,5,36,0.087,33,394.28,390.28,500.0,4,642.6
run_1789746520,rnd_task_021,robot_1,North,Central,87.28,4,2,0.46,4,2,0.04,0.0,4,14,0.055,33,120.92,116.92,500.0,3,364.8
run_1789662418,rnd_task_003,robot_1,Central,Central,42.28,2,0,0.46,4,1,0.05,0.05,4,28,0.1,59,255.98,251.98,500.0,0,401.2
run_1789661254,rnd_task_001,robot_1,South,South,0.85,0,0,0.46,4,1,0.02,0.0,3,28,0.07,77,247.06,243.06,500.0,3,513.04
run_1789661254,rnd_task_002,robot_2,North,North,35.25,2,1,0.46,4,1,0.04,0.14,7,59,0.103,99,555.18,551.18,500.0,6,911.34
run_1789661254,rnd_task_003,robot_3,South,North,85.6,4,2,0.46,4,2,0.12,0.01,5,47,0.097,60,427.88,423.88,500.0,4,739.2
run_1789661254,rnd_task_004,robot_4,North,North,30.2,2,1,0.46,4,1,0.11,0.03,5,47,0.092,54,510.68,506.68,500.0,5,759.24
run_1789661254,rnd_task_005,robot_1,North,South,50.67,4,2,0.46,4,2,0.12,0.16,8,48,0.09,87,524.88,520.88,500.0,6,799.4
run_1789661254,rnd_task_006,robot_3,North,South,65.89,4,2,0.46,4,2,0.15,0.14,6,36,0.088,79,397.44,393.44,500.0,6,633.6
run_1789661254,rnd_task_007,robot_4,South,North,66.35,4,2,0.46,4,2,0.04,0.11,10,53,0.08,155,699.56,695.56,500.0,7,999.0
run_1789661254,rnd_task_008,robot_2,North,South,6.0,0,2,0.46,4,2,0.06,0.11,7,35,0.066,142,404.88,400.88,500.0,5,783.5
run_1789661254,rnd_task_009,robot_1,North,Central,64.69,4,2,0.46,4,2,0.03,0.14,6,31,0.069,85,415.62,411.62,500.0,6,633.6
run_1789661254,rnd_task_010,robot_3,Central,North,100.1,4,2,0.46,4,2,0.04,0.32,7,41,0.083,73,285.46,281.46,500.0,6,727.2
run_1789661254,rnd_task_011,robot_2,South,North,73.22,4,2,0.46,4,2,0.0,0.18,8,38,0.076,25,335.56,331.56,500.0,6,760.8
run_1789661254,rnd_task_012,robot_4,Central,North,31.22,2,0,0.46,4,2,0.03,0.28,7,36,0.098,25,354.8,350.8,500.0,5,570.6
run_1789661254,rnd_task_013,robot_1,North,South,6.13,1,2,0.46,4,2,0.01,0.0,6,31,0.063,46,484.28,480.28,500.0,5,696.8
run_1789661254,rnd_task_014,robot_3,North,North,6.0,0,1,0.46,4,1,0.01,0.0,6,31,0.065,65,308.04,304.04,500.0,5,677.6
run_1789661254,rnd_task_016,robot_2,North,South,59.88,4,2,0.46,4,2,0.1,0.15,6,47,0.111,116,486.2,482.2,500.0,4,647.2
run_1789661254,rnd_task_017,robot_1,South,North,6.0,0,2,0.46,4,2,0.04,0.0,7,54,0.098,112,387.34,383.34,500.0,5,834.52
run_1789661254,rnd_task_018,robot_3,Central,South,57.08,2,1,0.46,4,2,0.02,0.0,5,47,0.109,89,281.04,277.04,500.0,3,604.0
run_1789661254,rnd_task_019,robot_2,Central,Central,78.22,4,2,0.46,4,1,0.03,0.01,5,35,0.093,27,181.86,177.86,500.0,3,535.0
run_1789661254,rnd_task_020,robot_3,South,South,0.85,0,0,0.46,4,1,0.0,0.18,5,25,0.113,10,63.06,59.06,500.0,2,299.8
run_1789661254,rnd_task_023,robot_3,South,South,32.98,2,1,0.46,4,1,0.0,0.18,3,30,0.071,60,283.2,279.2,500.0,0,481.0
run_1789795585,rnd_task_001,robot_4,North,North,22.26,2,1,0.46,4,1,0.01,0.01,4,23,0.067,86,346.36,342.36,500.0,4,534.8
run_1789795585,rnd_task_002,robot_3,South,North,52.36,4,2,0.46,4,2,0.1,0.07,6,35,0.07,99,412.34,408.34,500.0,6,743.92
run_1789795585,rnd_task_003,robot_1,Central,Central,42.28,2,0,0.46,4,1,0.11,0.02,4,22,0.076,77,243.8,239.8,500.0,3,395.38
run_1789795585,rnd_task_004,robot_2,Central,South,69.97,4,2,0.46,4,2,0.08,0.02,5,28,0.071,92,462.7,458.7,500.0,5,622.0
run_1789795585,rnd_task_005,robot_1,North,Central,81.91,4,2,0.46,4,2,0.06,0.04,8,48,0.066,270,672.28,668.28,500.0,8,1123.8
run_1789795585,rnd_task_006,robot_4,North,North,0.51,0,1,0.46,4,1,0.08,0.13,4,31,0.068,129,326.14,322.14,500.0,5,677.54
run_1789795585,rnd_task_007,robot_2,North,South,68.9,4,2,0.46,4,2,0.07,0.02,6,41,0.07,253,714.76,710.76,500.0,7,908.8
run_1789795585,rnd_task_008,robot_3,North,North,29.54,2,1,0.46,4,1,0.13,0.04,3,24,0.065,116,239.86,235.86,500.0,4,492.6
run_1789795585,rnd_task_009,robot_4,North,South,66.1,4,2,0.46,4,2,0.09,0.02,6,46,0.083,197,636.92,632.92,500.0,6,844.0
run_1789795585,rnd_task_010,robot_3,South,North,48.14,4,2,0.46,4,2,0.08,0.05,5,41,0.071,197,608.64,604.64,500.0,6,849.2
run_1789795585,rnd_task_011,robot_1,South,North,6.0,1,2,0.46,4,2,0.04,0.0,6,37,0.089,65,363.3,359.3,500.0,7,649.18
run_1789795585,rnd_task_012,robot_2,Central,South,0.85,0,2,0.46,4,2,0.01,0.05,5,36,0.086,65,358.7,354.7,500.0,5,603.4
run_1789795585,rnd_task_013,robot_4,North,North,21.6,2,0,0.46,4,1,0.0,0.18,6,30,0.079,0,442.0,438.0,500.0,6,530.2
run_1789795585,rnd_task_014,robot_3,South,North,79.73,4,2,0.46,4,2,0.01,0.46,11,71,0.1,20,717.22,713.22,500.0,9,1100.8
run_1789795585,rnd_task_015,robot_2,Central,North,85.1,4,2,0.46,4,2,0.03,0.0,7,41,0.091,17,336.0,332.0,500.0,5,657.4
run_1789795585,rnd_task_016,robot_1,South,South,47.38,2,1,0.46,4,1,0.02,0.26,9,53,0.102,20,392.4,388.4,500.0,5,801.2
run_1789795585,rnd_task_017,robot_4,North,North,0.49,0,0,0.46,4,1,0.04,0.02,6,30,0.095,20,177.52,173.52,500.0,5,440.74
run_1789795585,rnd_task_018,robot_2,Central,South,73.25,4,2,0.46,4,2,0.0,0.18,5,24,0.106,3,216.76,212.76,500.0,5,340.8
run_1789795585,rnd_task_019,robot_1,North,North,0.67,0,1,0.46,4,1,0.14,0.03,6,41,0.08,32,536.48,532.48,500.0,5,797.4
run_1789795585,rnd_task_020,robot_4,Central,Central,98.97,4,2,0.46,4,1,0.14,0.0,6,41,0.083,32,423.18,419.18,500.0,4,724.78
run_1789795585,rnd_task_022,robot_3,Central,Central,56.42,2,1,0.46,4,1,0.04,0.28,4,29,0.072,32,229.06,225.06,500.0,2,610.8
run_1789797501,rnd_task_001,robot_1,North,South,81.52,4,2,0.46,4,2,0.03,0.0,5,41,0.059,66,653.76,649.76,500.0,5,1059.2
run_1789797501,rnd_task_002,robot_4,North,South,95.29,4,2,0.46,4,2,0.04,0.15,7,58,0.075,123,793.58,789.58,500.0,6,1205.6
run_1789797501,rnd_task_003,robot_2,South,North,63.78,4,2,0.46,4,2,0.02,0.02,4,24,0.053,22,358.46,354.46,500.0,3,673.4
run_1789797501,rnd_task_004,robot_3,Central,South,93.74,4,2,0.46,4,2,0.02,0.0,4,35,0.06,58,420.92,416.92,500.0,4,804.2
run_1789797501,rnd_task_005,robot_2,South,South,14.75,2,0,0.46,4,1,0.0,0.15,5,41,0.089,118,457.22,453.22,500.0,6,699.8
run_1789797501,rnd_task_006,robot_3,South,North,70.84,4,2,0.46,4,2,0.03,0.13,5,36,0.07,105,418.88,414.88,500.0,6,740.56
run_1789797501,rnd_task_007,robot_1,Central,North,30.81,2,0,0.46,4,2,0.02,0.23,5,36,0.087,104,385.7,381.7,500.0,6,662.9
run_1789797501,rnd_task_008,robot_4,North,South,6.13,1,2,0.46,4,2,0.02,0.03,10,53,0.081,113,597.0,593.0,500.0,7,991.2
run_1789797501,rnd_task_009,robot_2,North,North,34.52,2,1,0.46,4,1,0.04,0.05,8,45,0.09,73,398.9,394.9,500.0,5,755.86
run_1789797501,rnd_task_010,robot_3,North,South,0.49,0,2,0.46,4,2,0.12,0.07,8,46,0.096,68,388.92,384.92,500.0,7,705.0
run_1789797501,rnd_task_011,robot_1,North,Central,82.16,4,2,0.46,4,2,0.14,0.01,7,34,0.099,68,225.94,221.94,500.0,4,506.0
run_1789797501,rnd_task_013,robot_2,North,North,16.78,2,0,0.46,4,1,0.0,0.18,6,19,0.09,26,107.66,103.66,500.0,6,290.44
run_1789797501,rnd_task_014,robot_4,North,Central,76.18,4,2,0.46,4,2,0.0,0.18,7,37,0.132,26,260.44,256.44,500.0,5,409.0
run_1789797501,rnd_task_015,robot_1,South,Central,61.4,2,1,0.46,4,2,0.04,0.09,11,66,0.11,50,442.2,438.2,500.0,7,891.4
run_1789797501,rnd_task_016,robot_3,North,North,18.99,2,0,0.46,4,1,0.03,0.02,8,44,0.109,50,365.64,361.64,500.0,5,640.2
run_1789797501,rnd_task_017,robot_2,North,South,6.0,0,2,0.46,4,2,0.03,0.0,7,47,0.123,24,329.42,325.42,500.0,5,601.8
run_1789797501,rnd_task_018,robot_4,South,North,58.33,4,2,0.46,4,2,0.0,0.18,6,29,0.088,24,249.24,245.24,500.0,4,452.94
run_1789797501,rnd_task_019,robot_3,North,North,21.89,2,0,0.46,4,1,0.0,0.18,6,35,0.136,0,240.24,236.24,500.0,4,382.4
run_1789797501,rnd_task_022,robot_1,Central,South,0.67,0,2,0.46,4,2,0.0,0.18,7,31,0.107,6,128.18,124.18,500.0,2,446.78
run_1789797501,rnd_task_023,robot_3,Central,North,62.65,4,2,0.46,4,2,0.01,0.46,5,19,0.056,17,238.92,234.92,500.0,1,463.0
run_1789796648,rnd_task_001,robot_1,North,North,29.43,2,1,0.46,4,1,0.01,0.0,5,29,0.073,27,464.96,460.96,500.0,4,606.18
run_1789796648,rnd_task_002,robot_4,North,South,0.49,0,2,0.46,4,2,0.02,0.0,8,52,0.082,44,490.5,486.5,500.0,6,925.66
run_1789796648,rnd_task_003,robot_2,South,Central,79.61,4,2,0.46,4,2,0.03,0.02,4,20,0.068,15,234.1,230.1,500.0,3,414.2
run_1789796648,rnd_task_004,robot_3,North,South,60.51,4,2,0.46,4,2,0.06,0.07,9,65,0.094,46,930.9,926.9,500.0,8,1090.4
run_1789796648,rnd_task_005,robot_2,Central,North,48.55,2,1,0.46,4,2,0.07,0.0,5,15,0.073,12,102.9,98.9,500.0,4,300.6
run_1789796648,rnd_task_006,robot_1,North,Central,34.8,2,1,0.46,4,2,0.0,0.18,4,23,0.094,17,208.28,204.28,500.0,5,341.12
run_1789796648,rnd_task_007,robot_2,South,Central,80.3,4,2,0.46,4,2,0.0,0.0,6,45,0.103,28,423.6,419.6,500.0,6,658.4
run_1789796648,rnd_task_008,robot_4,North,South,64.2,4,2,0.46,4,2,0.06,0.25,9,59,0.101,68,626.14,622.14,500.0,8,886.8
run_1789796648,rnd_task_009,robot_1,North,Central,53.26,2,1,0.46,4,2,0.02,0.06,8,59,0.106,68,366.6,362.6,500.0,6,852.9
run_1789796648,rnd_task_010,robot_3,North,North,0.67,0,1,0.46,4,1,0.05,0.19,7,54,0.104,54,495.28,491.28,500.0,7,789.4
run_1789796648,rnd_task_011,robot_2,South,South,24.94,2,0,0.46,4,1,0.0,0.18,6,25,0.094,45,175.12,171.12,500.0,3,359.8
run_1789796648,rnd_task_012,robot_2,South,North,47.09,4,2,0.46,4,2,0.0,0.18,6,25,0.103,23,255.5,251.5,500.0,7,370.4
run_1789796648,rnd_task_013,robot_1,North,North,30.7,2,1,0.46,4,1,0.05,0.0,6,25,0.099,22,165.16,161.16,500.0,5,344.22
run_1789796648,rnd_task_014,robot_4,North,North,0.54,0,0,0.46,4,1,0.0,0.18,8,38,0.137,36,325.68,321.68,500.0,6,423.4
run_1789796648,rnd_task_015,robot_3,Central,North,31.22,2,0,0.46,4,2,0.07,0.26,7,49,0.151,39,346.2,342.2,500.0,6,503.04
run_1789796648,rnd_task_016,robot_1,South,Central,28.02,2,0,0.46,4,2,0.07,0.11,10,70,0.151,45,428.24,424.24,500.0,7,686.74
run_1789796648,rnd_task_017,robot_2,North,North,0.85,0,0,0.46,4,1,0.0,0.18,5,31,0.208,13,70.72,66.72,500.0,4,211.8
run_1789796648,rnd_task_018,robot_4,North,Central,22.67,2,0,0.46,4,2,0.03,0.45,5,25,0.094,7,232.32,228.32,500.0,4,402.54
run_1789796648,rnd_task_020,robot_3,North,South,67.38,4,2,0.46,4,2,0.0,0.18,5,38,0.155,27,301.92,297.92,500.0,3,386.2
run_1789796648,rnd_task_021,robot_4,North,Central,87.28,4,2,0.46,4,2,0.0,0.18,4,30,0.135,26,107.3,103.3,500.0,2,340.92
run_1789802684,rnd_task_001,robot_4,Central,North,75.02,4,2,0.46,4,2,0.02,0.0,4,22,0.06,49,375.04,371.04,500.0,3,500.4
run_1789802684,rnd_task_002,robot_1,North,South,77.93,4,2,0.46,4,2,0.03,0.05,7,46,0.082,70,542.54,538.54,500.0,5,808.12
run_1789802684,rnd_task_003,robot_2,North,North,32.7,2,1,0.46,4,1,0.04,0.06,7,46,0.09,69,565.52,561.52,500.0,6,824.2
run_1789802684,rnd_task_004,robot_3,Central,North,61.65,2,1,0.46,4,2,0.05,0.01,8,53,0.086,87,505.68,501.68,500.0,7,956.0
run_1789802684,rnd_task_005,robot_4,North,North,7.84,2,0,0.46,4,1,0.0,0.18,2,8,0.05,10,33.6,29.6,500.0,3,159.8
run_1789802684,rnd_task_006,robot_4,South,North,55.65,4,2,0.46,4,2,0.11,0.22,6,47,0.086,48,584.8,580.8,500.0,6,814.4
run_1789802684,rnd_task_007,robot_1,North,South,6.05,0,2,0.46,4,2,0.03,0.07,9,60,0.083,105,576.64,572.64,500.0,8,1103.0
run_1789802684,rnd_task_008,robot_2,South,South,6.72,2,0,0.46,4,1,0.04,0.0,6,37,0.069,40,424.16,420.16,500.0,5,778.0
run_1789802684,rnd_task_009,robot_3,Central,South,43.71,2,1,0.46,4,2,0.04,0.0,5,35,0.079,21,329.42,325.42,500.0,5,687.6
run_1789802684,rnd_task_010,robot_4,Central,Central,0.51,0,1,0.46,4,1,0.02,0.0,7,41,0.11,66,300.7,296.7,500.0,6,598.6
run_1789802684,rnd_task_011,robot_2,North,South,89.91,4,2,0.46,4,2,0.02,0.15,10,72,0.093,190,688.6,684.6,500.0,8,1207.4
run_1789802684,rnd_task_012,robot_3,South,South,37.93,2,1,0.46,4,1,0.0,0.0,7,41,0.118,63,119.54,115.54,500.0,5,472.8
run_1789802684,rnd_task_013,robot_1,South,South,40.78,2,1,0.46,4,1,0.0,0.18,6,31,0.087,0,74.04,70.04,500.0,5,504.4
run_1789802684,rnd_task_014,robot_4,South,Central,61.16,2,1,0.46,4,2,0.06,0.02,10,59,0.093,175,397.84,393.84,500.0,6,966.2
run_1789802684,rnd_task_015,robot_3,Central,South,6.0,0,2,0.46,4,2,0.09,0.05,9,53,0.083,175,426.64,422.64,500.0,6,919.32
run_1789802684,rnd_task_016,robot_1,Central,South,81.12,4,2,0.46,4,2,0.16,0.04,7,47,0.106,176,460.52,456.52,500.0,5,699.8
run_1789802684,rnd_task_018,robot_2,Central,North,44.37,2,1,0.46,4,2,0.05,0.11,7,47,0.126,52,324.36,320.36,500.0,4,557.0
run_1789802684,rnd_task_019,robot_4,Central,North,0.85,0,2,0.46,4,2,0.0,0.18,6,20,0.084,1,98.68,94.68,500.0,3,308.4
run_1789802684,rnd_task_022,robot_2,North,North,16.95,2,0,0.46,4,1,0.0,0.18,3,14,0.073,27,144.76,140.76,500.0,1,246.74
run_1789802684,rnd_task_023,robot_4,North,North,8.36,2,0,0.46,4,1,0.0,0.18,3,14,0.089,23,109.66,105.66,500.0,1,202.2
run_1789804705,rnd_task_001,robot_4,Central,South,22.65,2,0,0.46,4,2,0.06,0.0,5,33,0.092,98,354.44,350.44,500.0,3,524.38
run_1789804705,rnd_task_002,robot_3,North,North,45.84,2,1,0.46,4,1,0.05,0.12,9,59,0.087,154,618.12,614.12,500.0,6,1054.6
run_1789804705,rnd_task_003,robot_1,South,North,0.67,0,2,0.46,4,2,0.08,0.07,6,40,0.096,123,279.72,275.72,500.0,4,583.48
run_1789804705,rnd_task_004,robot_2,Central,North,53.01,2,1,0.46,4,2,0.06,0.16,8,48,0.093,134,418.12,414.12,500.0,5,792.94
run_1789804705,rnd_task_005,robot_4,North,South,68.93,4,2,0.46,4,2,0.01,0.39,10,49,0.081,47,751.5,747.5,500.0,8,963.06
run_1789804705,rnd_task_006,robot_1,South,South,45.59,2,1,0.46,4,1,0.01,0.0,5,25,0.061,13,267.4,263.4,500.0,5,559.0
run_1789804705,rnd_task_007,robot_2,North,South,62.26,4,2,0.46,4,2,0.0,0.18,6,30,0.083,0,349.98,345.98,500.0,5,552.8
run_1789804705,rnd_task_008,robot_3,Central,South,29.01,2,0,0.46,4,2,0.0,0.18,5,30,0.073,9,290.56,286.56,500.0,6,573.4
run_1789804705,rnd_task_009,robot_1,North,Central,58.31,2,1,0.46,4,2,0.02,0.0,11,65,0.092,46,490.34,486.34,500.0,8,1083.4
run_1789804705,rnd_task_010,robot_2,South,North,80.12,4,2,0.46,4,2,0.0,0.24,9,48,0.086,46,381.42,377.42,500.0,7,864.6
run_1789804705,rnd_task_011,robot_4,South,North,67.93,4,2,0.46,4,2,0.02,0.0,7,37,0.094,46,401.72,397.72,500.0,5,619.2
run_1789804705,rnd_task_012,robot_3,South,South,19.36,2,0,0.46,4,1,0.0,0.18,4,24,0.088,12,190.28,186.28,500.0,3,362.0
run_1789804705,rnd_task_013,robot_3,South,South,30.11,2,1,0.46,4,1,0.0,0.18,5,42,0.105,21,171.06,167.06,500.0,7,512.2
run_1789804705,rnd_task_014,robot_4,North,North,24.34,2,1,0.46,4,1,0.0,0.18,3,25,0.123,0,45.7,41.7,500.0,5,291.6
run_1789804705,rnd_task_015,robot_2,North,Central,24.69,2,0,0.46,4,2,0.03,0.0,6,32,0.101,17,230.66,226.66,500.0,5,477.0
run_1789804705,rnd_task_016,robot_1,Central,North,0.99,0,2,0.46,4,2,0.02,0.0,8,50,0.094,62,383.42,379.42,500.0,7,847.4
run_1789804705,rnd_task_017,robot_4,North,Central,69.51,4,2,0.46,4,2,0.17,0.03,3,24,0.078,61,309.46,305.46,500.0,5,511.0
run_1789804705,rnd_task_018,robot_3,North,North,23.95,2,0,0.46,4,1,0.11,0.03,7,48,0.079,66,593.48,589.48,500.0,5,913.86
run_1789804705,rnd_task_019,robot_2,South,South,17.12,2,0,0.46,4,1,0.09,0.12,5,30,0.083,40,330.94,326.94,500.0,4,508.4
run_1789804705,rnd_task_020,robot_4,North,North,20.51,2,1,0.46,4,1,0.0,0.46,5,29,0.124,1,209.98,205.98,500.0,3,354.36
run_1789799447,rnd_task_001,robot_4,Central,South,47.64,2,1,0.46,4,2,0.04,0.07,6,51,0.101,162,358.56,354.56,500.0,4,732.2
run_1789799447,rnd_task_002,robot_1,South,Central,32.34,2,0,0.46,4,2,0.07,0.03,3,22,0.065,147,192.3,188.3,500.0,3,401.6
run_1789799447,rnd_task_003,robot_3,North,South,6.0,1,2,0.46,4,2,0.16,0.07,8,61,0.087,172,721.76,717.76,500.0,6,1103.2
run_1789799447,rnd_task_004,robot_2,Central,South,6.05,0,2,0.46,4,2,0.21,0.13,6,40,0.091,147,438.76,434.76,500.0,4,704.4
run_1789799447,rnd_task_005,robot_1,Central,South,86.4,4,2,0.46,4,2,0.0,0.18,8,54,0.102,21,486.48,482.48,500.0,6,806.4
run_1789799447,rnd_task_006,robot_2,South,North,59.99,4,2,0.46,4,2,0.0,0.18,6,27,0.061,9,358.96,354.96,500.0,6,653.0
run_1789799447,rnd_task_007,robot_4,North,North,13.43,2,0,0.46,4,1,0.0,0.46,5,26,0.078,7,424.3,420.3,500.0,5,514.86
run_1789799447,rnd_task_008,robot_3,North,South,79.23,4,2,0.46,4,2,0.01,0.05,6,42,0.069,43,570.58,566.58,500.0,6,896.8
run_1789799447,rnd_task_009,robot_1,Central,Central,113.88,4,2,0.46,4,1,0.03,0.0,7,37,0.061,43,353.1,349.1,500.0,6,887.8
run_1789799447,rnd_task_010,robot_4,South,South,0.51,0,0,0.46,4,1,0.04,0.26,7,42,0.073,43,559.62,555.62,500.0,6,851.4
run_1789799447,rnd_task_011,robot_2,South,Central,85.35,4,2,0.46,4,2,0.0,0.46,8,47,0.088,43,460.4,456.4,500.0,6,817.2
run_1789799447,rnd_task_013,robot_3,North,South,0.49,0,2,0.46,4,2,0.06,0.08,13,82,0.095,124,775.14,771.14,500.0,9,1303.42
run_1789799447,rnd_task_014,robot_1,North,North,0.85,0,0,0.46,4,1,0.0,0.18,7,40,0.1,55,291.18,287.18,500.0,5,582.4
run_1789799447,rnd_task_015,robot_4,North,South,54.38,4,2,0.46,4,2,0.07,0.18,9,53,0.086,101,742.34,738.34,500.0,6,929.64
run_1789799447,rnd_task_016,robot_2,South,Central,73.52,4,2,0.46,4,2,0.09,0.0,6,36,0.077,74,357.96,353.96,500.0,4,704.8
run_1789799447,rnd_task_017,robot_1,Central,South,93.99,4,2,0.46,4,2,0.07,0.3,8,42,0.091,69,308.72,304.72,500.0,6,681.92
run_1789799447,rnd_task_018,robot_2,Central,North,0.99,0,2,0.46,4,2,0.01,0.35,6,37,0.106,56,174.98,170.98,500.0,5,545.32
run_1789799447,rnd_task_019,robot_4,Central,South,60.37,4,2,0.46,4,2,0.0,0.18,6,36,0.106,41,400.78,396.78,500.0,5,489.8
run_1789799447,rnd_task_020,robot_3,South,South,41.52,2,1,0.46,4,1,0.06,0.09,8,49,0.107,36,169.66,165.66,500.0,4,656.2
run_1789799447,rnd_task_022,robot_2,North,Central,0.52,0,2,0.46,4,2,0.02,0.0,6,41,0.135,19,291.52,287.52,500.0,2,475.0
run_1789803701,rnd_task_001,robot_4,Central,Central,67.27,2,1,0.46,4,1,0.18,0.02,6,33,0.069,224,352.78,348.78,500.0,4,697.2
run_1789803701,rnd_task_002,robot_3,North,North,35.27,2,1,0.46,4,1,0.24,0.09,6,33,0.069,224,467.0,463.0,500.0,4,690.8
run_1789803701,rnd_task_003,robot_1,Central,Central,60.49,2,1,0.46,4,1,0.19,0.08,6,33,0.084,221,371.64,367.64,500.0,3,619.8
run_1789803701,rnd_task_004,robot_2,North,North,44.53,2,1,0.46,4,1,0.05,0.08,8,46,0.075,215,488.64,484.64,500.0,6,939.02
run_1789803701,rnd_task_005,robot_1,South,North,57.2,4,2,0.46,4,2,0.03,0.0,5,27,0.057,56,471.82,467.82,500.0,6,697.0
run_1789803701,rnd_task_006,robot_3,North,South,65.88,4,2,0.46,4,2,0.05,0.11,7,43,0.086,72,565.84,561.84,500.0,5,791.2
run_1789803701,rnd_task_007,robot_4,South,North,0.85,0,2,0.46,4,2,0.01,0.0,8,49,0.075,72,591.68,587.68,500.0,7,928.28
run_1789803701,rnd_task_008,robot_2,Central,South,84.93,4,2,0.46,4,2,0.05,0.0,4,31,0.072,72,225.3,221.3,500.0,5,607.74
run_1789803701,rnd_task_009,robot_1,South,South,6.0,0,1,0.46,4,1,0.0,0.0,6,46,0.103,22,365.28,361.28,500.0,6,678.84
run_1789803701,rnd_task_010,robot_3,South,South,24.2,2,0,0.46,4,1,0.02,0.46,5,30,0.085,15,193.72,189.72,500.0,5,495.0
run_1789803701,rnd_task_011,robot_2,North,South,0.49,0,2,0.46,4,2,0.03,0.0,9,65,0.102,37,703.98,699.98,500.0,7,1024.4
run_1789803701,rnd_task_012,robot_4,Central,South,78.57,4,2,0.46,4,2,0.0,0.18,6,42,0.105,15,359.0,355.0,500.0,5,591.6
run_1789803701,rnd_task_013,robot_3,North,Central,83.32,4,2,0.46,4,2,0.04,0.14,7,43,0.076,35,501.86,497.86,500.0,6,839.24
run_1789803701,rnd_task_014,robot_1,South,North,74.52,4,2,0.46,4,2,0.0,0.18,7,43,0.086,35,507.58,503.58,500.0,5,768.2
run_1789803701,rnd_task_015,robot_4,North,South,0.85,0,2,0.46,4,2,0.12,0.14,7,36,0.067,78,620.66,616.66,500.0,6,780.8
run_1789803701,rnd_task_016,robot_2,North,North,25.59,2,1,0.46,4,1,0.06,0.2,7,44,0.079,89,405.76,401.76,500.0,7,806.16
run_1789803701,rnd_task_017,robot_1,Central,North,34.9,2,0,0.46,4,2,0.07,0.0,4,18,0.089,52,182.24,178.24,500.0,5,293.2
run_1789803701,rnd_task_018,robot_3,South,North,81.76,4,2,0.46,4,2,0.03,0.01,7,59,0.119,90,375.94,371.94,500.0,5,756.8
run_1789803701,rnd_task_019,robot_4,North,South,71.47,4,2,0.46,4,2,0.05,0.0,6,48,0.137,42,384.72,380.72,500.0,4,554.08
run_1789803701,rnd_task_020,robot_1,Central,Central,71.86,4,2,0.46,4,1,0.09,0.0,4,24,0.101,30,221.36,217.36,500.0,3,357.2
run_1789801567,rnd_task_001,robot_4,North,North,25.3,2,1,0.46,4,1,0.04,0.0,5,28,0.057,288,494.16,490.16,500.0,4,777.4
run_1789801567,rnd_task_002,robot_3,South,North,59.63,4,2,0.46,4,2,0.2,0.12,4,23,0.05,288,565.04,561.04,500.0,3,681.0
run_1789801567,rnd_task_003,robot_2,North,Central,62.65,4,2,0.46,4,2,0.25,0.05,5,28,0.05,281,513.68,509.68,500.0,5,794.6
run_1789801567,rnd_task_004,robot_1,North,South,0.67,0,2,0.46,4,2,0.13,0.04,7,47,0.065,289,791.8,787.8,500.0,6,1048.4
run_1789801567,rnd_task_005,robot_3,Central,Central,69.31,2,1,0.46,4,1,0.02,0.0,6,47,0.095,41,419.98,415.98,500.0,6,759.0
run_1789801567,rnd_task_006,robot_4,Central,Central,65.23,2,1,0.46,4,1,0.05,0.13,7,48,0.091,63,309.02,305.02,500.0,6,792.2
run_1789801567,rnd_task_007,robot_2,North,Central,34.25,2,1,0.46,4,2,0.08,0.26,6,49,0.101,66,384.94,380.94,500.0,5,753.0
run_1789801567,rnd_task_008,robot_1,North,North,29.18,2,0,0.46,4,1,0.01,0.0,4,30,0.092,55,317.94,313.94,500.0,4,480.8
run_1789801567,rnd_task_009,robot_3,North,Central,95.78,4,2,0.46,4,2,0.05,0.22,8,48,0.094,95,345.66,341.66,500.0,8,767.4
run_1789801567,rnd_task_010,robot_4,South,Central,29.01,2,0,0.46,4,2,0.0,0.18,5,30,0.089,44,293.4,289.4,500.0,3,470.6
run_1789801567,rnd_task_011,robot_1,North,Central,59.63,4,2,0.46,4,2,0.05,0.01,7,41,0.101,64,389.7,385.7,500.0,4,612.8
run_1789801567,rnd_task_012,robot_2,South,North,76.04,4,2,0.46,4,2,0.01,0.12,8,48,0.08,79,628.82,624.82,500.0,6,955.74
run_1789801567,rnd_task_013,robot_4,North,South,6.0,0,2,0.46,4,2,0.02,0.2,5,29,0.067,36,421.6,417.6,500.0,6,657.4
run_1789801567,rnd_task_014,robot_1,North,Central,65.44,4,2,0.46,4,2,0.04,0.0,4,18,0.056,15,304.1,300.1,500.0,5,499.06
run_1789801567,rnd_task_015,robot_3,South,South,11.19,2,0,0.46,4,1,0.0,0.18,4,18,0.046,15,203.64,199.64,500.0,4,474.4
run_1789801567,rnd_task_016,robot_2,South,Central,0.99,0,2,0.46,4,2,0.01,0.0,9,60,0.084,58,729.08,725.08,500.0,7,1122.46
run_1789801567,rnd_task_017,robot_1,North,North,22.28,2,1,0.46,4,1,0.0,0.18,6,28,0.085,13,190.42,186.42,500.0,4,493.8
run_1789801567,rnd_task_018,robot_4,South,Central,31.86,2,0,0.46,4,2,0.0,0.18,3,12,0.066,13,137.58,133.58,500.0,3,242.24
run_1789801567,rnd_task_019,robot_3,Central,North,44.93,2,1,0.46,4,2,0.02,0.29,6,38,0.075,53,389.0,385.0,500.0,4,772.72
run_1789801567,rnd_task_020,robot_4,North,North,39.29,2,1,0.46,4,1,0.06,0.28,8,48,0.091,49,379.14,375.14,500.0,3,745.4
run_1789800551,rnd_task_001,robot_1,South,North,0.49,0,2,0.46,4,2,0.06,0.1,6,40,0.084,135,375.22,371.22,500.0,4,667.0
run_1789800551,rnd_task_002,robot_2,Central,North,44.93,2,1,0.46,4,2,0.16,0.04,6,37,0.082,119,372.38,368.38,500.0,5,707.4
run_1789800551,rnd_task_003,robot_4,North,Central,73.5,4,2,0.46,4,2,0.14,0.09,6,31,0.067,119,495.52,491.52,500.0,6,714.8
run_1789800551,rnd_task_004,robot_3,South,Central,76.18,4,2,0.46,4,2,0.04,0.16,6,29,0.079,105,300.66,296.66,500.0,3,533.6
run_1789800551,rnd_task_005,robot_3,North,South,68.81,4,2,0.46,4,2,0.03,0.01,10,76,0.099,120,727.58,723.58,500.0,9,1115.2
run_1789800551,rnd_task_006,robot_1,Central,Central,0.67,0,1,0.46,4,1,0.05,0.03,4,24,0.063,57,273.14,269.14,500.0,5,572.8
run_1789800551,rnd_task_007,robot_2,South,South,0.49,0,0,0.46,4,1,0.08,0.07,8,48,0.096,57,481.38,477.38,500.0,6,773.6
run_1789800551,rnd_task_008,robot_4,North,North,22.65,2,0,0.46,4,1,0.06,0.09,6,39,0.102,55,302.46,298.46,500.0,4,569.98
run_1789800551,rnd_task_009,robot_1,Central,South,25.99,2,0,0.46,4,2,0.05,0.34,6,51,0.153,52,221.5,217.5,500.0,6,495.2
run_1789800551,rnd_task_010,robot_4,South,North,87.87,4,2,0.46,4,2,0.02,0.08,10,66,0.104,81,509.28,505.28,500.0,8,985.06
run_1789800551,rnd_task_011,robot_2,South,South,47.87,2,1,0.46,4,1,0.01,0.46,5,36,0.103,76,175.72,171.72,500.0,5,506.26
run_1789800551,rnd_task_012,robot_3,Central,Central,105.23,4,2,0.46,4,1,0.0,0.18,9,39,0.08,29,324.34,320.34,500.0,7,727.8
run_1789800551,rnd_task_013,robot_1,North,North,0.67,0,1,0.46,4,1,0.06,0.11,7,30,0.085,29,314.64,310.64,500.0,4,542.0
run_1789800551,rnd_task_014,robot_2,Central,South,0.51,0,2,0.46,4,2,0.02,0.17,8,53,0.109,19,259.82,255.82,500.0,6,734.64
run_1789800551,rnd_task_015,robot_1,Central,North,102.38,4,2,0.46,4,2,0.0,0.18,8,50,0.109,19,334.7,330.7,500.0,6,696.0
run_1789800551,rnd_task_016,robot_4,South,South,0.85,0,0,0.46,4,1,0.0,0.18,8,49,0.115,19,396.22,392.22,500.0,5,609.2
run_1789800551,rnd_task_017,robot_3,South,North,0.97,0,2,0.46,4,2,0.02,0.46,7,49,0.103,19,280.52,276.52,500.0,5,740.6
run_1789800551,rnd_task_018,robot_2,Central,Central,44.74,2,0,0.46,4,1,0.0,0.18,4,20,0.072,0,184.8,180.8,500.0,4,390.8
run_1789800551,rnd_task_020,robot_1,South,North,0.51,0,2,0.46,4,2,0.0,0.18,5,37,0.084,3,412.98,408.98,500.0,3,664.6
run_1789800551,rnd_task_022,robot_3,North,North,25.34,2,1,0.46,4,1,0.0,0.18,3,17,0.094,3,143.56,139.56,500.0,1,277.2
run_1789794556,rnd_task_001,robot_1,South,South,24.94,2,0,0.46,4,1,0.05,0.02,3,28,0.072,93,240.04,236.04,500.0,3,496.6
run_1789794556,rnd_task_002,robot_2,North,North,35.25,2,1,0.46,4,1,0.08,0.13,7,53,0.095,123,543.88,539.88,500.0,6,884.0
run_1789794556,rnd_task_003,robot_3,South,North,0.99,0,2,0.46,4,2,0.13,0.01,5,41,0.087,91,418.56,414.56,500.0,4,712.4
run_1789794556,rnd_task_004,robot_4,North,North,30.2,2,1,0.46,4,1,0.11,0.02,5,41,0.089,77,482.96,478.96,500.0,5,720.3
run_1789794556,rnd_task_005,robot_1,North,South,50.67,4,2,0.46,4,2,0.04,0.27,8,42,0.08,71,515.36,511.36,500.0,6,779.8
run_1789794556,rnd_task_006,robot_3,North,South,65.89,4,2,0.46,4,2,0.06,0.23,6,41,0.097,49,362.38,358.38,500.0,6,617.2
run_1789794556,rnd_task_007,robot_4,South,North,66.35,4,2,0.46,4,2,0.06,0.05,10,65,0.103,130,677.16,673.16,500.0,7,967.2
run_1789794556,rnd_task_008,robot_2,North,South,0.99,0,2,0.46,4,2,0.04,0.0,6,46,0.087,118,392.1,388.1,500.0,5,761.4
run_1789794556,rnd_task_009,robot_1,North,Central,64.69,4,2,0.46,4,2,0.12,0.04,7,48,0.117,84,407.84,403.84,500.0,6,616.6
run_1789794556,rnd_task_010,robot_3,Central,North,100.1,4,2,0.46,4,2,0.04,0.24,8,48,0.102,83,274.32,270.32,500.0,6,705.2
run_1789794556,rnd_task_011,robot_2,South,North,73.22,4,2,0.46,4,2,0.0,0.18,8,38,0.079,28,321.66,317.66,500.0,7,737.6
run_1789794556,rnd_task_012,robot_4,Central,North,31.22,2,0,0.46,4,2,0.0,0.0,8,37,0.103,28,357.92,353.92,500.0,5,561.8
run_1789794556,rnd_task_013,robot_1,North,South,43.19,4,2,0.46,4,2,0.03,0.09,7,36,0.077,48,471.22,467.22,500.0,6,674.38
run_1789794556,rnd_task_014,robot_3,North,North,53.01,2,1,0.46,4,1,0.02,0.0,6,31,0.067,47,304.62,300.62,500.0,6,657.2
run_1789794556,rnd_task_015,robot_4,South,North,6.24,1,2,0.46,4,2,0.01,0.28,10,71,0.092,70,753.4,749.4,500.0,8,1173.6
run_1789794556,rnd_task_016,robot_2,North,South,59.88,4,2,0.46,4,2,0.03,0.0,6,35,0.107,25,321.68,317.68,500.0,5,484.6
run_1789794556,rnd_task_017,robot_1,South,North,97.33,4,2,0.46,4,2,0.03,0.0,9,78,0.111,69,646.84,642.84,500.0,6,1094.2
run_1789794556,rnd_task_018,robot_3,Central,South,57.08,2,1,0.46,4,2,0.0,0.0,4,31,0.072,43,287.8,283.8,500.0,4,608.92
run_1789794556,rnd_task_019,robot_2,Central,Central,78.22,4,2,0.46,4,1,0.03,0.07,6,41,0.094,45,290.64,286.64,500.0,4,638.4
run_1789794556,rnd_task_020,robot_3,South,South,0.85,0,0,0.46,4,1,0.0,0.18,6,30,0.141,22,57.54,53.54,500.0,3,297.6
run_1789798567,rnd_task_001,robot_1,North,North,50.97,2,1,0.46,4,1,0.02,0.0,7,51,0.093,40,538.72,534.72,500.0,6,837.4
run_1789798567,rnd_task_002,robot_4,Central,Central,95.42,4,2,0.46,4,1,0.12,0.02,3,22,0.073,40,267.74,263.74,500.0,3,464.0
run_1789798567,rnd_task_003,robot_3,North,Central,51.35,2,1,0.46,4,2,0.1,0.09,4,28,0.08,31,337.02,333.02,500.0,5,548.6
run_1789798567,rnd_task_004,robot_2,South,Central,0.96,0,2,0.46,4,2,0.07,0.0,3,22,0.064,27,239.84,235.84,500.0,3,439.4
run_1789798567,rnd_task_005,robot_2,South,Central,79.61,4,2,0.46,4,2,0.0,0.18,7,32,0.093,0,220.66,216.66,500.0,5,492.8
run_1789798567,rnd_task_006,robot_4,North,Central,18.33,2,0,0.46,4,2,0.02,0.46,8,43,0.102,15,270.58,266.58,500.0,6,628.6
run_1789798567,rnd_task_007,robot_3,South,North,62.9,4,2,0.46,4,2,0.0,0.18,8,66,0.136,28,357.82,353.82,500.0,6,749.8
run_1789798567,rnd_task_008,robot_1,South,North,0.51,0,2,0.46,4,2,0.02,0.19,8,49,0.131,30,259.66,255.66,500.0,7,595.6
run_1789798567,rnd_task_009,robot_2,Central,North,75.79,4,2,0.46,4,2,0.03,0.0,6,36,0.123,29,233.92,229.92,500.0,5,407.74
run_1789798567,rnd_task_010,robot_4,North,Central,85.75,4,2,0.46,4,2,0.0,0.18,5,36,0.137,15,148.02,144.02,500.0,6,394.58
run_1789798567,rnd_task_011,robot_3,North,North,27.9,2,1,0.46,4,1,0.06,0.3,4,25,0.08,17,162.66,158.66,500.0,6,451.2
run_1789798567,rnd_task_012,robot_2,South,North,54.59,4,2,0.46,4,2,0.02,0.02,10,70,0.104,40,731.74,727.74,500.0,10,1034.0
run_1789798567,rnd_task_013,robot_1,North,North,5.37,2,0,0.46,4,1,0.1,0.23,3,19,0.072,15,145.46,141.46,500.0,4,332.8
run_1789798567,rnd_task_014,robot_4,Central,North,48.26,2,1,0.46,4,2,0.04,0.0,5,29,0.094,19,241.22,237.22,500.0,5,487.26
run_1789798567,rnd_task_015,robot_1,North,South,0.85,0,2,0.46,4,2,0.06,0.04,5,29,0.086,24,378.94,374.94,500.0,5,512.6
run_1789798567,rnd_task_016,robot_3,Central,South,36.18,2,0,0.46,4,2,0.04,0.0,6,29,0.089,24,219.46,215.46,500.0,4,474.2
run_1789798567,rnd_task_017,robot_4,Central,Central,0.55,0,1,0.46,4,1,0.0,0.18,7,38,0.099,20,220.76,216.76,500.0,5,584.6
run_1789798567,rnd_task_018,robot_3,Central,South,6.0,1,2,0.46,4,2,0.0,0.18,6,31,0.132,0,141.62,137.62,500.0,4,349.6
run_1789798567,rnd_task_019,robot_1,South,North,52.46,4,2,0.46,4,2,0.0,0.18,8,42,0.104,1,340.44,336.44,500.0,3,595.4
run_1789798567,rnd_task_023,robot_1,North,North,0.52,0,0,0.46,4,1,0.28,0.07,3,13,0.086,70,128.48,124.48,500.0,0,232.76
run_1789751830,rnd_task_001,robot_1,South,South,0.85,0,0,0.46,4,1,0.04,0.02,3,28,0.071,71,256.06,252.06,500.0,3,505.86
run_1789751830,rnd_task_002,robot_2,North,North,35.25,2,1,0.46,4,1,0.07,0.12,7,52,0.095,141,513.38,509.38,500.0,6,863.08
run_1789751830,rnd_task_003,robot_3,South,North,85.6,4,2,0.46,4,2,0.06,0.15,5,41,0.09,85,405.94,401.94,500.0,4,690.8
run_1789751830,rnd_task_004,robot_4,North,North,30.2,2,1,0.46,4,1,0.02,0.25,5,41,0.09,76,479.24,475.24,500.0,5,711.8
run_1789751830,rnd_task_005,robot_1,North,South,50.67,4,2,0.46,4,2,0.04,0.08,8,43,0.082,101,512.32,508.32,500.0,6,782.86
run_1789751830,rnd_task_006,robot_3,North,South,65.89,4,2,0.46,4,2,0.04,0.23,6,35,0.087,70,392.54,388.54,500.0,6,617.8
run_1789751830,rnd_task_007,robot_4,South,North,66.35,4,2,0.46,4,2,0.03,0.13,10,52,0.088,162,599.22,595.22,500.0,7,884.66
run_1789751830,rnd_task_008,robot_2,North,South,0.49,0,2,0.46,4,2,0.12,0.18,6,30,0.06,121,369.46,365.46,500.0,5,733.6
run_1789751830,rnd_task_009,robot_1,North,Central,64.69,4,2,0.46,4,2,0.09,0.17,6,35,0.084,104,398.84,394.84,500.0,6,597.8
run_1789751830,rnd_task_010,robot_3,Central,North,0.49,0,2,0.46,4,2,0.1,0.28,8,42,0.089,99,275.14,271.14,500.0,6,697.6
run_1789751830,rnd_task_011,robot_2,South,North,73.22,4,2,0.46,4,2,0.0,0.18,8,43,0.092,39,310.46,306.46,500.0,7,720.6
run_1789751830,rnd_task_012,robot_4,Central,North,31.22,2,0,0.46,4,2,0.03,0.26,9,38,0.094,39,427.42,423.42,500.0,5,640.4
run_1789751830,rnd_task_013,robot_1,North,South,43.19,4,2,0.46,4,2,0.06,0.12,7,37,0.08,46,471.9,467.9,500.0,6,674.8
run_1789751830,rnd_task_014,robot_3,North,North,6.0,0,1,0.46,4,1,0.01,0.0,5,30,0.065,61,298.02,294.02,500.0,6,649.4
run_1789751830,rnd_task_015,robot_4,South,North,0.85,0,2,0.46,4,2,0.02,0.19,10,76,0.103,41,755.28,751.28,500.0,8,1162.2
run_1789751830,rnd_task_016,robot_2,North,South,59.88,4,2,0.46,4,2,0.02,0.0,6,29,0.091,33,310.02,306.02,500.0,5,462.6
run_1789751830,rnd_task_017,robot_1,South,North,97.33,4,2,0.46,4,2,0.02,0.0,10,87,0.126,41,646.72,642.72,500.0,6,1079.0
run_1789751830,rnd_task_018,robot_3,Central,South,0.67,0,2,0.46,4,2,0.03,0.0,4,41,0.094,8,274.94,270.94,500.0,4,594.2
run_1789751830,rnd_task_019,robot_2,Central,Central,0.83,0,0,0.46,4,1,0.0,0.18,5,42,0.1,8,271.4,267.4,500.0,4,618.6
run_1789751830,rnd_task_020,robot_3,South,South,22.15,2,0,0.46,4,1,0.0,0.18,7,35,0.169,18,59.08,55.08,500.0,3,295.6
run_1789752831,rnd_task_001,robot_4,North,North,0.49,0,1,0.46,4,1,0.09,0.01,4,23,0.07,53,331.72,327.72,500.0,4,514.86
run_1789752831,rnd_task_002,robot_3,South,North,0.67,0,2,0.46,4,2,0.2,0.04,6,35,0.072,61,418.94,414.94,500.0,6,717.8
run_1789752831,rnd_task_003,robot_1,Central,Central,42.28,2,0,0.46,4,1,0.07,0.07,3,17,0.058,44,235.08,231.08,500.0,3,378.4
run_1789752831,rnd_task_004,robot_2,Central,South,0.85,0,2,0.46,4,2,0.01,0.0,5,28,0.074,49,437.02,433.02,500.0,5,593.4
run_1789752831,rnd_task_005,robot_1,North,Central,81.91,4,2,0.46,4,2,0.07,0.0,8,54,0.075,269,657.22,653.22,500.0,8,1123.6
run_1789752831,rnd_task_006,robot_4,North,North,35.25,2,1,0.46,4,1,0.05,0.0,4,36,0.076,131,302.48,298.48,500.0,5,653.8
run_1789752831,rnd_task_007,robot_2,North,South,68.9,4,2,0.46,4,2,0.23,0.01,7,48,0.085,255,693.24,689.24,500.0,6,891.4
run_1789752831,rnd_task_008,robot_3,North,North,29.54,2,1,0.46,4,1,0.1,0.0,3,30,0.09,123,230.56,226.56,500.0,4,465.0
run_1789752831,rnd_task_009,robot_4,North,South,66.1,4,2,0.46,4,2,0.07,0.0,6,41,0.07,202,655.62,651.62,500.0,6,881.2
run_1789752831,rnd_task_010,robot_3,South,North,48.14,4,2,0.46,4,2,0.13,0.03,5,41,0.07,202,614.84,610.84,500.0,5,855.64
run_1789752831,rnd_task_011,robot_1,South,North,66.86,4,2,0.46,4,2,0.02,0.02,6,37,0.087,73,364.08,360.08,500.0,6,662.86
run_1789752831,rnd_task_012,robot_2,Central,South,74.38,4,2,0.46,4,2,0.08,0.1,5,37,0.089,73,366.74,362.74,500.0,5,608.8
run_1789752831,rnd_task_013,robot_3,North,North,0.85,0,0,0.46,4,1,0.03,0.12,7,36,0.081,26,409.74,405.74,500.0,5,639.6
run_1789752831,rnd_task_014,robot_4,South,North,79.73,4,2,0.46,4,2,0.01,0.46,11,59,0.097,26,425.9,421.9,500.0,7,930.2
run_1789752831,rnd_task_015,robot_2,Central,North,85.1,4,2,0.46,4,2,0.01,0.0,6,36,0.081,26,328.8,324.8,500.0,5,644.8
run_1789752831,rnd_task_016,robot_1,South,South,47.38,2,1,0.46,4,1,0.0,0.18,10,52,0.098,26,388.64,384.64,500.0,5,814.0
run_1789752831,rnd_task_017,robot_3,North,North,8.95,2,0,0.46,4,1,0.02,0.46,7,36,0.11,3,167.5,163.5,500.0,5,471.8
run_1789752831,rnd_task_018,robot_2,Central,South,73.25,4,2,0.46,4,2,0.0,0.18,5,29,0.129,3,215.16,211.16,500.0,4,340.8
run_1789752831,rnd_task_020,robot_1,Central,Central,98.97,4,2,0.46,4,1,0.0,0.18,5,20,0.06,34,208.16,204.16,500.0,3,502.2
run_1789752831,rnd_task_022,robot_3,Central,Central,56.42,2,1,0.46,4,1,0.24,0.08,3,13,0.024,235,320.32,316.32,500.0,1,737.6
run_1789707389,rnd_task_001,robot_1,South,South,24.94,2,0,0.46,4,1,0.05,0.0,3,28,0.072,68,236.12,232.12,500.0,3,498.2
run_1789707389,rnd_task_002,robot_2,North,North,35.25,2,1,0.46,4,1,0.11,0.1,7,53,0.096,104,534.5,530.5,500.0,6,878.2
run_1789707389,rnd_task_003,robot_3,South,North,85.6,4,2,0.46,4,2,0.18,0.06,5,41,0.085,83,422.7,418.7,500.0,4,726.0
run_1789707389,rnd_task_004,robot_4,North,North,30.2,2,1,0.46,4,1,0.15,0.05,5,41,0.088,73,489.04,485.04,500.0,5,728.6
run_1789707389,rnd_task_005,robot_1,North,South,0.49,0,2,0.46,4,2,0.05,0.09,8,42,0.08,114,508.34,504.34,500.0,6,772.4
run_1789707389,rnd_task_006,robot_3,North,South,65.89,4,2,0.46,4,2,0.15,0.11,6,42,0.098,114,402.54,398.54,500.0,6,635.2
run_1789707389,rnd_task_007,robot_4,South,North,66.35,4,2,0.46,4,2,0.04,0.14,10,59,0.094,173,663.86,659.86,500.0,7,961.2
run_1789707389,rnd_task_008,robot_2,North,South,91.22,4,2,0.46,4,2,0.05,0.08,6,40,0.078,157,401.88,397.88,500.0,5,773.6
run_1789707389,rnd_task_009,robot_1,North,Central,64.69,4,2,0.46,4,2,0.05,0.08,6,37,0.087,89,414.88,410.88,500.0,6,623.8
run_1789707389,rnd_task_010,robot_3,Central,North,0.49,0,2,0.46,4,2,0.04,0.27,7,42,0.084,72,290.66,286.66,500.0,6,736.4
run_1789707389,rnd_task_011,robot_2,South,North,6.0,1,2,0.46,4,2,0.0,0.18,8,43,0.088,47,331.04,327.04,500.0,7,750.58
run_1789707389,rnd_task_012,robot_4,Central,North,31.22,2,0,0.46,4,2,0.03,0.19,7,32,0.087,47,362.14,358.14,500.0,5,573.94
run_1789707389,rnd_task_013,robot_1,North,South,6.13,1,2,0.46,4,2,0.04,0.11,6,36,0.076,56,478.94,474.94,500.0,6,682.52
run_1789707389,rnd_task_014,robot_3,North,North,0.67,0,1,0.46,4,1,0.02,0.0,6,40,0.088,49,307.28,303.28,500.0,6,660.6
run_1789707389,rnd_task_015,robot_4,South,North,0.85,0,2,0.46,4,2,0.03,0.34,11,86,0.11,95,766.8,762.8,500.0,8,1202.56
run_1789707389,rnd_task_016,robot_2,North,South,59.88,4,2,0.46,4,2,0.05,0.19,7,47,0.114,74,472.7,468.7,500.0,5,630.0
run_1789707389,rnd_task_017,robot_1,South,North,6.0,0,2,0.46,4,2,0.04,0.0,7,54,0.1,82,381.72,377.72,500.0,5,818.22
run_1789707389,rnd_task_018,robot_3,Central,South,57.08,2,1,0.46,4,2,0.0,0.0,5,41,0.088,68,309.46,305.46,500.0,4,634.0
run_1789707389,rnd_task_019,robot_2,Central,Central,78.22,4,2,0.46,4,1,0.0,0.18,5,36,0.105,26,146.9,142.9,500.0,4,495.4
run_1789707389,rnd_task_021,robot_3,South,Central,22.65,2,0,0.46,4,2,0.03,0.0,8,54,0.136,30,217.64,213.64,500.0,3,603.2
run_1789707389,rnd_task_023,robot_2,South,South,32.98,2,1,0.46,4,1,0.0,0.18,6,47,0.131,22,276.0,272.0,500.0,1,505.0
run_1789708546,rnd_task_001,robot_4,North,North,22.26,2,1,0.46,4,1,0.06,0.04,4,29,0.088,84,338.96,334.96,500.0,4,523.8
run_1789708546,rnd_task_002,robot_3,South,North,52.36,4,2,0.46,4,2,0.17,0.03,6,41,0.08,93,395.22,391.22,500.0,6,724.58
run_1789708546,rnd_task_003,robot_1,Central,Central,42.28,2,0,0.46,4,1,0.06,0.05,3,23,0.082,74,250.22,246.22,500.0,3,391.98
run_1789708546,rnd_task_004,robot_2,Central,South,69.97,4,2,0.46,4,2,0.05,0.0,5,34,0.089,78,449.54,445.54,500.0,5,605.88
run_1789708546,rnd_task_005,robot_1,North,Central,81.91,4,2,0.46,4,2,0.09,0.03,7,49,0.067,175,681.98,677.98,500.0,8,1129.98
run_1789708546,rnd_task_006,robot_4,North,North,35.25,2,1,0.46,4,1,0.11,0.06,5,36,0.076,131,362.86,358.86,500.0,6,712.2
run_1789708546,rnd_task_007,robot_2,North,South,68.9,4,2,0.46,4,2,0.08,0.09,6,43,0.07,161,716.86,712.86,500.0,7,913.4
run_1789708546,rnd_task_008,robot_3,North,North,29.54,2,1,0.46,4,1,0.13,0.0,3,24,0.071,122,215.86,211.86,500.0,3,452.14
run_1789708546,rnd_task_009,robot_3,North,South,66.1,4,2,0.46,4,2,0.02,0.0,4,48,0.091,73,571.32,567.32,500.0,6,788.0
run_1789708546,rnd_task_010,robot_4,South,North,0.67,0,2,0.46,4,2,0.0,0.0,7,65,0.108,73,627.18,623.18,500.0,6,904.36
run_1789708546,rnd_task_011,robot_1,South,North,66.86,4,2,0.46,4,2,0.01,0.0,6,53,0.12,39,379.34,375.34,500.0,6,666.4
run_1789708546,rnd_task_012,robot_2,Central,South,74.38,4,2,0.46,4,2,0.02,0.0,5,53,0.133,39,366.0,362.0,500.0,4,602.6
run_1789708546,rnd_task_013,robot_3,North,North,21.6,2,0,0.46,4,1,0.0,0.18,5,35,0.093,0,448.04,444.04,500.0,5,536.02
run_1789708546,rnd_task_015,robot_2,Central,North,85.1,4,2,0.46,4,2,0.0,0.18,8,42,0.095,0,343.4,339.4,500.0,4,652.4
run_1789708546,rnd_task_016,robot_1,South,South,47.38,2,1,0.46,4,1,0.04,0.09,9,53,0.102,17,386.72,382.72,500.0,3,807.02
run_1789708546,rnd_task_017,robot_3,North,North,8.95,2,0,0.46,4,1,0.0,0.18,7,36,0.119,17,163.9,159.9,500.0,2,438.6
run_1789308224,rnd_task_001,robot_1,South,South,5.89,1,0,0.46,4,1,0.03,0.0,3,27,0.071,51,243.44,239.44,500.0,3,479.0
run_1789308224,rnd_task_002,robot_2,North,North,35.25,2,1,0.46,4,1,0.08,0.17,7,53,0.097,85,539.62,535.62,500.0,6,866.8
run_1789308224,rnd_task_003,robot_3,South,North,85.6,4,2,0.46,4,2,0.03,0.02,5,40,0.087,53,422.78,418.78,500.0,4,687.8
run_1789308224,rnd_task_004,robot_4,North,North,30.2,2,1,0.46,4,1,0.04,0.12,6,35,0.073,56,514.42,510.42,500.0,5,739.98
run_1789308224,rnd_task_005,robot_1,North,South,50.67,4,2,0.46,4,2,0.03,0.2,8,42,0.079,68,531.18,527.18,500.0,6,783.08
run_1789308224,rnd_task_006,robot_3,North,South,65.89,4,2,0.46,4,2,0.08,0.2,7,43,0.101,47,377.14,373.14,500.0,6,635.6
run_1789308224,rnd_task_007,robot_4,South,North,66.35,4,2,0.46,4,2,0.03,0.06,10,60,0.096,95,678.52,674.52,500.0,7,960.2
run_1789308224,rnd_task_008,robot_2,North,South,6.0,0,2,0.46,4,2,0.08,0.06,7,51,0.09,87,450.24,446.24,500.0,5,817.92
run_1789308224,rnd_task_009,robot_1,North,Central,64.69,4,2,0.46,4,2,0.02,0.0,6,43,0.102,69,412.82,408.82,500.0,6,629.22
run_1789308224,rnd_task_010,robot_3,Central,North,100.1,4,2,0.46,4,2,0.04,0.09,6,42,0.081,104,323.24,319.24,500.0,6,763.2
run_1789308224,rnd_task_011,robot_2,South,North,6.0,1,2,0.46,4,2,0.0,0.18,8,38,0.076,63,347.0,343.0,500.0,6,761.6
run_1789308224,rnd_task_012,robot_4,Central,North,31.22,2,0,0.46,4,2,0.06,0.09,7,36,0.088,60,429.82,425.82,500.0,5,636.8
run_1789308224,rnd_task_013,robot_1,North,South,43.19,4,2,0.46,4,2,0.03,0.01,6,36,0.076,60,480.98,476.98,500.0,5,686.72
run_1789308224,rnd_task_014,robot_3,North,North,6.0,0,1,0.46,4,1,0.01,0.0,6,36,0.076,31,330.2,326.2,500.0,4,686.16
run_1789308224,rnd_task_016,robot_2,North,South,6.0,0,2,0.46,4,2,0.06,0.0,6,40,0.1,32,445.0,441.0,500.0,2,599.04
run_1789709701,rnd_task_001,robot_1,South,South,24.94,2,0,0.46,4,1,0.02,0.02,3,28,0.072,97,249.0,245.0,500.0,3,503.0
run_1789709701,rnd_task_002,robot_2,North,North,0.79,0,1,0.46,4,1,0.09,0.1,7,53,0.093,146,557.1,553.1,500.0,6,903.0
run_1789709701,rnd_task_003,robot_3,South,North,0.99,0,2,0.46,4,2,0.12,0.03,5,41,0.084,112,438.96,434.96,500.0,4,735.2
run_1789709701,rnd_task_004,robot_4,North,North,30.2,2,1,0.46,4,1,0.11,0.03,5,41,0.087,91,504.66,500.66,500.0,5,738.0
run_1789709701,rnd_task_005,robot_1,North,South,50.67,4,2,0.46,4,2,0.02,0.42,8,42,0.08,93,511.98,507.98,500.0,6,776.8
run_1789709701,rnd_task_006,robot_3,North,South,65.89,4,2,0.46,4,2,0.13,0.19,6,36,0.089,86,364.8,360.8,500.0,6,629.48
run_1789709701,rnd_task_007,robot_4,South,North,0.51,0,2,0.46,4,2,0.08,0.07,10,53,0.082,165,678.96,674.96,500.0,7,971.6
run_1789709701,rnd_task_008,robot_2,North,South,91.22,4,2,0.46,4,2,0.07,0.16,6,34,0.066,139,400.22,396.22,500.0,5,763.0
run_1789709701,rnd_task_009,robot_1,North,Central,64.69,4,2,0.46,4,2,0.09,0.13,6,31,0.071,100,412.3,408.3,500.0,6,620.2
run_1789709701,rnd_task_010,robot_3,Central,North,100.1,4,2,0.46,4,2,0.04,0.32,7,41,0.084,76,277.14,273.14,500.0,6,711.8
run_1789709701,rnd_task_011,robot_2,South,North,73.22,4,2,0.46,4,2,0.0,0.18,8,38,0.078,19,323.64,319.64,500.0,6,742.0
run_1789709701,rnd_task_012,robot_4,Central,North,31.22,2,0,0.46,4,2,0.05,0.32,7,32,0.091,18,342.02,338.02,500.0,5,551.0
run_1789709701,rnd_task_013,robot_1,North,South,6.13,1,2,0.46,4,2,0.02,0.08,6,36,0.076,30,477.28,473.28,500.0,5,680.6
run_1789709701,rnd_task_014,robot_3,North,North,6.0,0,1,0.46,4,1,0.01,0.0,7,36,0.08,26,307.6,303.6,500.0,5,648.32
run_1789709701,rnd_task_016,robot_2,North,South,6.0,0,2,0.46,4,2,0.1,0.33,6,40,0.099,47,462.54,458.54,500.0,3,608.4
run_1789709701,rnd_task_017,robot_1,South,North,6.0,0,2,0.46,4,2,0.07,0.05,6,42,0.076,36,419.7,415.7,500.0,3,811.2
run_1789709701,rnd_task_019,robot_2,Central,Central,6.0,0,0,0.46,4,1,0.0,0.18,3,18,0.045,1,157.88,153.88,500.0,2,487.0
run_1789709701,rnd_task_020,robot_1,South,South,0.85,0,0,0.46,4,1,0.07,0.0,6,31,0.05,118,487.68,483.68,500.0,3,878.2
run_1789709701,rnd_task_021,robot_2,South,Central,22.65,2,0,0.46,4,2,0.18,0.0,3,17,0.036,118,273.28,269.28,500.0,1,556.68
run_1789709701,rnd_task_024,robot_2,South,North,73.24,4,2,0.46,4,2,0.0,0.18,4,18,0.041,0,316.52,312.52,500.0,1,640.6
run_1789711019,rnd_task_001,robot_4,North,North,22.26,2,1,0.46,4,1,0.05,0.01,4,23,0.067,45,347.4,343.4,500.0,4,538.6
run_1789711019,rnd_task_002,robot_3,South,North,52.36,4,2,0.46,4,2,0.03,0.04,6,35,0.07,53,412.14,408.14,500.0,6,744.0
run_1789711019,rnd_task_003,robot_1,Central,Central,42.28,2,0,0.46,4,1,0.12,0.05,4,22,0.073,34,260.18,256.18,500.0,3,411.4
run_1789711019,rnd_task_004,robot_2,Central,South,69.97,4,2,0.46,4,2,0.07,0.0,5,28,0.07,50,465.5,461.5,500.0,5,630.2
run_1789711019,rnd_task_005,robot_1,North,Central,81.91,4,2,0.46,4,2,0.05,0.05,7,49,0.067,249,664.18,660.18,500.0,8,1137.0
run_1789711019,rnd_task_006,robot_4,North,North,0.51,0,1,0.46,4,1,0.1,0.16,5,43,0.083,169,383.14,379.14,500.0,6,750.6
run_1789711019,rnd_task_007,robot_2,North,South,68.9,4,2,0.46,4,2,0.08,0.02,6,43,0.073,233,721.78,717.78,500.0,7,928.4
run_1789711019,rnd_task_008,robot_3,North,North,29.54,2,1,0.46,4,1,0.1,0.0,3,30,0.088,161,239.44,235.44,500.0,3,475.0
run_1789711019,rnd_task_009,robot_3,North,South,66.1,4,2,0.46,4,2,0.03,0.0,4,36,0.067,115,566.2,562.2,500.0,6,772.0
run_1789711019,rnd_task_010,robot_4,South,North,48.14,4,2,0.46,4,2,0.0,0.0,6,52,0.085,114,603.8,599.8,500.0,6,894.4
run_1789711019,rnd_task_011,robot_1,South,North,66.86,4,2,0.46,4,2,0.01,0.01,6,47,0.111,46,380.0,376.0,500.0,7,664.2
run_1789711019,rnd_task_012,robot_2,Central,South,5.77,1,2,0.46,4,2,0.03,0.04,5,47,0.115,46,368.22,364.22,500.0,4,609.8
run_1789711019,rnd_task_013,robot_3,North,North,0.85,0,0,0.46,4,1,0.0,0.18,5,35,0.091,5,460.6,456.6,500.0,6,550.62
run_1789711019,rnd_task_014,robot_4,South,North,79.73,4,2,0.46,4,2,0.05,0.37,11,67,0.092,65,741.5,737.5,500.0,8,1131.92
run_1789711019,rnd_task_015,robot_2,Central,North,85.1,4,2,0.46,4,2,0.0,0.18,8,42,0.096,25,324.58,320.58,500.0,5,644.12
run_1789711019,rnd_task_016,robot_1,South,South,47.38,2,1,0.46,4,1,0.07,0.34,10,54,0.103,62,390.58,386.58,500.0,6,818.0
run_1789711019,rnd_task_017,robot_3,North,North,8.95,2,0,0.46,4,1,0.0,0.18,7,36,0.116,57,174.64,170.64,500.0,4,447.0
run_1789711019,rnd_task_018,robot_2,Central,South,73.25,4,2,0.46,4,2,0.0,0.18,4,19,0.081,34,218.46,214.46,500.0,5,347.18
run_1789711019,rnd_task_019,robot_3,North,North,0.67,0,1,0.46,4,1,0.03,0.15,5,24,0.072,27,241.7,237.7,500.0,4,499.4
run_1789711019,rnd_task_020,robot_1,Central,Central,98.97,4,2,0.46,4,1,0.0,0.18,5,24,0.07,36,215.28,211.28,500.0,3,512.02
run_1789303990,rnd_task_001,robot_1,South,South,24.94,2,0,0.46,4,1,0.06,0.0,3,28,0.069,95,255.42,251.42,500.0,3,521.4
run_1789303990,rnd_task_002,robot_2,North,North,35.25,2,1,0.46,4,1,0.09,0.09,7,59,0.101,120,559.96,555.96,500.0,6,926.4
run_1789303990,rnd_task_003,robot_3,South,North,0.49,0,2,0.46,4,2,0.17,0.01,5,41,0.082,95,448.72,444.72,500.0,4,752.0
run_1789303990,rnd_task_004,robot_4,North,North,30.2,2,1,0.46,4,1,0.13,0.11,5,41,0.083,93,521.88,517.88,500.0,5,771.04
run_1789303990,rnd_task_005,robot_1,North,South,50.67,4,2,0.46,4,2,0.03,0.26,8,54,0.097,107,525.64,521.64,500.0,6,805.2
run_1789303990,rnd_task_006,robot_3,North,South,65.89,4,2,0.46,4,2,0.1,0.19,6,54,0.127,103,374.58,370.58,500.0,6,645.2
run_1789303990,rnd_task_007,robot_4,South,North,66.35,4,2,0.46,4,2,0.08,0.07,10,77,0.12,177,712.66,708.66,500.0,7,999.2
run_1789303990,rnd_task_008,robot_2,North,South,91.22,4,2,0.46,4,2,0.05,0.15,7,53,0.094,158,401.28,397.28,500.0,5,791.0
run_1789303990,rnd_task_009,robot_1,North,Central,64.69,4,2,0.46,4,2,0.1,0.1,6,43,0.101,89,421.26,417.26,500.0,6,636.2
run_1789303990,rnd_task_010,robot_3,Central,North,100.1,4,2,0.46,4,2,0.0,0.2,7,47,0.096,72,285.42,281.42,500.0,6,731.2
run_1789303990,rnd_task_011,robot_2,South,North,73.22,4,2,0.46,4,2,0.0,0.18,8,43,0.087,25,333.84,329.84,500.0,7,759.2
run_1789303990,rnd_task_012,robot_4,Central,North,31.22,2,0,0.46,4,2,0.02,0.04,8,37,0.098,25,399.82,395.82,500.0,5,592.2
run_1789303990,rnd_task_013,robot_1,North,South,6.13,1,2,0.46,4,2,0.02,0.0,6,31,0.063,42,497.58,493.58,500.0,6,702.8
run_1789303990,rnd_task_014,robot_3,North,North,53.01,2,1,0.46,4,1,0.02,0.0,6,31,0.065,61,314.6,310.6,500.0,6,674.2
run_1789303990,rnd_task_015,robot_4,South,North,82.81,4,2,0.46,4,2,0.03,0.39,10,82,0.101,232,838.4,834.4,500.0,8,1251.8
run_1789303990,rnd_task_016,robot_2,North,South,0.67,0,2,0.46,4,2,0.13,0.0,7,41,0.099,145,469.08,465.08,500.0,5,625.56
run_1789303990,rnd_task_017,robot_1,South,North,97.33,4,2,0.46,4,2,0.12,0.1,9,91,0.118,234,732.28,728.28,500.0,6,1182.0
run_1789303990,rnd_task_018,robot_3,Central,South,0.67,0,2,0.46,4,2,0.05,0.0,4,42,0.094,193,291.12,287.12,500.0,4,614.4
run_1789303990,rnd_task_019,robot_2,Central,Central,78.22,4,2,0.46,4,1,0.12,0.01,6,40,0.102,87,195.26,191.26,500.0,4,567.2
run_1789303990,rnd_task_020,robot_3,South,South,22.15,2,0,0.46,4,1,0.0,0.18,6,41,0.202,12,60.36,56.36,500.0,3,296.6
run_1789305052,rnd_task_001,robot_4,North,North,22.26,2,1,0.46,4,1,0.11,0.1,4,35,0.097,74,345.2,341.2,500.0,4,536.4
run_1789305052,rnd_task_002,robot_3,South,North,0.67,0,2,0.46,4,2,0.12,0.05,6,47,0.093,80,410.6,406.6,500.0,6,732.38
run_1789305052,rnd_task_003,robot_1,Central,Central,0.51,0,0,0.46,4,1,0.11,0.03,3,23,0.084,64,236.9,232.9,500.0,3,382.6
run_1789305052,rnd_task_004,robot_2,Central,South,0.85,0,2,0.46,4,2,0.07,0.0,5,40,0.104,74,457.86,453.86,500.0,5,614.4
run_1789305052,rnd_task_005,robot_1,North,Central,81.91,4,2,0.46,4,2,0.05,0.07,7,60,0.083,176,664.76,660.76,500.0,8,1138.0
run_1789305052,rnd_task_006,robot_4,North,North,35.25,2,1,0.46,4,1,0.06,0.18,5,36,0.075,136,364.58,360.58,500.0,6,722.4
run_1789305052,rnd_task_007,robot_2,North,South,68.9,4,2,0.46,4,2,0.06,0.08,6,43,0.07,165,713.12,709.12,500.0,7,915.8
run_1789305052,rnd_task_008,robot_3,North,North,29.54,2,1,0.46,4,1,0.12,0.0,3,24,0.067,128,233.96,229.96,500.0,3,474.4
run_1789305052,rnd_task_009,robot_3,North,South,66.1,4,2,0.46,4,2,0.13,0.0,4,36,0.071,99,570.14,566.14,500.0,6,788.6
run_1789305052,rnd_task_010,robot_4,South,North,48.14,4,2,0.46,4,2,0.1,0.06,8,53,0.082,92,703.28,699.28,500.0,8,994.2
run_1789305052,rnd_task_011,robot_1,South,North,6.0,1,2,0.46,4,2,0.0,0.0,6,35,0.083,67,366.22,362.22,500.0,6,648.4
run_1789305052,rnd_task_012,robot_2,Central,South,0.85,0,2,0.46,4,2,0.07,0.0,4,30,0.071,67,357.08,353.08,500.0,4,592.98
run_1789305052,rnd_task_013,robot_3,North,North,0.85,0,0,0.46,4,1,0.02,0.02,6,36,0.091,12,481.76,477.76,500.0,6,568.48
run_1789305052,rnd_task_014,robot_2,South,North,0.67,0,2,0.46,4,2,0.0,0.0,9,48,0.1,32,369.54,365.54,500.0,7,723.2
run_1789305052,rnd_task_015,robot_1,Central,North,85.1,4,2,0.46,4,2,0.03,0.0,8,40,0.1,32,361.12,357.12,500.0,5,601.9
run_1789305052,rnd_task_016,robot_4,South,South,47.38,2,1,0.46,4,1,0.0,0.18,9,49,0.092,54,396.9,392.9,500.0,6,802.2
run_1789305052,rnd_task_017,robot_3,North,North,8.95,2,0,0.46,4,1,0.13,0.16,7,40,0.105,43,263.94,259.94,500.0,6,555.0
run_1789305052,rnd_task_018,robot_1,Central,South,73.25,4,2,0.46,4,2,0.0,0.18,6,19,0.084,22,216.92,212.92,500.0,5,332.0
run_1789305052,rnd_task_019,robot_2,North,North,37.05,2,1,0.46,4,1,0.15,0.23,5,23,0.092,22,147.86,143.86,500.0,4,370.2
run_1789305052,rnd_task_020,robot_4,Central,Central,98.97,4,2,0.46,4,1,0.0,0.18,4,19,0.054,26,226.64,222.64,500.0,3,515.8
run_1789784621,rnd_task_001,robot_4,Central,South,22.65,2,0,0.46,4,2,0.3,0.06,4,28,0.076,181,354.48,350.48,500.0,3,524.6
run_1789784621,rnd_task_002,robot_3,North,North,45.84,2,1,0.46,4,1,0.22,0.03,9,59,0.085,234,613.8,609.8,500.0,6,1079.4
run_1789784621,rnd_task_003,robot_1,South,North,0.67,0,2,0.46,4,2,0.1,0.05,6,39,0.093,205,276.96,272.96,500.0,4,578.4
run_1789784621,rnd_task_004,robot_2,Central,North,53.01,2,1,0.46,4,2,0.09,0.06,8,53,0.097,228,456.6,452.6,500.0,5,849.2
run_1789784621,rnd_task_005,robot_4,North,South,68.93,4,2,0.46,4,2,0.04,0.07,10,45,0.068,66,845.26,841.26,500.0,8,1056.6
run_1789784621,rnd_task_006,robot_1,South,South,45.59,2,1,0.46,4,1,0.02,0.0,5,25,0.06,29,275.08,271.08,500.0,5,563.4
run_1789784621,rnd_task_007,robot_2,North,South,62.26,4,2,0.46,4,2,0.0,0.18,4,24,0.064,15,355.22,351.22,500.0,5,565.12
run_1789784621,rnd_task_008,robot_3,Central,South,29.01,2,0,0.46,4,2,0.0,0.18,5,25,0.059,30,279.1,275.1,500.0,6,577.38
run_1789784621,rnd_task_009,robot_1,North,Central,6.0,1,2,0.46,4,2,0.04,0.0,11,70,0.094,110,541.12,537.12,500.0,6,1155.0
run_1789784621,rnd_task_010,robot_2,South,North,0.51,0,2,0.46,4,2,0.06,0.07,9,53,0.095,87,371.86,367.86,500.0,5,863.8
run_1789784621,rnd_task_011,robot_4,South,North,0.85,0,2,0.46,4,2,0.1,0.18,6,36,0.086,80,434.24,430.24,500.0,4,651.4
run_1789784621,rnd_task_012,robot_3,South,South,19.36,2,0,0.46,4,1,0.0,0.18,5,25,0.091,29,196.74,192.74,500.0,3,373.58
run_1789779034,rnd_task_001,robot_1,South,North,77.44,4,2,0.46,4,2,0.17,0.11,5,35,0.071,219,368.7,364.7,500.0,3,672.52
run_1789779034,rnd_task_002,robot_2,Central,North,44.93,2,1,0.46,4,2,0.12,0.01,6,40,0.086,222,385.74,381.74,500.0,4,719.92
run_1789779034,rnd_task_003,robot_4,North,Central,73.5,4,2,0.46,4,2,0.19,0.12,6,41,0.08,208,564.8,560.8,500.0,5,803.96
run_1789779034,rnd_task_004,robot_3,South,Central,76.18,4,2,0.46,4,2,0.11,0.07,6,36,0.077,201,356.38,352.38,500.0,4,697.0
run_1789779034,rnd_task_005,robot_1,North,South,68.81,4,2,0.46,4,2,0.01,0.46,8,41,0.09,8,395.92,391.92,500.0,7,664.8
run_1789779034,rnd_task_006,robot_3,Central,Central,0.67,0,1,0.46,4,1,0.04,0.0,3,13,0.058,8,69.26,65.26,500.0,3,312.0
run_1789779034,rnd_task_008,robot_4,North,North,22.65,2,0,0.46,4,1,0.01,0.0,8,35,0.107,8,248.84,244.84,500.0,3,486.6
run_1789779034,rnd_task_009,robot_3,Central,South,25.99,2,0,0.46,4,2,0.03,0.0,7,45,0.123,3,228.9,224.9,500.0,3,503.3
run_1789779034,rnd_task_010,robot_4,South,North,87.87,4,2,0.46,4,2,0.0,0.18,4,30,0.047,4,468.74,464.74,500.0,3,897.0
run_1789779034,rnd_task_012,robot_3,Central,Central,105.23,4,2,0.46,4,1,0.04,0.0,4,19,0.029,1,398.84,394.84,500.0,2,827.14
run_1789779034,rnd_task_013,robot_4,North,North,42.44,2,1,0.46,4,1,0.0,0.18,2,12,0.04,0,191.96,187.96,500.0,2,404.4
run_1789779034,rnd_task_014,robot_3,Central,South,102.38,4,2,0.46,4,2,0.0,0.37,4,24,0.038,1,272.62,268.62,500.0,2,835.4
run_1789779034,rnd_task_017,robot_4,South,North,0.97,0,2,0.46,4,2,0.0,0.0,3,19,0.034,1,329.36,325.36,500.0,2,771.8
run_1789779034,rnd_task_020,robot_3,South,North,69.63,4,2,0.46,4,2,0.0,0.18,2,13,0.024,0,278.86,274.86,500.0,2,664.4
run_1789779034,rnd_task_021,robot_4,South,North,58.25,4,2,0.46,4,2,0.0,0.18,3,18,0.03,0,655.08,651.08,500.0,3,855.0
run_1789779034,rnd_task_022,robot_3,North,North,0.67,0,1,0.46,4,1,0.0,0.18,1,5,0.027,0,103.98,99.98,500.0,1,218.4
run_1789779034,rnd_task_023,robot_3,North,North,0.85,0,1,0.46,4,1,0.0,0.18,1,6,0.023,0,62.24,58.24,500.0,2,256.6
run_1789779034,rnd_task_024,robot_4,South,Central,58.33,4,2,0.46,4,2,0.05,0.0,4,29,0.05,0,548.28,544.28,500.0,2,753.56
run_1789779034,rnd_task_026,robot_3,Central,North,6.0,0,2,0.46,4,2,0.0,0.18,4,30,0.063,0,371.72,367.72,500.0,1,668.6
run_1789775009,rnd_task_001,robot_1,North,North,29.43,2,1,0.46,4,1,0.03,0.01,5,35,0.087,35,480.86,476.86,500.0,4,622.8
run_1789775009,rnd_task_002,robot_4,North,South,6.0,0,2,0.46,4,2,0.07,0.01,8,59,0.085,58,663.92,659.92,500.0,8,1085.96
run_1789775009,rnd_task_003,robot_2,South,Central,0.96,0,2,0.46,4,2,0.05,0.06,4,21,0.067,29,270.1,266.1,500.0,3,446.8
run_1789775009,rnd_task_004,robot_3,North,South,60.51,4,2,0.46,4,2,0.05,0.1,7,47,0.086,40,680.4,676.4,500.0,6,838.0
run_1789775009,rnd_task_005,robot_2,Central,North,0.88,0,2,0.46,4,2,0.02,0.0,5,21,0.088,13,121.36,117.36,500.0,4,319.64
run_1789775009,rnd_task_006,robot_1,North,Central,34.8,2,1,0.46,4,2,0.0,0.18,4,18,0.07,20,204.36,200.36,500.0,5,341.6
run_1789775009,rnd_task_007,robot_2,South,Central,80.3,4,2,0.46,4,2,0.0,0.18,6,40,0.087,18,454.08,450.08,500.0,6,693.02
run_1789775009,rnd_task_008,robot_3,North,South,64.2,4,2,0.46,4,2,0.05,0.08,8,60,0.097,38,624.62,620.62,500.0,6,903.22
run_1789775009,rnd_task_009,robot_1,North,Central,53.26,2,1,0.46,4,2,0.0,0.15,8,65,0.112,32,378.84,374.84,500.0,6,893.0
run_1789775009,rnd_task_010,robot_4,North,North,37.44,2,1,0.46,4,1,0.03,0.16,8,71,0.118,32,580.02,576.02,500.0,7,929.2
run_1789775009,rnd_task_011,robot_2,South,South,0.51,0,0,0.46,4,1,0.0,0.18,5,36,0.14,19,182.38,178.38,500.0,4,370.6
run_1789775009,rnd_task_012,robot_3,South,North,47.09,4,2,0.46,4,2,0.02,0.14,8,59,0.139,41,502.7,498.7,500.0,7,646.34
run_1789775009,rnd_task_013,robot_1,North,North,30.7,2,1,0.46,4,1,0.0,0.0,4,31,0.111,24,169.14,165.14,500.0,4,358.8
run_1789775009,rnd_task_014,robot_2,North,North,9.66,2,0,0.46,4,1,0.03,0.0,9,55,0.139,41,422.42,418.42,500.0,6,617.04
run_1789775009,rnd_task_015,robot_4,Central,North,31.22,2,0,0.46,4,2,0.08,0.17,7,48,0.143,41,345.9,341.9,500.0,6,516.6
run_1789775009,rnd_task_016,robot_1,South,Central,28.02,2,0,0.46,4,2,0.06,0.3,9,64,0.134,26,427.34,423.34,500.0,7,700.8
run_1789775009,rnd_task_017,robot_3,North,North,13.2,2,0,0.46,4,1,0.0,0.18,4,30,0.194,0,68.9,64.9,500.0,4,216.26
run_1789775009,rnd_task_018,robot_2,North,Central,22.67,2,0,0.46,4,2,0.02,0.0,4,25,0.107,9,179.6,175.6,500.0,4,354.8
run_1789775009,rnd_task_020,robot_3,North,South,67.38,4,2,0.46,4,2,0.02,0.0,6,30,0.073,39,392.34,388.34,500.0,3,634.0
run_1789775009,rnd_task_021,robot_2,North,Central,87.28,4,2,0.46,4,2,0.09,0.04,5,28,0.102,30,156.46,152.46,500.0,2,411.4
run_1789772944,rnd_task_001,robot_1,South,South,0.85,0,0,0.46,4,1,0.01,0.0,3,28,0.067,72,272.7,268.7,500.0,3,537.2
run_1789772944,rnd_task_002,robot_2,North,North,35.25,2,1,0.46,4,1,0.05,0.1,6,46,0.083,92,511.36,507.36,500.0,6,862.56
run_1789772944,rnd_task_003,robot_3,South,North,0.49,0,2,0.46,4,2,0.01,0.0,5,41,0.083,79,448.28,444.28,500.0,4,748.2
run_1789772944,rnd_task_004,robot_4,North,North,30.2,2,1,0.46,4,1,0.02,0.08,5,30,0.063,74,495.96,491.96,500.0,4,733.4
run_1789772944,rnd_task_005,robot_1,North,South,50.67,4,2,0.46,4,2,0.05,0.04,6,31,0.053,149,536.76,532.76,500.0,6,825.2
run_1789772944,rnd_task_006,robot_4,North,South,65.89,4,2,0.46,4,2,0.22,0.07,6,41,0.093,204,483.8,479.8,500.0,5,668.4
run_1789772944,rnd_task_007,robot_3,South,North,66.35,4,2,0.46,4,2,0.03,0.09,10,72,0.095,223,724.24,720.24,500.0,8,1162.24
run_1789772944,rnd_task_008,robot_2,North,South,6.0,0,2,0.46,4,2,0.18,0.07,7,43,0.082,204,434.32,430.32,500.0,5,803.76
run_1789772944,rnd_task_009,robot_1,North,Central,64.69,4,2,0.46,4,2,0.05,0.01,7,59,0.141,105,422.98,418.98,500.0,5,636.8
run_1789772944,rnd_task_010,robot_4,Central,North,6.0,0,2,0.46,4,2,0.01,0.13,8,49,0.095,47,295.9,291.9,500.0,6,739.6
run_1789772944,rnd_task_011,robot_2,South,North,6.0,1,2,0.46,4,2,0.09,0.19,7,44,0.088,126,347.7,343.7,500.0,6,771.6
run_1789772944,rnd_task_013,robot_1,North,South,43.19,4,2,0.46,4,2,0.03,0.23,7,35,0.072,107,485.72,481.72,500.0,7,690.0
run_1789772944,rnd_task_014,robot_3,North,North,6.0,0,1,0.46,4,1,0.05,0.2,6,25,0.063,107,250.02,246.02,500.0,5,569.6
run_1789772944,rnd_task_015,robot_4,South,North,6.24,1,2,0.46,4,2,0.01,0.38,9,71,0.091,193,782.24,778.24,500.0,8,1166.0
run_1789772944,rnd_task_016,robot_2,North,South,0.67,0,2,0.46,4,2,0.02,0.05,6,34,0.103,46,332.86,328.86,500.0,5,487.0
run_1789772944,rnd_task_017,robot_3,South,North,97.33,4,2,0.46,4,2,0.06,0.13,9,83,0.12,121,607.06,603.06,500.0,7,1079.4
run_1789772944,rnd_task_018,robot_1,Central,South,57.08,2,1,0.46,4,2,0.07,0.05,5,26,0.054,112,366.72,362.72,500.0,4,661.02
run_1789772944,rnd_task_019,robot_2,Central,Central,78.22,4,2,0.46,4,1,0.05,0.0,6,41,0.118,69,155.4,151.4,500.0,5,508.4
run_1789772944,rnd_task_020,robot_1,South,South,22.15,2,0,0.46,4,1,0.0,0.18,6,30,0.138,7,66.02,62.02,500.0,4,303.6
run_1789772944,rnd_task_021,robot_4,South,Central,22.65,2,0,0.46,4,2,0.03,0.0,8,48,0.096,64,491.28,487.28,500.0,3,752.8
run_1789781612,rnd_task_001,robot_4,South,South,6.0,0,1,0.46,4,1,0.18,0.18,5,41,0.092,104,253.02,249.02,500.0,4,633.4
run_1789781612,rnd_task_002,robot_3,South,North,64.8,4,2,0.46,4,2,0.22,0.18,5,41,0.105,104,358.26,354.26,500.0,4,608.0
run_1789781612,rnd_task_003,robot_1,South,South,14.5,2,0,0.46,4,1,0.04,0.0,4,35,0.133,78,205.52,201.52,500.0,3,361.0
run_1789781612,rnd_task_004,robot_2,North,South,70.42,4,2,0.46,4,2,0.03,0.03,9,63,0.107,122,719.84,715.84,500.0,6,951.0
run_1789781612,rnd_task_005,robot_1,North,Central,64.69,4,2,0.46,4,2,0.02,0.0,7,48,0.086,50,461.22,457.22,500.0,8,839.8
run_1789781612,rnd_task_006,robot_3,Central,North,0.85,0,2,0.46,4,2,0.02,0.0,6,27,0.091,26,259.24,255.24,500.0,4,419.6
run_1789781612,rnd_task_007,robot_4,North,Central,76.18,4,2,0.46,4,2,0.03,0.29,5,36,0.1,26,336.84,332.84,500.0,5,519.0
run_1789781612,rnd_task_008,robot_2,North,North,24.38,2,0,0.46,4,1,0.04,0.0,8,49,0.109,5,485.76,481.76,500.0,8,718.22
run_1789781612,rnd_task_009,robot_3,North,Central,0.67,0,2,0.46,4,2,0.0,0.18,7,36,0.095,5,354.56,350.56,500.0,6,587.4
run_1789781612,rnd_task_010,robot_4,South,South,14.5,2,0,0.46,4,1,0.01,0.0,4,23,0.076,5,222.28,218.28,500.0,4,394.2
run_1789781612,rnd_task_011,robot_1,North,Central,42.64,2,1,0.46,4,2,0.0,0.18,5,31,0.07,18,264.04,260.04,500.0,6,659.4
run_1789781612,rnd_task_012,robot_4,North,Central,42.89,2,1,0.46,4,2,0.09,0.06,7,42,0.074,34,587.6,583.6,500.0,9,895.0
run_1789781612,rnd_task_013,robot_3,Central,North,0.98,0,2,0.46,4,2,0.08,0.07,4,25,0.07,19,244.9,240.9,500.0,5,572.0
run_1789781612,rnd_task_014,robot_2,South,North,64.69,4,2,0.46,4,2,0.14,0.04,4,29,0.05,34,369.7,365.7,500.0,6,723.6
run_1789781612,rnd_task_015,robot_1,Central,Central,44.32,2,0,0.46,4,1,0.0,0.18,2,17,0.067,13,152.58,148.58,500.0,4,386.4
run_1789781612,rnd_task_016,robot_3,North,South,61.52,4,2,0.46,4,2,0.01,0.01,8,47,0.1,46,455.3,451.3,500.0,7,762.4
run_1789781612,rnd_task_017,robot_1,North,North,27.9,2,1,0.46,4,1,0.0,0.28,4,25,0.073,36,185.66,181.66,500.0,5,491.36
run_1789781612,rnd_task_018,robot_2,South,Central,75.41,4,2,0.46,4,2,0.14,0.01,4,26,0.081,31,255.62,251.62,500.0,5,469.8
run_1789781612,rnd_task_019,robot_4,South,North,58.25,4,2,0.46,4,2,0.05,0.02,8,49,0.083,77,570.38,566.38,500.0,4,863.4
run_1789781612,rnd_task_020,robot_1,North,South,67.11,4,2,0.46,4,2,0.03,0.11,5,41,0.097,56,409.56,405.56,500.0,3,636.2
run_1789783583,rnd_task_001,robot_4,Central,Central,0.67,0,1,0.46,4,1,0.15,0.08,6,34,0.074,147,332.24,328.24,500.0,4,673.0
run_1789783583,rnd_task_002,robot_3,North,North,0.49,0,1,0.46,4,1,0.28,0.06,7,39,0.082,147,448.48,444.48,500.0,5,708.6
run_1789783583,rnd_task_003,robot_1,Central,Central,60.49,2,1,0.46,4,1,0.29,0.11,3,16,0.056,147,229.48,225.48,500.0,3,428.0
run_1789783583,rnd_task_004,robot_2,North,North,44.53,2,1,0.46,4,1,0.03,0.07,8,47,0.08,151,453.14,449.14,500.0,6,904.8
run_1789783583,rnd_task_005,robot_1,South,North,57.2,4,2,0.46,4,2,0.05,0.06,5,31,0.062,47,513.12,509.12,500.0,6,738.88
run_1789783583,rnd_task_006,robot_4,North,South,65.88,4,2,0.46,4,2,0.02,0.03,6,42,0.075,69,673.6,669.6,500.0,6,876.6
run_1789783583,rnd_task_007,robot_3,South,North,72.14,4,2,0.46,4,2,0.0,0.0,9,55,0.075,74,677.82,673.82,500.0,7,1060.8
run_1789783583,rnd_task_008,robot_2,Central,South,84.93,4,2,0.46,4,2,0.05,0.08,3,29,0.061,62,252.14,248.14,500.0,5,652.28
run_1789783583,rnd_task_009,robot_1,South,South,29.54,2,1,0.46,4,1,0.01,0.29,6,53,0.112,27,423.4,419.4,500.0,6,729.92
run_1789783583,rnd_task_010,robot_4,South,South,6.01,1,0,0.46,4,1,0.0,0.18,5,31,0.09,6,188.88,184.88,500.0,6,486.6
run_1789783583,rnd_task_011,robot_2,North,South,70.45,4,2,0.46,4,2,0.03,0.02,8,66,0.105,68,720.5,716.5,500.0,7,1014.0
run_1789783583,rnd_task_012,robot_3,Central,South,78.57,4,2,0.46,4,2,0.03,0.01,5,30,0.067,63,372.48,368.48,500.0,5,629.4
run_1789783583,rnd_task_013,robot_1,North,Central,83.32,4,2,0.46,4,2,0.07,0.06,6,48,0.085,79,476.6,472.6,500.0,6,846.2
run_1789783583,rnd_task_014,robot_4,South,North,6.0,0,2,0.46,4,2,0.05,0.02,9,65,0.087,116,661.86,657.86,500.0,6,1128.4
run_1789783583,rnd_task_015,robot_3,North,South,46.11,4,2,0.46,4,2,0.05,0.0,7,47,0.091,54,637.96,633.96,500.0,5,771.6
run_1789783583,rnd_task_016,robot_2,North,North,25.59,2,1,0.46,4,1,0.09,0.01,7,37,0.07,86,394.14,390.14,500.0,6,798.8
run_1789783583,rnd_task_017,robot_1,Central,North,34.9,2,0,0.46,4,2,0.0,0.18,2,13,0.071,30,91.88,87.88,500.0,3,224.4
run_1789783583,rnd_task_019,robot_4,North,South,71.47,4,2,0.46,4,2,0.11,0.14,6,30,0.09,46,352.88,348.88,500.0,3,533.4
run_1789783583,rnd_task_020,robot_3,Central,Central,71.86,4,2,0.46,4,1,0.14,0.41,3,14,0.072,34,193.78,189.78,500.0,3,306.4
run_1789783583,rnd_task_021,robot_2,North,North,16.3,2,0,0.46,4,1,0.0,0.18,3,13,0.082,2,119.96,115.96,500.0,2,219.4
run_1789774039,rnd_task_001,robot_4,North,North,0.49,0,1,0.46,4,1,0.05,0.0,4,23,0.069,76,335.2,331.2,500.0,4,519.6
run_1789774039,rnd_task_002,robot_3,South,North,52.36,4,2,0.46,4,2,0.14,0.06,6,41,0.077,96,418.4,414.4,500.0,6,755.4
run_1789774039,rnd_task_003,robot_1,Central,Central,0.51,0,0,0.46,4,1,0.06,0.06,4,22,0.078,65,243.06,239.06,500.0,3,384.2
run_1789774039,rnd_task_004,robot_2,Central,South,69.97,4,2,0.46,4,2,0.04,0.01,5,28,0.072,81,461.12,457.12,500.0,5,611.8
run_1789774039,rnd_task_005,robot_1,North,Central,81.91,4,2,0.46,4,2,0.09,0.02,6,44,0.061,295,652.0,648.0,500.0,8,1115.36
run_1789774039,rnd_task_006,robot_4,North,North,35.25,2,1,0.46,4,1,0.14,0.1,5,42,0.086,187,390.9,386.9,500.0,5,743.4
run_1789774039,rnd_task_007,robot_2,North,South,0.67,0,2,0.46,4,2,0.09,0.1,6,43,0.072,291,710.76,706.76,500.0,7,946.62
run_1789774039,rnd_task_008,robot_3,North,North,29.54,2,1,0.46,4,1,0.1,0.0,3,24,0.063,167,271.32,267.32,500.0,4,504.22
run_1789774039,rnd_task_009,robot_4,North,South,66.1,4,2,0.46,4,2,0.14,0.08,5,36,0.063,200,641.32,637.32,500.0,6,863.8
run_1789774039,rnd_task_010,robot_3,South,North,0.67,0,2,0.46,4,2,0.17,0.1,6,48,0.07,214,763.84,759.84,500.0,8,1034.46
run_1789774039,rnd_task_011,robot_1,South,North,66.86,4,2,0.46,4,2,0.03,0.09,5,36,0.087,103,359.28,355.28,500.0,5,645.2
run_1789774039,rnd_task_012,robot_2,Central,South,5.77,1,2,0.46,4,2,0.09,0.02,4,36,0.088,69,352.6,348.6,500.0,4,587.6
run_1789774039,rnd_task_013,robot_4,North,North,21.6,2,0,0.46,4,1,0.0,0.18,6,35,0.092,17,453.6,449.6,500.0,6,540.6
run_1789774039,rnd_task_014,robot_1,South,North,6.0,0,2,0.46,4,2,0.01,0.45,12,69,0.101,26,685.34,681.34,500.0,8,1070.2
run_1789774039,rnd_task_015,robot_2,Central,North,6.03,1,2,0.46,4,2,0.0,0.18,8,46,0.104,25,325.78,321.78,500.0,5,651.6
run_1789774039,rnd_task_016,robot_3,South,South,6.0,0,1,0.46,4,1,0.01,0.46,8,53,0.097,10,410.76,406.76,500.0,5,824.2
run_1789774039,rnd_task_017,robot_4,North,North,6.0,0,0,0.46,4,1,0.0,0.18,6,30,0.09,9,204.82,200.82,500.0,4,466.66
run_1789774039,rnd_task_018,robot_2,Central,South,73.25,4,2,0.46,4,2,0.0,0.18,6,23,0.101,1,216.44,212.44,500.0,5,337.4
run_1789774039,rnd_task_019,robot_4,North,North,0.67,0,1,0.46,4,1,0.11,0.2,5,29,0.103,29,185.7,181.7,500.0,3,429.2
run_1789774039,rnd_task_020,robot_3,Central,Central,98.97,4,2,0.46,4,1,0.0,0.18,5,29,0.093,29,198.44,194.44,500.0,3,474.12
run_1789775881,rnd_task_001,robot_1,North,South,6.05,0,2,0.46,4,2,0.03,0.0,5,47,0.068,74,658.88,654.88,500.0,5,1065.6
run_1789775881,rnd_task_002,robot_4,North,South,95.29,4,2,0.46,4,2,0.06,0.09,7,59,0.077,99,780.52,776.52,500.0,6,1191.6
run_1789775881,rnd_task_003,robot_2,South,North,6.0,1,2,0.46,4,2,0.07,0.0,4,30,0.061,40,379.48,375.48,500.0,3,688.2
run_1789775881,rnd_task_004,robot_3,Central,South,6.01,0,2,0.46,4,2,0.01,0.0,4,41,0.069,57,451.36,447.36,500.0,4,842.5
run_1789775881,rnd_task_005,robot_2,South,South,14.75,2,0,0.46,4,1,0.07,0.28,5,41,0.085,72,480.86,476.86,500.0,6,725.2
run_1789775881,rnd_task_006,robot_3,South,North,6.06,1,2,0.46,4,2,0.12,0.0,6,41,0.082,82,408.2,404.2,500.0,6,732.82
run_1789775881,rnd_task_007,robot_1,Central,North,30.81,2,0,0.46,4,2,0.0,0.18,5,36,0.087,82,388.44,384.44,500.0,6,669.6
run_1789775881,rnd_task_008,robot_4,North,South,6.13,1,2,0.46,4,2,0.04,0.07,8,47,0.078,81,592.32,588.32,500.0,6,894.4
run_1789775881,rnd_task_009,robot_2,North,North,0.75,0,1,0.46,4,1,0.03,0.02,7,42,0.084,71,407.82,403.82,500.0,7,760.2
run_1789775881,rnd_task_010,robot_3,North,South,6.0,0,2,0.46,4,2,0.01,0.0,7,37,0.073,60,386.3,382.3,500.0,7,736.9
run_1789775881,rnd_task_011,robot_1,North,Central,82.16,4,2,0.46,4,2,0.03,0.0,6,30,0.088,60,218.9,214.9,500.0,4,500.6
run_1789775881,rnd_task_013,robot_4,North,North,16.78,2,0,0.46,4,1,0.02,0.39,6,31,0.076,11,433.72,429.72,500.0,6,576.94
run_1789775881,rnd_task_014,robot_1,North,Central,76.18,4,2,0.46,4,2,0.01,0.0,6,34,0.094,17,194.96,190.96,500.0,6,511.6
run_1789775881,rnd_task_015,robot_2,South,Central,61.4,2,1,0.46,4,2,0.01,0.0,12,83,0.123,38,646.22,642.22,500.0,7,1039.4
run_1789775881,rnd_task_016,robot_3,North,North,5.77,1,0,0.46,4,1,0.05,0.06,7,47,0.12,25,355.48,351.48,500.0,5,615.8
run_1789775881,rnd_task_017,robot_4,North,South,6.0,0,2,0.46,4,2,0.01,0.0,7,60,0.143,23,368.8,364.8,500.0,6,642.8
run_1789775881,rnd_task_018,robot_1,South,North,58.33,4,2,0.46,4,2,0.0,0.18,5,20,0.057,21,256.12,252.12,500.0,4,457.0
run_1789775881,rnd_task_019,robot_3,North,North,21.89,2,0,0.46,4,1,0.0,0.18,5,37,0.125,13,270.9,266.9,500.0,4,416.4
run_1789775881,rnd_task_021,robot_2,Central,North,0.51,0,2,0.46,4,2,0.0,0.18,8,38,0.067,13,284.32,280.32,500.0,3,834.4
run_1789775881,rnd_task_023,robot_3,Central,North,62.65,4,2,0.46,4,2,0.01,0.3,6,30,0.091,13,259.26,255.26,500.0,1,483.2
run_1789776962,rnd_task_001,robot_1,North,North,6.0,0,1,0.46,4,1,0.02,0.0,7,45,0.083,56,527.98,523.98,500.0,6,815.8
run_1789776962,rnd_task_002,robot_4,Central,Central,0.99,0,1,0.46,4,1,0.11,0.0,3,22,0.076,52,253.5,249.5,500.0,3,445.2
run_1789776962,rnd_task_003,robot_3,North,Central,51.35,2,1,0.46,4,2,0.1,0.12,4,28,0.084,39,322.58,318.58,500.0,5,525.4
run_1789776962,rnd_task_004,robot_2,South,Central,75.55,4,2,0.46,4,2,0.07,0.0,4,27,0.083,39,243.62,239.62,500.0,4,432.6
run_1789776962,rnd_task_005,robot_4,South,Central,79.61,4,2,0.46,4,2,0.01,0.46,7,42,0.116,1,221.26,217.26,500.0,6,552.62
run_1789776962,rnd_task_006,robot_2,North,Central,18.33,2,0,0.46,4,2,0.0,0.18,9,42,0.112,0,269.5,265.5,500.0,6,570.2
run_1789776962,rnd_task_007,robot_3,South,North,62.9,4,2,0.46,4,2,0.0,0.18,7,59,0.119,9,340.38,336.38,500.0,6,723.64
run_1789776962,rnd_task_008,robot_1,South,North,80.86,4,2,0.46,4,2,0.0,0.18,8,49,0.134,18,259.26,255.26,500.0,6,580.0
run_1789776962,rnd_task_009,robot_4,Central,North,75.79,4,2,0.46,4,2,0.0,0.0,7,30,0.122,18,197.72,193.72,500.0,5,360.4
run_1789776962,rnd_task_010,robot_2,North,Central,85.75,4,2,0.46,4,2,0.02,0.0,6,26,0.099,18,145.16,141.16,500.0,6,382.38
run_1789776962,rnd_task_011,robot_3,North,North,27.9,2,1,0.46,4,1,0.03,0.11,3,14,0.04,41,172.12,168.12,500.0,6,455.28
run_1789776962,rnd_task_012,robot_1,South,North,0.67,0,2,0.46,4,2,0.02,0.06,7,48,0.082,50,658.38,654.38,500.0,8,878.4
run_1789776962,rnd_task_013,robot_4,North,North,5.37,2,0,0.46,4,1,0.08,0.38,5,29,0.09,36,189.7,185.7,500.0,5,446.74
run_1789776962,rnd_task_014,robot_2,Central,North,48.26,2,1,0.46,4,2,0.11,0.16,5,30,0.099,36,239.78,235.78,500.0,5,484.0
run_1789776962,rnd_task_015,robot_3,North,South,0.85,0,2,0.46,4,2,0.05,0.19,6,39,0.133,18,349.96,345.96,500.0,5,466.6
run_1789776962,rnd_task_016,robot_4,Central,South,36.18,2,0,0.46,4,2,0.0,0.18,7,32,0.079,15,238.66,234.66,500.0,6,584.8
run_1789776962,rnd_task_017,robot_2,Central,Central,52.62,2,1,0.46,4,1,0.03,0.0,6,36,0.088,32,260.12,256.12,500.0,6,612.4
run_1789776962,rnd_task_018,robot_3,Central,South,88.55,4,2,0.46,4,2,0.03,0.12,8,37,0.098,25,282.1,278.1,500.0,5,570.52
run_1789776962,rnd_task_019,robot_1,South,North,52.46,4,2,0.46,4,2,0.02,0.1,11,60,0.099,39,639.34,635.34,500.0,4,931.4
run_1789776962,rnd_task_020,robot_4,Central,North,84.71,4,2,0.46,4,2,0.05,0.0,5,30,0.075,38,358.78,354.78,500.0,3,615.8
run_1789782563,rnd_task_001,robot_4,Central,North,0.67,0,2,0.46,4,2,0.02,0.0,4,22,0.06,53,379.96,375.96,500.0,3,501.6
run_1789782563,rnd_task_002,robot_1,North,South,6.0,0,2,0.46,4,2,0.02,0.0,7,46,0.082,59,529.98,525.98,500.0,5,801.6
run_1789782563,rnd_task_003,robot_2,North,North,32.7,2,1,0.46,4,1,0.02,0.02,7,46,0.093,46,536.78,532.78,500.0,6,798.2
run_1789782563,rnd_task_004,robot_3,Central,North,61.65,2,1,0.46,4,2,0.02,0.02,8,53,0.086,54,485.44,481.44,500.0,7,950.6
run_1789782563,rnd_task_005,robot_4,North,North,7.84,2,0,0.46,4,1,0.0,0.18,2,8,0.05,0,28.0,24.0,500.0,3,160.6
run_1789782563,rnd_task_006,robot_4,South,North,55.65,4,2,0.46,4,2,0.06,0.17,6,48,0.082,44,646.06,642.06,500.0,6,877.2
run_1789782563,rnd_task_007,robot_1,North,South,79.48,4,2,0.46,4,2,0.04,0.0,9,60,0.084,127,580.86,576.86,500.0,8,1098.84
run_1789782563,rnd_task_008,robot_2,South,South,6.72,2,0,0.46,4,1,0.01,0.0,7,42,0.078,53,424.04,420.04,500.0,5,794.8
run_1789782563,rnd_task_009,robot_3,Central,South,43.71,2,1,0.46,4,2,0.03,0.2,5,35,0.08,48,314.92,310.92,500.0,5,673.6
run_1789782563,rnd_task_010,robot_4,Central,Central,60.49,2,1,0.46,4,1,0.06,0.32,7,45,0.121,92,309.62,305.62,500.0,6,597.2
run_1789782563,rnd_task_011,robot_2,North,South,89.91,4,2,0.46,4,2,0.03,0.18,12,84,0.098,172,739.44,735.44,500.0,9,1311.9
run_1789782563,rnd_task_012,robot_3,South,South,37.93,2,1,0.46,4,1,0.03,0.11,6,35,0.097,70,120.82,116.82,500.0,4,473.6
run_1789782563,rnd_task_013,robot_1,South,South,40.78,2,1,0.46,4,1,0.0,0.18,7,35,0.1,2,65.8,61.8,500.0,5,499.2
run_1789782563,rnd_task_014,robot_3,South,Central,61.16,2,1,0.46,4,2,0.04,0.06,7,32,0.068,84,197.94,193.94,500.0,4,672.2
run_1789782563,rnd_task_015,robot_4,Central,South,55.29,2,1,0.46,4,2,0.0,0.0,11,72,0.115,98,383.18,379.18,500.0,6,935.4
run_1789782563,rnd_task_016,robot_1,Central,South,81.12,4,2,0.46,4,2,0.09,0.18,7,53,0.119,98,467.58,463.58,500.0,5,704.72
run_1789782563,rnd_task_018,robot_3,Central,North,44.37,2,1,0.46,4,2,0.0,0.18,6,53,0.17,14,256.34,252.34,500.0,5,470.88
run_1789782563,rnd_task_019,robot_2,Central,North,80.5,4,2,0.46,4,2,0.0,0.18,6,36,0.153,0,150.94,146.94,500.0,3,340.42
run_1789782563,rnd_task_022,robot_2,North,North,16.95,2,0,0.46,4,1,0.12,0.04,2,13,0.041,59,165.4,161.4,500.0,2,387.4
run_1789782563,rnd_task_023,robot_3,North,North,8.36,2,0,0.46,4,1,0.0,0.18,1,2,0.011,12,82.38,78.38,500.0,1,188.2
run_1789777839,rnd_task_001,robot_4,Central,South,0.85,0,2,0.46,4,2,0.02,0.02,5,35,0.076,148,316.28,312.28,500.0,4,685.94
run_1789777839,rnd_task_002,robot_1,South,Central,0.85,0,2,0.46,4,2,0.05,0.02,3,22,0.063,129,198.7,194.7,500.0,3,412.8
run_1789777839,rnd_task_003,robot_3,North,South,6.0,1,2,0.46,4,2,0.17,0.08,8,59,0.087,154,678.3,674.3,500.0,6,1053.1
run_1789777839,rnd_task_004,robot_2,Central,South,81.66,4,2,0.46,4,2,0.21,0.06,6,40,0.085,138,476.78,472.78,500.0,5,751.4
run_1789777839,rnd_task_005,robot_1,Central,South,0.85,0,2,0.46,4,2,0.02,0.0,6,48,0.082,25,511.54,507.54,500.0,6,824.6
run_1789777839,rnd_task_006,robot_4,South,North,59.99,4,2,0.46,4,2,0.0,0.18,5,42,0.093,3,391.5,387.5,500.0,6,684.6
run_1789777839,rnd_task_007,robot_2,North,North,13.43,2,0,0.46,4,1,0.0,0.18,5,31,0.085,2,475.82,471.82,500.0,5,561.82
run_1789777839,rnd_task_008,robot_3,North,South,79.23,4,2,0.46,4,2,0.19,0.07,6,60,0.101,73,572.42,568.42,500.0,6,914.06
run_1789777839,rnd_task_009,robot_1,Central,Central,113.88,4,2,0.46,4,1,0.01,0.0,7,54,0.094,85,350.24,346.24,500.0,6,872.4
run_1789777839,rnd_task_010,robot_2,South,South,18.56,2,0,0.46,4,1,0.02,0.46,7,54,0.103,85,513.74,509.74,500.0,5,798.22
run_1789777839,rnd_task_011,robot_4,South,Central,85.35,4,2,0.46,4,2,0.2,0.1,9,60,0.099,96,505.9,501.9,500.0,6,866.0
run_1789777839,rnd_task_013,robot_3,North,South,88.12,4,2,0.46,4,2,0.07,0.08,12,77,0.1,69,683.4,679.4,500.0,9,1197.2
run_1789777839,rnd_task_014,robot_1,North,North,11.19,2,0,0.46,4,1,0.0,0.0,7,47,0.12,43,284.5,280.5,500.0,5,584.2
run_1789777839,rnd_task_015,robot_2,North,South,54.38,4,2,0.46,4,2,0.05,0.0,8,53,0.095,69,632.84,628.84,500.0,5,839.38
run_1789777839,rnd_task_016,robot_4,South,Central,73.52,4,2,0.46,4,2,0.14,0.06,7,48,0.086,58,474.4,470.4,500.0,5,811.0
run_1789777839,rnd_task_017,robot_1,Central,South,93.99,4,2,0.46,4,2,0.02,0.0,6,41,0.085,58,314.14,310.14,500.0,6,662.14
run_1789777839,rnd_task_018,robot_2,Central,North,0.49,0,2,0.46,4,2,0.04,0.23,9,54,0.1,106,427.2,423.2,500.0,6,842.6
run_1789777839,rnd_task_019,robot_4,Central,South,60.37,4,2,0.46,4,2,0.04,0.46,5,33,0.145,32,227.54,223.54,500.0,5,330.6
run_1789777839,rnd_task_020,robot_3,South,South,0.67,0,1,0.46,4,1,0.02,0.0,7,42,0.096,106,187.46,183.46,500.0,4,648.8
run_1789777839,rnd_task_021,robot_1,Central,North,102.38,4,2,0.46,4,2,0.13,0.26,8,43,0.076,100,289.72,285.72,500.0,3,844.0
run_1789780539,rnd_task_001,robot_4,North,North,0.49,0,1,0.46,4,1,0.1,0.01,5,28,0.058,322,467.16,463.16,500.0,3,760.0
run_1789780539,rnd_task_002,robot_3,South,North,59.63,4,2,0.46,4,2,0.33,0.03,9,66,0.062,682,1594.2,1590.2,500.0,7,1714.6
run_1789780539,rnd_task_003,robot_2,North,Central,62.65,4,2,0.46,4,2,0.2,0.01,5,28,0.05,341,521.2,517.2,500.0,4,804.2
run_1789780539,rnd_task_004,robot_1,North,South,73.12,4,2,0.46,4,2,0.21,0.04,11,83,0.061,714,1794.72,1790.72,500.0,10,2114.26
run_1789780539,rnd_task_005,robot_4,Central,Central,69.31,2,1,0.46,4,1,0.03,0.46,4,25,0.051,244,309.44,305.44,500.0,5,667.4
run_1789780539,rnd_task_006,robot_2,Central,Central,65.23,2,1,0.46,4,1,0.03,0.0,4,19,0.047,190,153.88,149.88,500.0,3,506.2
run_1789780539,rnd_task_007,robot_2,North,Central,34.25,2,1,0.46,4,2,0.0,0.0,4,24,0.059,168,283.76,279.76,500.0,6,578.8
run_1789780539,rnd_task_008,robot_4,North,North,29.18,2,0,0.46,4,1,0.0,0.18,2,13,0.053,106,168.46,164.46,500.0,4,300.6
run_1789780539,rnd_task_009,robot_3,North,Central,95.78,4,2,0.46,4,2,0.0,0.0,4,29,0.078,39,229.16,225.16,500.0,6,541.4
run_1789780539,rnd_task_010,robot_4,South,Central,29.01,2,0,0.46,4,2,0.04,0.0,6,46,0.099,64,319.08,315.08,500.0,6,710.0
run_1789780539,rnd_task_013,robot_2,North,South,59.97,4,2,0.46,4,2,0.0,0.27,5,41,0.111,40,386.84,382.84,500.0,6,561.08
run_1789780539,rnd_task_014,robot_1,North,Central,65.44,4,2,0.46,4,2,0.04,0.11,6,45,0.099,50,437.12,433.12,500.0,6,744.8
run_1789780539,rnd_task_015,robot_3,South,South,11.19,2,0,0.46,4,1,0.07,0.2,5,47,0.098,53,395.7,391.7,500.0,6,676.8
run_1789780539,rnd_task_016,robot_4,South,Central,103.68,4,2,0.46,4,2,0.0,0.44,6,43,0.077,82,412.14,408.14,500.0,8,832.8
run_1789780539,rnd_task_017,robot_2,North,North,22.28,2,1,0.46,4,1,0.03,0.0,4,37,0.087,26,294.16,290.16,500.0,6,642.4
run_1789780539,rnd_task_018,robot_1,South,Central,31.86,2,0,0.46,4,2,0.0,0.18,3,17,0.133,2,134.82,130.82,500.0,4,196.0
run_1789780539,rnd_task_019,robot_3,Central,North,44.93,2,1,0.46,4,2,0.05,0.07,8,43,0.084,73,390.72,386.72,500.0,6,782.8
run_1789780539,rnd_task_020,robot_1,North,North,39.29,2,1,0.46,4,1,0.08,0.07,7,41,0.084,71,368.36,364.36,500.0,5,716.8
run_1789780539,rnd_task_021,robot_2,Central,North,44.71,2,1,0.46,4,2,0.03,0.17,7,41,0.082,68,343.3,339.3,500.0,4,782.4
run_1789780539,rnd_task_022,robot_4,Central,South,94.79,4,2,0.46,4,2,0.0,0.18,6,35,0.092,15,241.66,237.66,500.0,3,542.2
run_1789705560,rnd_task_001,robot_1,South,South,0.85,0,0,0.46,4,1,0.05,0.04,3,28,0.078,78,244.52,240.52,500.0,3,461.8
run_1789705560,rnd_task_002,robot_2,North,North,35.25,2,1,0.46,4,1,0.09,0.13,7,53,0.101,86,543.56,539.56,500.0,6,831.64
run_1789705560,rnd_task_003,robot_3,South,North,85.6,4,2,0.46,4,2,0.29,0.05,5,41,0.09,82,422.96,418.96,500.0,4,685.5
run_1789705560,rnd_task_004,robot_4,North,North,30.2,2,1,0.46,4,1,0.23,0.05,5,41,0.094,77,466.12,462.12,500.0,5,684.4
run_1789705560,rnd_task_005,robot_1,North,South,50.67,4,2,0.46,4,2,0.02,0.18,8,42,0.081,32,499.24,495.24,500.0,6,764.44
run_1789705560,rnd_task_006,robot_3,North,South,65.89,4,2,0.46,4,2,0.04,0.12,6,36,0.09,34,392.72,388.72,500.0,6,625.2
run_1789705560,rnd_task_007,robot_4,South,North,1.01,0,2,0.46,4,2,0.04,0.0,10,49,0.078,85,668.9,664.9,500.0,7,947.4
run_1789705560,rnd_task_008,robot_2,North,South,0.99,0,2,0.46,4,2,0.04,0.02,7,35,0.071,82,384.5,380.5,500.0,5,732.2
run_1789705560,rnd_task_009,robot_1,North,Central,64.69,4,2,0.46,4,2,0.12,0.06,7,36,0.085,76,405.62,401.62,500.0,6,611.6
run_1789705560,rnd_task_010,robot_3,Central,North,100.1,4,2,0.46,4,2,0.05,0.21,7,42,0.079,63,353.36,349.36,500.0,6,787.0
run_1789705560,rnd_task_011,robot_2,South,North,73.22,4,2,0.46,4,2,0.0,0.18,7,38,0.079,38,317.78,313.78,500.0,7,730.2
run_1789705560,rnd_task_012,robot_4,Central,North,0.97,0,2,0.46,4,2,0.05,0.19,6,31,0.084,38,358.44,354.44,500.0,5,570.2
run_1789705560,rnd_task_013,robot_1,North,South,6.13,1,2,0.46,4,2,0.06,0.16,7,36,0.078,44,466.42,462.42,500.0,6,667.6
run_1789705560,rnd_task_014,robot_3,North,North,6.0,0,1,0.46,4,1,0.02,0.0,7,46,0.104,72,306.18,302.18,500.0,6,655.0
run_1789705560,rnd_task_015,robot_4,South,North,82.81,4,2,0.46,4,2,0.07,0.2,11,93,0.106,122,905.8,901.8,500.0,8,1319.34
run_1789705560,rnd_task_016,robot_2,North,South,59.88,4,2,0.46,4,2,0.0,0.11,6,39,0.124,55,314.94,310.94,500.0,4,467.0
run_1789705560,rnd_task_017,robot_1,South,North,97.33,4,2,0.46,4,2,0.02,0.0,8,70,0.108,101,572.94,568.94,500.0,6,999.68
run_1789705560,rnd_task_018,robot_3,Central,South,0.67,0,2,0.46,4,2,0.09,0.05,5,31,0.069,66,319.26,315.26,500.0,3,634.54
run_1789705560,rnd_task_019,robot_2,Central,Central,6.0,0,0,0.46,4,1,0.06,0.04,7,36,0.08,67,293.08,289.08,500.0,3,646.6
run_1789705560,rnd_task_020,robot_3,South,South,22.15,2,0,0.46,4,1,0.0,0.18,7,36,0.176,0,65.6,61.6,500.0,2,295.88
run_1789706639,rnd_task_001,robot_4,North,North,22.26,2,1,0.46,4,1,0.09,0.06,4,23,0.067,119,352.6,348.6,500.0,4,536.6
run_1789706639,rnd_task_002,robot_3,South,North,52.36,4,2,0.46,4,2,0.16,0.02,6,35,0.072,122,402.58,398.58,500.0,6,717.6
run_1789706639,rnd_task_003,robot_1,Central,Central,42.28,2,0,0.46,4,1,0.1,0.06,4,21,0.071,101,249.9,245.9,500.0,3,392.0
run_1789706639,rnd_task_004,robot_2,Central,South,6.03,1,2,0.46,4,2,0.13,0.09,5,28,0.071,114,458.76,454.76,500.0,5,615.6
run_1789706639,rnd_task_005,robot_1,North,Central,81.91,4,2,0.46,4,2,0.04,0.02,8,49,0.068,129,652.04,648.04,500.0,8,1109.6
run_1789706639,rnd_task_006,robot_4,North,North,35.25,2,1,0.46,4,1,0.01,0.16,5,35,0.082,88,305.02,301.02,500.0,5,632.32
run_1789706639,rnd_task_007,robot_2,North,South,68.9,4,2,0.46,4,2,0.07,0.04,6,36,0.064,110,677.54,673.54,500.0,6,869.0
run_1789706639,rnd_task_008,robot_3,North,North,29.54,2,1,0.46,4,1,0.06,0.0,3,24,0.072,85,198.44,194.44,500.0,4,447.1
run_1789706639,rnd_task_009,robot_4,North,South,66.1,4,2,0.46,4,2,0.19,0.03,7,42,0.072,115,685.82,681.82,500.0,6,889.4
run_1789706639,rnd_task_010,robot_3,South,North,48.14,4,2,0.46,4,2,0.21,0.04,5,30,0.053,115,583.56,579.56,500.0,5,796.2
run_1789706639,rnd_task_011,robot_1,South,North,66.86,4,2,0.46,4,2,0.02,0.0,6,37,0.09,92,364.22,360.22,500.0,3,644.8
run_1789706639,rnd_task_012,robot_2,Central,South,5.77,1,2,0.46,4,2,0.13,0.03,4,36,0.08,92,397.28,393.28,500.0,3,646.36
run_1789758906,rnd_task_001,robot_1,South,South,24.94,2,0,0.46,4,1,0.03,0.0,3,22,0.154,4,97.82,93.82,500.0,3,194.9
run_1789758906,rnd_task_002,robot_2,North,North,0.79,0,1,0.46,4,1,0.04,0.0,7,46,0.21,5,213.1,209.1,500.0,4,343.64
run_1789758906,rnd_task_003,robot_3,South,North,85.6,4,2,0.46,4,2,0.13,0.07,5,30,0.155,3,165.78,161.78,500.0,4,284.56
run_1789758906,rnd_task_004,robot_4,North,North,30.2,2,1,0.46,4,1,0.13,0.04,5,30,0.169,3,178.98,174.98,500.0,4,272.74
run_1789758906,rnd_task_005,robot_1,North,South,50.67,4,2,0.46,4,2,0.07,0.09,7,37,0.165,5,212.98,208.98,500.0,3,327.3
run_1789906156,rnd_task_001,robot_1,South,South,5.89,1,0,0.46,4,1,0.07,0.06,3,29,0.046,221,612.46,608.46,500.0,3,914.4
run_1789906156,rnd_task_002,robot_2,North,North,6.0,0,1,0.46,4,1,0.08,0.01,5,40,0.051,230,885.64,881.64,500.0,4,1217.2
run_1789906156,rnd_task_003,robot_3,South,North,6.0,0,2,0.46,4,2,0.16,0.0,5,40,0.051,176,817.02,813.02,500.0,4,1105.7
run_1789906156,rnd_task_004,robot_4,North,North,0.75,0,1,0.46,4,1,0.11,0.05,5,36,0.042,165,1085.18,1081.18,500.0,6,1320.2
run_1789906156,rnd_task_005,robot_1,North,South,6.0,0,2,0.46,4,2,0.09,0.09,7,40,0.041,187,958.24,954.24,500.0,6,1397.72
run_1789906156,rnd_task_006,robot_2,North,South,6.03,0,2,0.46,4,2,0.04,0.13,6,28,0.043,178,846.76,842.76,500.0,4,1015.82
run_1789906156,rnd_task_007,robot_3,South,North,6.0,1,2,0.46,4,2,0.08,0.03,7,40,0.035,187,1231.9,1227.9,500.0,7,1691.0
run_1789906156,rnd_task_008,robot_4,North,South,6.0,0,2,0.46,4,2,0.04,0.13,8,40,0.04,187,1143.16,1139.16,500.0,4,1518.0
run_1789906156,rnd_task_013,robot_2,North,South,6.02,1,2,0.46,4,2,0.0,0.18,7,31,0.039,9,931.16,927.16,500.0,5,1116.76
run_1789906156,rnd_task_014,robot_1,North,North,6.0,0,1,0.46,4,1,0.02,0.01,8,44,0.048,37,936.08,932.08,500.0,6,1372.4
run_1789906156,rnd_task_015,robot_4,South,North,6.0,1,2,0.46,4,2,0.0,0.18,11,72,0.061,38,1216.02,1212.02,500.0,7,1778.18
run_1789906156,rnd_task_016,robot_3,North,South,6.0,0,2,0.46,4,2,0.0,0.18,7,31,0.059,24,648.04,644.04,500.0,4,786.2
run_1789906156,rnd_task_017,robot_2,South,North,6.0,0,2,0.46,4,2,0.05,0.03,9,67,0.065,85,1171.4,1167.4,500.0,5,1599.4
run_1789906156,rnd_task_021,robot_3,South,Central,6.0,1,2,0.46,4,2,0.01,0.0,7,52,0.073,34,637.84,633.84,500.0,4,1061.8
run_1789906156,rnd_task_022,robot_1,North,South,6.01,1,2,0.46,4,2,0.04,0.0,6,48,0.052,66,911.34,907.34,500.0,4,1301.6
run_1789906156,rnd_task_026,robot_2,Central,North,77.57,4,2,0.46,4,2,0.0,0.18,4,22,0.041,0,581.9,577.9,500.0,1,777.84
run_1789793787,rnd_task_001,robot_1,South,South,24.94,2,0,0.46,4,1,0.04,0.0,3,28,0.069,94,267.1,263.1,500.0,2,525.4
run_1789793787,rnd_task_003,robot_3,South,North,0.99,0,2,0.46,4,2,0.05,0.13,5,41,0.085,103,438.84,434.84,500.0,2,729.0
run_1789793787,rnd_task_004,robot_4,North,North,30.2,2,1,0.46,4,1,0.05,0.11,5,41,0.087,99,498.76,494.76,500.0,2,737.4
run_1789806904,rnd_task_001,robot_1,South,South,24.94,2,0,0.46,4,1,0.04,0.01,2,23,0.056,94,241.34,237.34,500.0,3,498.6
run_1789806904,rnd_task_002,robot_2,North,North,35.25,2,1,0.46,4,1,0.04,0.11,7,54,0.095,112,555.18,551.18,500.0,6,904.8
run_1789806904,rnd_task_003,robot_3,South,North,0.49,0,2,0.46,4,2,0.2,0.0,5,41,0.084,82,442.54,438.54,500.0,4,742.42
run_1789806904,rnd_task_004,robot_4,North,North,30.2,2,1,0.46,4,1,0.16,0.07,5,41,0.085,65,516.46,512.46,500.0,5,750.0
run_1789806904,rnd_task_005,robot_1,North,South,50.67,4,2,0.46,4,2,0.07,0.17,8,42,0.079,87,517.84,513.84,500.0,6,782.0
run_1789806904,rnd_task_006,robot_3,North,South,65.89,4,2,0.46,4,2,0.19,0.11,6,36,0.087,115,397.7,393.7,500.0,6,644.0
run_1789806904,rnd_task_007,robot_4,South,North,66.35,4,2,0.46,4,2,0.04,0.02,10,53,0.082,166,680.36,676.36,500.0,7,971.0
run_1789806904,rnd_task_008,robot_2,North,South,6.0,0,2,0.46,4,2,0.15,0.16,6,34,0.065,143,392.66,388.66,500.0,5,763.4
run_1789806904,rnd_task_009,robot_1,North,Central,64.69,4,2,0.46,4,2,0.05,0.06,6,31,0.071,81,417.9,413.9,500.0,6,623.34
run_1789806904,rnd_task_010,robot_3,Central,North,100.1,4,2,0.46,4,2,0.11,0.18,7,42,0.082,66,316.88,312.88,500.0,6,754.0
run_1789806904,rnd_task_011,robot_2,South,North,73.22,4,2,0.46,4,2,0.0,0.18,8,43,0.086,41,334.46,330.46,500.0,7,764.6
run_1789806904,rnd_task_012,robot_4,Central,North,0.97,0,2,0.46,4,2,0.0,0.23,7,32,0.086,41,366.24,362.24,500.0,5,580.6
run_1789806904,rnd_task_013,robot_1,North,South,43.19,4,2,0.46,4,2,0.04,0.19,6,36,0.075,55,483.8,479.8,500.0,6,695.28
run_1789806904,rnd_task_014,robot_3,North,North,6.0,0,1,0.46,4,1,0.02,0.0,6,35,0.074,53,309.88,305.88,500.0,6,672.54
run_1789806904,rnd_task_015,robot_4,South,North,82.81,4,2,0.46,4,2,0.04,0.37,11,82,0.102,137,814.32,810.32,500.0,7,1234.2
run_1789806904,rnd_task_016,robot_2,North,South,59.88,4,2,0.46,4,2,0.11,0.19,7,41,0.097,99,487.84,483.84,500.0,5,638.2
run_1789806904,rnd_task_017,robot_1,South,North,0.49,0,2,0.46,4,2,0.1,0.0,6,37,0.066,112,380.92,376.92,500.0,5,820.2
run_1789806904,rnd_task_018,robot_3,Central,South,57.08,2,1,0.46,4,2,0.0,0.23,5,30,0.067,82,300.86,296.86,500.0,4,626.0
run_1789806904,rnd_task_019,robot_2,Central,Central,78.22,4,2,0.46,4,1,0.0,0.46,5,36,0.099,38,169.42,165.42,500.0,3,523.2
run_1789806904,rnd_task_023,robot_2,South,South,32.98,2,1,0.46,4,1,0.12,0.0,6,47,0.132,90,259.3,255.3,500.0,0,500.58
run_1789808034,rnd_task_001,robot_4,North,North,22.26,2,1,0.46,4,1,0.1,0.11,4,35,0.097,141,343.1,339.1,500.0,4,538.6
run_1789808034,rnd_task_002,robot_3,South,North,0.67,0,2,0.46,4,2,0.1,0.04,6,47,0.092,151,418.08,414.08,500.0,6,742.8
run_1789808034,rnd_task_003,robot_1,Central,Central,42.28,2,0,0.46,4,1,0.14,0.01,4,27,0.098,117,240.54,236.54,500.0,3,388.4
run_1789808034,rnd_task_004,robot_2,Central,South,69.97,4,2,0.46,4,2,0.07,0.05,5,40,0.104,129,452.08,448.08,500.0,5,614.0
run_1789808034,rnd_task_005,robot_1,North,Central,81.91,4,2,0.46,4,2,0.06,0.0,8,54,0.075,142,660.46,656.46,500.0,8,1119.8
run_1789808034,rnd_task_006,robot_4,North,North,35.25,2,1,0.46,4,1,0.03,0.11,5,35,0.079,104,319.28,315.28,500.0,5,656.0
run_1789808034,rnd_task_007,robot_2,North,South,0.67,0,2,0.46,4,2,0.08,0.04,7,42,0.073,124,695.26,691.26,500.0,7,900.4
run_1789808034,rnd_task_008,robot_3,North,North,6.03,1,1,0.46,4,1,0.08,0.0,3,24,0.072,94,208.86,204.86,500.0,3,444.72
run_1789808034,rnd_task_009,robot_4,North,South,66.1,4,2,0.46,4,2,0.07,0.05,6,41,0.071,118,652.2,648.2,500.0,5,873.6
run_1789808034,rnd_task_010,robot_3,South,North,0.67,0,2,0.46,4,2,0.05,0.17,5,41,0.07,118,617.44,613.44,500.0,5,858.4
run_1789808034,rnd_task_011,robot_1,South,North,66.86,4,2,0.46,4,2,0.06,0.0,6,37,0.089,91,360.98,356.98,500.0,7,648.6
run_1789808034,rnd_task_012,robot_2,Central,South,74.38,4,2,0.46,4,2,0.06,0.01,5,37,0.09,91,363.38,359.38,500.0,5,601.64
run_1789808034,rnd_task_013,robot_3,North,North,21.6,2,0,0.46,4,1,0.02,0.08,7,36,0.082,17,408.44,404.44,500.0,5,635.6
run_1789808034,rnd_task_014,robot_4,South,North,79.73,4,2,0.46,4,2,0.0,0.18,11,60,0.097,17,455.94,451.94,500.0,8,947.2
run_1789808034,rnd_task_015,robot_2,Central,North,0.85,0,2,0.46,4,2,0.01,0.0,6,36,0.079,17,339.6,335.6,500.0,5,656.42
run_1789808034,rnd_task_016,robot_1,South,South,47.38,2,1,0.46,4,1,0.0,0.18,10,52,0.099,17,378.68,374.68,500.0,5,807.2
run_1789808034,rnd_task_017,robot_3,North,North,8.95,2,0,0.46,4,1,0.0,0.18,7,36,0.111,0,170.76,166.76,500.0,6,470.18
run_1789808034,rnd_task_018,robot_2,Central,South,73.25,4,2,0.46,4,2,0.0,0.18,5,29,0.13,0,216.6,212.6,500.0,5,338.4
run_1789808034,rnd_task_019,robot_1,North,North,37.05,2,1,0.46,4,1,0.08,0.19,6,38,0.095,53,375.86,371.86,500.0,4,631.8
run_1789808034,rnd_task_020,robot_4,Central,Central,98.97,4,2,0.46,4,1,0.0,0.18,4,25,0.078,11,177.08,173.08,500.0,3,433.2
run_1789811105,rnd_task_001,robot_1,North,North,50.97,2,1,0.46,4,1,0.01,0.0,4,28,0.048,156,538.44,534.44,500.0,4,831.18
run_1789811105,rnd_task_002,robot_4,Central,Central,0.99,0,1,0.46,4,1,0.38,0.04,6,40,0.063,226,810.3,806.3,500.0,6,1014.0
run_1789811105,rnd_task_003,robot_3,North,Central,51.35,2,1,0.46,4,2,0.31,0.04,3,23,0.051,135,473.4,469.4,500.0,3,706.4
run_1789811105,rnd_task_004,robot_2,South,Central,75.55,4,2,0.46,4,2,0.47,0.03,5,34,0.054,188,621.86,617.86,500.0,5,891.4
run_1789811105,rnd_task_005,robot_3,South,Central,79.61,4,2,0.46,4,2,0.17,0.14,6,36,0.082,102,312.54,308.54,500.0,7,654.6
run_1789811105,rnd_task_006,robot_1,North,Central,18.33,2,0,0.46,4,2,0.0,0.18,6,30,0.085,83,197.52,193.52,500.0,5,492.2
run_1789811105,rnd_task_007,robot_2,South,North,62.9,4,2,0.46,4,2,0.07,0.14,8,36,0.084,51,327.14,323.14,500.0,6,640.8
run_1789811105,rnd_task_008,robot_4,South,North,80.86,4,2,0.46,4,2,0.0,0.18,6,30,0.083,14,202.08,198.08,500.0,6,557.0
run_1789811105,rnd_task_009,robot_1,Central,North,75.79,4,2,0.46,4,2,0.01,0.29,6,30,0.091,26,238.86,234.86,500.0,6,506.8
run_1789811105,rnd_task_010,robot_3,North,Central,0.97,0,2,0.46,4,2,0.03,0.04,6,29,0.084,26,229.3,225.3,500.0,6,526.8
run_1789811105,rnd_task_011,robot_2,North,North,27.9,2,1,0.46,4,1,0.0,0.18,4,20,0.061,26,168.98,164.98,500.0,6,457.84
run_1789811105,rnd_task_012,robot_4,South,North,54.59,4,2,0.46,4,2,0.03,0.19,8,55,0.084,98,784.5,780.5,500.0,9,999.48
run_1789811105,rnd_task_013,robot_1,North,North,5.37,2,0,0.46,4,1,0.06,0.0,3,19,0.055,44,171.82,167.82,500.0,5,433.94
run_1789811105,rnd_task_014,robot_3,Central,North,48.26,2,1,0.46,4,2,0.02,0.41,5,25,0.078,65,261.74,257.74,500.0,5,515.0
run_1789811105,rnd_task_015,robot_2,North,South,54.18,4,2,0.46,4,2,0.06,0.0,5,23,0.078,72,357.34,353.34,500.0,5,462.2
run_1789811105,rnd_task_016,robot_1,Central,South,36.18,2,0,0.46,4,2,0.03,0.09,7,40,0.098,56,241.24,237.24,500.0,6,591.6
run_1789811105,rnd_task_017,robot_3,Central,Central,52.62,2,1,0.46,4,1,0.03,0.0,6,34,0.087,50,237.96,233.96,500.0,6,599.0
run_1789811105,rnd_task_018,robot_2,Central,South,88.55,4,2,0.46,4,2,0.06,0.24,8,49,0.12,48,340.62,336.62,500.0,5,632.0
run_1789811105,rnd_task_019,robot_4,South,North,52.46,4,2,0.46,4,2,0.02,0.37,10,65,0.098,67,695.36,691.36,500.0,4,980.62
run_1789811105,rnd_task_020,robot_1,Central,North,84.71,4,2,0.46,4,2,0.05,0.06,7,37,0.091,38,342.86,338.86,500.0,3,634.2
run_1789809940,rnd_task_001,robot_1,North,South,81.52,4,2,0.46,4,2,0.01,0.0,5,41,0.059,43,645.86,641.86,500.0,5,1052.2
run_1789809940,rnd_task_002,robot_4,North,South,95.29,4,2,0.46,4,2,0.04,0.0,6,46,0.065,60,687.64,683.64,500.0,6,1085.2
run_1789809940,rnd_task_003,robot_2,South,North,63.78,4,2,0.46,4,2,0.02,0.0,4,24,0.054,8,349.96,345.96,500.0,3,663.6
run_1789809940,rnd_task_004,robot_3,Central,South,6.01,0,2,0.46,4,2,0.0,0.0,4,35,0.059,17,421.26,417.26,500.0,4,820.2
run_1789809940,rnd_task_005,robot_2,South,South,14.75,2,0,0.46,4,1,0.09,0.09,5,40,0.088,107,416.48,412.48,500.0,6,683.36
run_1789809940,rnd_task_006,robot_3,South,North,70.84,4,2,0.46,4,2,0.04,0.05,8,52,0.077,124,705.24,701.24,500.0,7,1017.28
run_1789809940,rnd_task_007,robot_1,Central,North,30.81,2,0,0.46,4,2,0.0,0.0,4,27,0.066,79,396.2,392.2,500.0,5,664.6
run_1789809940,rnd_task_008,robot_4,North,South,49.38,4,2,0.46,4,2,0.02,0.02,7,53,0.089,88,575.36,571.36,500.0,6,899.8
run_1789809940,rnd_task_009,robot_2,North,North,34.52,2,1,0.46,4,1,0.02,0.08,7,50,0.098,51,399.5,395.5,500.0,6,754.68
run_1789809940,rnd_task_010,robot_1,North,South,6.0,0,2,0.46,4,2,0.07,0.0,9,70,0.15,49,320.74,316.74,500.0,7,707.6
run_1789809940,rnd_task_013,robot_3,North,North,16.78,2,0,0.46,4,1,0.05,0.17,6,32,0.106,29,216.02,212.02,500.0,5,398.0
run_1789809940,rnd_task_014,robot_4,North,Central,76.18,4,2,0.46,4,2,0.04,0.0,6,42,0.142,20,290.62,286.62,500.0,5,437.0
run_1789809940,rnd_task_015,robot_2,South,Central,61.4,2,1,0.46,4,2,0.04,0.3,10,88,0.137,65,615.62,611.62,500.0,8,1024.0
run_1789809940,rnd_task_016,robot_3,North,North,18.99,2,0,0.46,4,1,0.0,0.18,4,20,0.106,28,103.3,99.3,500.0,5,282.96
run_1789809940,rnd_task_017,robot_4,North,South,77.45,4,2,0.46,4,2,0.01,0.0,9,60,0.12,65,471.68,467.68,500.0,5,733.0
run_1789809940,rnd_task_018,robot_1,South,North,58.33,4,2,0.46,4,2,0.06,0.29,7,42,0.156,28,249.68,245.68,500.0,4,396.8
run_1789809940,rnd_task_019,robot_3,North,North,21.89,2,0,0.46,4,1,0.04,0.0,6,38,0.118,37,309.4,305.4,500.0,3,458.6
run_1789809940,rnd_task_021,robot_3,Central,North,98.31,4,2,0.46,4,2,0.0,0.18,7,41,0.088,12,270.4,266.4,500.0,3,706.2
run_1789809940,rnd_task_023,robot_2,Central,North,62.65,4,2,0.46,4,2,0.0,0.18,6,37,0.084,12,282.2,278.2,500.0,1,639.4
run_1789809940,rnd_task_025,robot_2,North,Central,30.48,2,0,0.46,4,2,0.03,0.0,1,6,0.015,12,183.8,179.8,500.0,0,398.0
run_1789809046,rnd_task_001,robot_1,North,North,29.43,2,1,0.46,4,1,0.02,0.0,5,41,0.115,27,413.88,409.88,500.0,4,555.52
run_1789809046,rnd_task_002,robot_4,North,South,0.49,0,2,0.46,4,2,0.01,0.0,8,71,0.101,34,639.54,635.54,500.0,8,1070.88
run_1789809046,rnd_task_003,robot_2,South,Central,79.61,4,2,0.46,4,2,0.2,0.0,4,27,0.083,23,253.08,249.08,500.0,3,433.4
run_1789809046,rnd_task_004,robot_3,North,South,60.51,4,2,0.46,4,2,0.1,0.1,7,53,0.105,19,621.9,617.9,500.0,6,780.0
run_1789809046,rnd_task_005,robot_2,Central,North,0.88,0,2,0.46,4,2,0.0,0.0,6,26,0.115,7,114.7,110.7,500.0,4,312.4
run_1789809046,rnd_task_006,robot_1,North,Central,34.8,2,1,0.46,4,2,0.0,0.18,4,18,0.071,7,208.2,204.2,500.0,5,339.4
run_1789809046,rnd_task_007,robot_2,South,Central,80.3,4,2,0.46,4,2,0.0,0.18,6,42,0.096,1,428.4,424.4,500.0,6,669.12
run_1789809046,rnd_task_008,robot_3,North,South,64.2,4,2,0.46,4,2,0.01,0.0,8,65,0.11,1,635.5,631.5,500.0,6,908.7
run_1789809046,rnd_task_009,robot_1,North,Central,53.26,2,1,0.46,4,2,0.0,0.18,7,60,0.107,1,371.88,367.88,500.0,6,861.4
run_1789809046,rnd_task_010,robot_4,North,North,37.44,2,1,0.46,4,1,0.01,0.18,9,65,0.111,1,544.44,540.44,500.0,7,898.84
run_1789809046,rnd_task_011,robot_2,South,South,0.51,0,0,0.46,4,1,0.0,0.18,4,29,0.109,0,179.88,175.88,500.0,5,367.4
run_1789809046,rnd_task_012,robot_3,South,North,47.09,4,2,0.46,4,2,0.05,0.25,8,48,0.112,46,491.52,487.52,500.0,7,641.4
run_1789809046,rnd_task_013,robot_1,North,North,30.7,2,1,0.46,4,1,0.0,0.18,4,30,0.119,27,157.68,153.68,500.0,5,353.2
run_1789809046,rnd_task_014,robot_2,North,North,0.54,0,0,0.46,4,1,0.04,0.0,9,49,0.125,46,408.42,404.42,500.0,7,608.4
run_1789809046,rnd_task_015,robot_4,Central,North,31.22,2,0,0.46,4,2,0.02,0.31,6,25,0.087,46,280.62,276.62,500.0,5,412.5
run_1789809046,rnd_task_016,robot_1,South,Central,28.02,2,0,0.46,4,2,0.02,0.0,8,47,0.102,17,428.42,424.42,500.0,7,689.2
run_1789809046,rnd_task_017,robot_3,North,North,13.2,2,0,0.46,4,1,0.05,0.0,4,18,0.102,0,69.84,65.84,500.0,5,215.2
run_1789809046,rnd_task_018,robot_4,North,Central,22.67,2,0,0.46,4,2,0.05,0.16,7,32,0.103,2,255.22,251.22,500.0,5,522.0
run_1789809046,rnd_task_019,robot_2,South,North,0.96,0,2,0.46,4,2,0.03,0.05,8,41,0.089,42,597.26,593.26,500.0,4,721.0
run_1789809046,rnd_task_020,robot_3,North,South,67.38,4,2,0.46,4,2,0.06,0.13,6,30,0.076,42,367.16,363.16,500.0,3,606.0
run_1789813251,rnd_task_001,robot_1,South,North,77.44,4,2,0.46,4,2,0.09,0.08,5,41,0.082,174,369.6,365.6,500.0,3,657.0
run_1789813251,rnd_task_002,robot_2,Central,North,44.93,2,1,0.46,4,2,0.16,0.04,6,46,0.1,176,404.34,400.34,500.0,4,722.2
run_1789813251,rnd_task_003,robot_4,North,Central,73.5,4,2,0.46,4,2,0.1,0.1,7,52,0.105,165,552.8,548.8,500.0,6,779.28
run_1789813251,rnd_task_004,robot_3,South,Central,76.18,4,2,0.46,4,2,0.06,0.23,6,41,0.09,155,358.7,354.7,500.0,4,689.6
run_1789813251,rnd_task_005,robot_1,North,South,68.81,4,2,0.46,4,2,0.0,0.46,6,34,0.071,80,412.08,408.08,500.0,7,674.06
run_1789813251,rnd_task_006,robot_3,Central,Central,96.17,4,2,0.46,4,1,0.25,0.01,5,29,0.072,78,372.5,368.5,500.0,6,615.2
run_1789813251,rnd_task_007,robot_2,South,South,16.78,2,0,0.46,4,1,0.15,0.0,9,54,0.088,87,665.78,661.78,500.0,7,958.82
run_1789813251,rnd_task_008,robot_4,North,North,22.65,2,0,0.46,4,1,0.0,0.18,4,13,0.033,66,228.66,224.66,500.0,3,481.2
run_1789813251,rnd_task_009,robot_4,Central,South,25.99,2,0,0.46,4,2,0.04,0.07,6,43,0.091,49,335.72,331.72,500.0,6,705.8
run_1789813251,rnd_task_010,robot_1,South,North,87.87,4,2,0.46,4,2,0.04,0.13,10,54,0.101,38,356.9,352.9,500.0,6,808.1
run_1789813251,rnd_task_011,robot_3,South,South,6.0,0,1,0.46,4,1,0.02,0.32,8,52,0.096,38,430.64,426.64,500.0,6,813.8
run_1789813251,rnd_task_012,robot_2,Central,Central,105.23,4,2,0.46,4,1,0.04,0.24,7,41,0.074,68,337.16,333.16,500.0,6,814.0
run_1789813251,rnd_task_013,robot_4,North,North,0.67,0,1,0.46,4,1,0.04,0.2,6,35,0.09,39,380.72,376.72,500.0,6,599.4
run_1789813251,rnd_task_014,robot_1,Central,South,102.38,4,2,0.46,4,2,0.04,0.1,9,49,0.082,49,350.58,346.58,500.0,7,906.96
run_1789813251,rnd_task_015,robot_3,Central,North,102.38,4,2,0.46,4,2,0.0,0.18,11,61,0.097,49,376.94,372.94,500.0,6,967.88
run_1789813251,rnd_task_016,robot_2,South,South,0.85,0,0,0.46,4,1,0.0,0.18,5,25,0.092,10,194.2,190.2,500.0,4,368.7
run_1789813251,rnd_task_017,robot_4,South,North,78.82,4,2,0.46,4,2,0.01,0.46,8,44,0.086,29,335.96,331.96,500.0,5,789.0
run_1789813251,rnd_task_018,robot_2,Central,Central,44.74,2,0,0.46,4,1,0.0,0.18,4,25,0.105,0,233.0,229.0,500.0,4,341.6
run_1789813251,rnd_task_020,robot_3,South,North,0.51,0,2,0.46,4,2,0.0,0.18,5,26,0.058,19,410.54,406.54,500.0,3,656.0
run_1789813251,rnd_task_022,robot_4,North,North,25.34,2,1,0.46,4,1,0.0,0.18,4,23,0.131,0,141.66,137.66,500.0,1,275.6
run_1789814312,rnd_task_001,robot_4,North,North,25.3,2,1,0.46,4,1,0.14,0.0,5,28,0.059,305,468.84,464.84,500.0,3,750.8
run_1789814312,rnd_task_002,robot_3,South,North,59.63,4,2,0.46,4,2,0.36,0.05,5,28,0.056,305,620.4,616.4,500.0,4,753.6
run_1789814312,rnd_task_003,robot_2,North,Central,62.65,4,2,0.46,4,2,0.13,0.05,5,28,0.051,300,508.44,504.44,500.0,5,789.6
run_1789814312,rnd_task_004,robot_1,North,South,0.67,0,2,0.46,4,2,0.17,0.05,8,46,0.063,308,861.34,857.34,500.0,6,1107.6
run_1789814312,rnd_task_005,robot_4,Central,Central,69.31,2,1,0.46,4,1,0.03,0.27,7,42,0.086,29,369.5,365.5,500.0,7,724.6
run_1789814312,rnd_task_006,robot_3,Central,Central,65.23,2,1,0.46,4,1,0.05,0.21,6,36,0.082,29,317.74,313.74,500.0,5,658.2
run_1789814312,rnd_task_007,robot_2,North,Central,34.25,2,1,0.46,4,2,0.02,0.0,6,43,0.09,31,364.94,360.94,500.0,6,737.2
run_1789814312,rnd_task_008,robot_1,North,North,29.18,2,0,0.46,4,1,0.03,0.0,4,25,0.08,21,316.26,312.26,500.0,6,450.4
run_1789814312,rnd_task_009,robot_3,North,Central,6.0,0,2,0.46,4,2,0.02,0.46,7,36,0.09,52,236.72,232.72,500.0,5,579.4
run_1789814312,rnd_task_010,robot_4,South,Central,29.01,2,0,0.46,4,2,0.03,0.15,7,43,0.078,52,403.94,399.94,500.0,5,816.6
run_1789814312,rnd_task_011,robot_2,North,Central,6.04,1,2,0.46,4,2,0.12,0.08,6,35,0.093,48,387.22,383.22,500.0,4,561.6
run_1789814312,rnd_task_013,robot_3,North,South,59.97,4,2,0.46,4,2,0.0,0.18,5,30,0.081,13,373.72,369.72,500.0,3,569.12
run_1789814312,rnd_task_015,robot_4,South,South,6.24,1,0,0.46,4,1,0.0,0.18,3,17,0.069,13,200.46,196.46,500.0,1,288.2
run_1789814312,rnd_task_016,robot_4,South,Central,0.49,0,2,0.46,4,2,0.0,0.18,2,7,0.014,55,231.24,227.24,500.0,1,574.5
run_1789814312,rnd_task_017,robot_3,North,North,6.0,0,1,0.46,4,1,0.17,0.0,4,19,0.03,103,503.08,499.08,500.0,2,863.6
run_1789814312,rnd_task_018,robot_4,South,Central,31.86,2,0,0.46,4,2,0.0,0.18,2,12,0.056,46,152.9,148.9,500.0,1,283.8
run_1789814312,rnd_task_022,robot_3,Central,South,94.79,4,2,0.46,4,2,0.0,0.18,3,23,0.044,33,370.48,366.48,500.0,0,638.8
run_1789812094,rnd_task_001,robot_4,Central,South,0.85,0,2,0.46,4,2,0.04,0.0,6,57,0.11,130,379.8,375.8,500.0,4,760.2
run_1789812094,rnd_task_002,robot_1,South,Central,32.34,2,0,0.46,4,2,0.03,0.0,3,22,0.063,115,197.96,193.96,500.0,3,415.0
run_1789812094,rnd_task_003,robot_3,North,South,0.51,0,2,0.46,4,2,0.05,0.07,8,65,0.103,123,601.22,597.22,500.0,6,988.0
run_1789812094,rnd_task_004,robot_2,Central,South,6.05,0,2,0.46,4,2,0.05,0.04,6,46,0.1,115,450.44,446.44,500.0,4,697.2
run_1789812094,rnd_task_005,robot_1,Central,South,86.4,4,2,0.46,4,2,0.0,0.18,8,60,0.114,29,468.54,464.54,500.0,6,805.4
run_1789812094,rnd_task_006,robot_2,South,North,59.99,4,2,0.46,4,2,0.01,0.27,7,32,0.071,34,377.08,373.08,500.0,6,680.6
run_1789812094,rnd_task_007,robot_4,North,North,13.43,2,0,0.46,4,1,0.0,0.18,5,26,0.075,31,444.22,440.22,500.0,5,531.26
run_1789812094,rnd_task_008,robot_3,North,South,79.23,4,2,0.46,4,2,0.14,0.02,6,48,0.075,184,629.46,625.46,500.0,6,964.4
run_1789812094,rnd_task_009,robot_1,Central,Central,113.88,4,2,0.46,4,1,0.05,0.41,8,48,0.079,200,384.54,380.54,500.0,7,911.0
run_1789812094,rnd_task_010,robot_4,South,South,0.51,0,0,0.46,4,1,0.07,0.41,6,42,0.079,194,503.9,499.9,500.0,5,787.24
run_1789812094,rnd_task_011,robot_2,South,Central,85.35,4,2,0.46,4,2,0.14,0.02,8,54,0.089,206,482.86,478.86,500.0,6,852.0
run_1789812094,rnd_task_013,robot_3,North,South,88.12,4,2,0.46,4,2,0.02,0.06,12,78,0.098,146,707.42,703.42,500.0,9,1245.0
run_1789812094,rnd_task_014,robot_4,North,North,0.85,0,0,0.46,4,1,0.05,0.16,7,42,0.101,73,321.4,317.4,500.0,5,613.2
run_1789812094,rnd_task_015,robot_1,North,South,54.38,4,2,0.46,4,2,0.06,0.23,8,53,0.094,110,633.56,629.56,500.0,5,851.6
run_1789812094,rnd_task_016,robot_2,South,Central,0.97,0,2,0.46,4,2,0.05,0.0,7,42,0.085,82,426.08,422.08,500.0,5,753.24
run_1789812094,rnd_task_017,robot_4,Central,South,93.99,4,2,0.46,4,2,0.05,0.2,8,42,0.082,95,391.72,387.72,500.0,7,753.2
run_1789812094,rnd_task_018,robot_1,Central,North,0.99,0,2,0.46,4,2,0.03,0.17,8,50,0.092,56,413.16,409.16,500.0,6,846.6
run_1789812094,rnd_task_019,robot_2,Central,South,60.37,4,2,0.46,4,2,0.0,0.18,4,18,0.085,16,182.02,178.02,500.0,4,283.8
run_1789812094,rnd_task_020,robot_3,South,South,41.52,2,1,0.46,4,1,0.05,0.11,6,42,0.085,55,217.0,213.0,500.0,4,684.72
run_1789812094,rnd_task_021,robot_2,Central,North,102.38,4,2,0.46,4,2,0.05,0.14,7,48,0.086,55,280.22,276.22,500.0,3,834.84
run_1789750533,rnd_task_001,robot_1,North,North,29.43,2,1,0.46,4,1,0.03,0.0,5,42,0.101,62,508.5,504.5,500.0,1,654.9
run_1789750533,rnd_task_003,robot_2,South,Central,79.61,4,2,0.46,4,2,0.08,0.0,4,27,0.087,29,236.16,232.16,500.0,1,414.0
run_1789749522,rnd_task_001,robot_4,North,North,22.26,2,1,0.46,4,1,0.0,0.0,4,23,0.065,77,349.78,345.78,500.0,4,550.82
run_1789749522,rnd_task_002,robot_3,South,North,0.67,0,2,0.46,4,2,0.12,0.04,7,40,0.079,91,415.52,411.52,500.0,6,756.4
run_1789749522,rnd_task_003,robot_1,Central,Central,0.51,0,0,0.46,4,1,0.13,0.03,4,21,0.069,69,246.08,242.08,500.0,3,403.2
run_1789749522,rnd_task_004,robot_2,Central,South,0.85,0,2,0.46,4,2,0.08,0.07,5,29,0.072,81,484.08,480.08,500.0,5,642.7
run_1789749522,rnd_task_005,robot_1,North,Central,81.91,4,2,0.46,4,2,0.02,0.01,8,48,0.066,168,644.32,640.32,500.0,8,1122.4
run_1789749522,rnd_task_006,robot_4,North,North,0.51,0,1,0.46,4,1,0.11,0.04,4,30,0.069,73,300.9,296.9,500.0,5,633.82
run_1789749522,rnd_task_007,robot_2,North,South,68.9,4,2,0.46,4,2,0.08,0.02,6,41,0.072,154,682.56,678.56,500.0,6,888.6
run_1789749522,rnd_task_008,robot_3,North,North,29.54,2,1,0.46,4,1,0.06,0.01,3,19,0.055,59,196.66,192.66,500.0,4,436.6
run_1789749522,rnd_task_009,robot_4,North,South,66.1,4,2,0.46,4,2,0.1,0.04,7,42,0.074,157,629.84,625.84,500.0,6,867.6
run_1789749522,rnd_task_010,robot_3,South,North,48.14,4,2,0.46,4,2,0.13,0.08,5,41,0.069,157,625.24,621.24,500.0,6,875.18
run_1789749522,rnd_task_011,robot_1,South,North,66.86,4,2,0.46,4,2,0.07,0.01,6,37,0.087,70,372.6,368.6,500.0,6,668.08
run_1789749522,rnd_task_012,robot_2,Central,South,74.38,4,2,0.46,4,2,0.08,0.05,5,37,0.088,70,370.12,366.12,500.0,5,615.8
run_1789749522,rnd_task_013,robot_4,North,North,0.85,0,0,0.46,4,1,0.0,0.18,6,30,0.076,0,464.06,460.06,500.0,6,554.4
run_1789749522,rnd_task_014,robot_3,South,North,0.67,0,2,0.46,4,2,0.01,0.46,11,71,0.098,25,723.48,719.48,500.0,8,1118.8
run_1789749522,rnd_task_015,robot_2,Central,North,0.85,0,2,0.46,4,2,0.0,0.18,7,41,0.089,25,342.68,338.68,500.0,5,672.4
run_1789749522,rnd_task_016,robot_1,South,South,47.38,2,1,0.46,4,1,0.01,0.34,9,53,0.099,25,390.68,386.68,500.0,5,828.2
run_1789749522,rnd_task_017,robot_4,North,North,8.95,2,0,0.46,4,1,0.0,0.18,6,30,0.092,25,179.54,175.54,500.0,4,458.78
run_1789749522,rnd_task_018,robot_2,Central,South,73.25,4,2,0.46,4,2,0.0,0.18,5,24,0.102,0,226.98,222.98,500.0,4,352.0
run_1789749522,rnd_task_020,robot_4,Central,Central,98.97,4,2,0.46,4,1,0.11,0.01,6,41,0.088,75,374.5,370.5,500.0,3,684.8
run_1789749522,rnd_task_022,robot_2,Central,Central,0.49,0,1,0.46,4,1,0.03,0.33,4,29,0.082,81,270.04,266.04,500.0,1,539.32
run_1789748534,rnd_task_001,robot_1,South,South,24.94,2,0,0.46,4,1,0.03,0.0,3,27,0.069,93,247.36,243.36,500.0,3,492.2
run_1789748534,rnd_task_002,robot_2,North,North,35.25,2,1,0.46,4,1,0.06,0.1,7,54,0.095,136,564.16,560.16,500.0,6,905.2
run_1789748534,rnd_task_003,robot_3,South,North,0.49,0,2,0.46,4,2,0.18,0.0,5,41,0.085,90,437.34,433.34,500.0,4,730.92
run_1789748534,rnd_task_004,robot_4,North,North,30.2,2,1,0.46,4,1,0.15,0.07,5,41,0.086,85,509.44,505.44,500.0,5,741.12
run_1789748534,rnd_task_005,robot_1,North,South,50.67,4,2,0.46,4,2,0.03,0.23,8,42,0.08,95,520.64,516.64,500.0,6,771.26
run_1789748534,rnd_task_006,robot_3,North,South,65.89,4,2,0.46,4,2,0.12,0.1,6,36,0.089,82,377.76,373.76,500.0,6,626.42
run_1789748534,rnd_task_007,robot_4,South,North,66.35,4,2,0.46,4,2,0.03,0.11,10,59,0.093,163,673.46,669.46,500.0,7,965.0
run_1789748534,rnd_task_008,robot_2,North,South,6.0,0,2,0.46,4,2,0.11,0.06,6,40,0.073,139,407.46,403.46,500.0,5,770.2
run_1789748534,rnd_task_009,robot_1,North,Central,64.69,4,2,0.46,4,2,0.03,0.07,6,37,0.086,94,415.76,411.76,500.0,6,627.2
run_1789748534,rnd_task_010,robot_3,Central,North,100.1,4,2,0.46,4,2,0.03,0.19,7,46,0.095,80,285.82,281.82,500.0,6,713.2
run_1789748534,rnd_task_011,robot_2,South,North,6.0,1,2,0.46,4,2,0.0,0.18,8,38,0.078,24,326.96,322.96,500.0,7,738.9
run_1789748534,rnd_task_012,robot_4,Central,North,6.11,1,2,0.46,4,2,0.07,0.26,8,37,0.101,24,369.22,365.22,500.0,5,574.6
run_1789748534,rnd_task_013,robot_1,North,South,6.13,1,2,0.46,4,2,0.02,0.08,6,36,0.076,38,483.62,479.62,500.0,6,682.2
run_1789748534,rnd_task_014,robot_3,North,North,53.01,2,1,0.46,4,1,0.02,0.0,6,31,0.066,59,312.82,308.82,500.0,6,663.0
run_1789748534,rnd_task_015,robot_4,South,North,0.85,0,2,0.46,4,2,0.03,0.42,11,87,0.113,113,783.06,779.06,500.0,8,1188.26
run_1789748534,rnd_task_016,robot_2,North,South,59.88,4,2,0.46,4,2,0.08,0.22,6,47,0.117,94,459.26,455.26,500.0,5,613.64
run_1789748534,rnd_task_017,robot_1,South,North,97.33,4,2,0.46,4,2,0.04,0.0,7,59,0.11,99,396.08,392.08,500.0,5,821.6
run_1789748534,rnd_task_018,robot_3,Central,South,0.67,0,2,0.46,4,2,0.03,0.0,5,47,0.106,72,306.4,302.4,500.0,4,621.78
run_1789748534,rnd_task_019,robot_2,Central,Central,78.22,4,2,0.46,4,1,0.01,0.0,6,40,0.114,26,155.46,151.46,500.0,4,506.6
run_1789748534,rnd_task_020,robot_3,South,South,0.85,0,0,0.46,4,1,0.0,0.18,7,31,0.146,19,60.06,56.06,500.0,2,302.4
run_1789732761,rnd_task_001,robot_4,North,North,22.26,2,1,0.46,4,1,0.06,0.07,4,35,0.095,82,350.44,346.44,500.0,4,548.6
run_1789732761,rnd_task_002,robot_3,South,North,0.67,0,2,0.46,4,2,0.06,0.06,6,47,0.089,96,430.74,426.74,500.0,6,767.2
run_1789732761,rnd_task_003,robot_1,Central,Central,0.51,0,0,0.46,4,1,0.09,0.0,4,28,0.1,60,247.22,243.22,500.0,3,399.6
run_1789732761,rnd_task_004,robot_2,Central,South,69.97,4,2,0.46,4,2,0.05,0.0,5,40,0.101,79,467.32,463.32,500.0,5,631.96
run_1789732761,rnd_task_005,robot_1,North,Central,81.91,4,2,0.46,4,2,0.06,0.0,8,48,0.065,279,664.86,660.86,500.0,8,1146.88
run_1789732761,rnd_task_006,robot_4,North,North,0.51,0,1,0.46,4,1,0.08,0.1,5,35,0.077,156,327.06,323.06,500.0,5,673.6
run_1789732761,rnd_task_007,robot_2,North,South,68.9,4,2,0.46,4,2,0.06,0.0,6,41,0.071,259,703.38,699.38,500.0,6,902.8
run_1789732761,rnd_task_008,robot_3,North,North,29.54,2,1,0.46,4,1,0.07,0.0,3,24,0.069,142,229.44,225.44,500.0,4,465.4
run_1789732761,rnd_task_009,robot_4,North,South,66.1,4,2,0.46,4,2,0.04,0.03,6,35,0.061,195,700.58,696.58,500.0,7,917.38
run_1789732761,rnd_task_010,robot_3,South,North,0.67,0,2,0.46,4,2,0.12,0.07,5,35,0.058,195,636.88,632.88,500.0,5,868.6
run_1789732761,rnd_task_011,robot_1,South,North,66.86,4,2,0.46,4,2,0.02,0.01,6,31,0.073,84,363.86,359.86,500.0,6,659.4
run_1789732761,rnd_task_012,robot_2,Central,South,74.38,4,2,0.46,4,2,0.09,0.0,5,31,0.073,84,356.64,352.64,500.0,5,600.62
run_1789732761,rnd_task_013,robot_3,North,North,21.6,2,0,0.46,4,1,0.02,0.23,7,36,0.079,25,423.9,419.9,500.0,6,662.2
run_1789732761,rnd_task_014,robot_4,South,North,6.0,0,2,0.46,4,2,0.03,0.46,11,59,0.095,25,446.16,442.16,500.0,7,952.26
run_1789732761,rnd_task_015,robot_2,Central,North,85.1,4,2,0.46,4,2,0.01,0.0,6,36,0.079,25,335.74,331.74,500.0,5,659.84
run_1789732761,rnd_task_016,robot_1,South,South,47.38,2,1,0.46,4,1,0.0,0.18,9,51,0.095,25,387.96,383.96,500.0,5,823.36
run_1789732761,rnd_task_017,robot_3,North,North,8.95,2,0,0.46,4,1,0.06,0.24,7,36,0.107,0,179.5,175.5,500.0,6,485.6
run_1789732761,rnd_task_018,robot_2,Central,South,0.85,0,2,0.46,4,2,0.0,0.18,5,29,0.125,0,225.08,221.08,500.0,5,350.6
run_1789732761,rnd_task_019,robot_4,North,North,0.67,0,1,0.46,4,1,0.1,0.09,4,19,0.066,29,191.7,187.7,500.0,3,425.6
run_1789732761,rnd_task_020,robot_1,Central,Central,98.97,4,2,0.46,4,1,0.0,0.18,5,24,0.069,53,220.32,216.32,500.0,3,518.8
run_1789734723,rnd_task_001,robot_1,North,South,81.52,4,2,0.46,4,2,0.05,0.0,5,47,0.068,83,658.08,654.08,500.0,5,1054.0
run_1789734723,rnd_task_002,robot_4,North,South,95.29,4,2,0.46,4,2,0.04,0.09,7,58,0.076,171,793.12,789.12,500.0,6,1190.0
run_1789734723,rnd_task_003,robot_2,South,North,63.78,4,2,0.46,4,2,0.02,0.0,4,30,0.062,32,371.02,367.02,500.0,3,681.8
run_1789734723,rnd_task_004,robot_3,Central,South,93.74,4,2,0.46,4,2,0.01,0.0,4,41,0.071,59,436.08,432.08,500.0,4,819.4
run_1789734723,rnd_task_005,robot_2,South,South,14.75,2,0,0.46,4,1,0.11,0.13,5,41,0.082,151,500.64,496.64,500.0,6,754.0
run_1789734723,rnd_task_006,robot_3,South,North,70.84,4,2,0.46,4,2,0.12,0.08,6,41,0.079,146,417.0,413.0,500.0,6,754.74
run_1789734723,rnd_task_007,robot_1,Central,North,30.81,2,0,0.46,4,2,0.06,0.05,5,36,0.087,127,395.0,391.0,500.0,6,670.0
run_1789734723,rnd_task_008,robot_4,North,South,49.38,4,2,0.46,4,2,0.05,0.01,8,48,0.084,104,543.88,539.88,500.0,6,857.8
run_1789734723,rnd_task_009,robot_2,North,North,34.52,2,1,0.46,4,1,0.07,0.0,7,42,0.088,70,368.7,364.7,500.0,6,726.4
run_1789734723,rnd_task_010,robot_3,North,South,83.8,4,2,0.46,4,2,0.06,0.0,7,43,0.08,62,402.14,398.14,500.0,7,749.4
run_1789734723,rnd_task_011,robot_1,North,Central,6.0,0,2,0.46,4,2,0.04,0.0,6,25,0.074,58,220.76,216.76,500.0,4,488.42
run_1789734723,rnd_task_013,robot_4,North,North,16.78,2,0,0.46,4,1,0.09,0.01,7,48,0.104,52,522.78,518.78,500.0,6,689.4
run_1789734723,rnd_task_014,robot_2,North,Central,76.18,4,2,0.46,4,2,0.14,0.05,7,46,0.127,49,350.48,346.48,500.0,5,553.08
run_1789734723,rnd_task_015,robot_1,South,Central,61.4,2,1,0.46,4,2,0.0,0.0,8,66,0.104,66,502.7,498.7,500.0,7,943.5
run_1789734723,rnd_task_016,robot_3,North,North,18.99,2,0,0.46,4,1,0.05,0.05,7,47,0.12,37,344.5,340.5,500.0,5,614.4
run_1789734723,rnd_task_017,robot_4,North,South,6.0,0,2,0.46,4,2,0.03,0.32,7,38,0.096,19,348.46,344.46,500.0,6,625.0
run_1789734723,rnd_task_018,robot_2,South,North,0.85,0,2,0.46,4,2,0.0,0.18,7,30,0.093,17,247.52,243.52,500.0,5,453.4
run_1789734723,rnd_task_019,robot_3,North,North,21.89,2,0,0.46,4,1,0.0,0.18,6,30,0.108,17,251.1,247.1,500.0,4,405.8
run_1789734723,rnd_task_020,robot_1,South,North,56.53,4,2,0.46,4,2,0.02,0.03,9,53,0.102,42,508.96,504.96,500.0,4,786.6
run_1789734723,rnd_task_023,robot_3,Central,North,62.65,4,2,0.46,4,2,0.02,0.46,6,24,0.07,40,260.16,256.16,500.0,1,486.4
run_1789731651,rnd_task_001,robot_1,South,South,24.94,2,0,0.46,4,1,0.02,0.05,3,28,0.07,80,253.02,249.02,500.0,3,514.0
run_1789731651,rnd_task_002,robot_2,North,North,35.25,2,1,0.46,4,1,0.06,0.06,7,53,0.092,107,543.04,539.04,500.0,6,911.2
run_1789731651,rnd_task_003,robot_3,South,North,85.6,4,2,0.46,4,2,0.19,0.02,5,41,0.084,82,438.08,434.08,500.0,4,735.42
run_1789731651,rnd_task_004,robot_4,North,North,30.2,2,1,0.46,4,1,0.14,0.07,5,41,0.084,76,510.84,506.84,500.0,5,758.4
run_1789731651,rnd_task_005,robot_1,North,South,50.67,4,2,0.46,4,2,0.04,0.34,8,42,0.077,67,533.64,529.64,500.0,6,806.4
run_1789731651,rnd_task_006,robot_3,North,South,65.89,4,2,0.46,4,2,0.08,0.24,6,36,0.085,76,401.02,397.02,500.0,6,656.0
run_1789731651,rnd_task_007,robot_4,South,North,66.35,4,2,0.46,4,2,0.01,0.22,10,60,0.091,126,704.28,700.28,500.0,7,1008.2
run_1789731651,rnd_task_008,robot_2,North,South,0.49,0,2,0.46,4,2,0.1,0.03,7,41,0.075,111,392.2,388.2,500.0,5,778.2
run_1789731651,rnd_task_009,robot_1,North,Central,64.69,4,2,0.46,4,2,0.05,0.07,7,42,0.097,78,422.06,418.06,500.0,6,637.1
run_1789731651,rnd_task_010,robot_3,Central,North,0.49,0,2,0.46,4,2,0.05,0.22,7,48,0.085,58,394.46,390.46,500.0,6,845.6
run_1789731651,rnd_task_011,robot_2,South,North,73.22,4,2,0.46,4,2,0.0,0.18,7,38,0.076,48,328.2,324.2,500.0,7,761.4
run_1789731651,rnd_task_012,robot_4,Central,North,0.97,0,2,0.46,4,2,0.04,0.1,6,31,0.081,48,376.78,372.78,500.0,5,589.0
run_1789731651,rnd_task_013,robot_1,North,South,6.13,1,2,0.46,4,2,0.04,0.17,7,36,0.074,50,494.04,490.04,500.0,6,704.4
run_1789731651,rnd_task_014,robot_3,North,North,53.01,2,1,0.46,4,1,0.08,0.02,7,41,0.089,107,309.06,305.06,500.0,7,677.44
run_1789731651,rnd_task_015,robot_4,South,North,82.81,4,2,0.46,4,2,0.04,0.15,11,87,0.102,127,866.02,862.02,500.0,8,1315.96
run_1789731651,rnd_task_016,robot_2,North,South,59.88,4,2,0.46,4,2,0.12,0.05,6,39,0.119,77,324.98,320.98,500.0,4,487.08
run_1789731651,rnd_task_017,robot_1,South,North,6.0,0,2,0.46,4,2,0.03,0.08,8,60,0.092,123,550.54,546.54,500.0,6,1002.8
run_1789731651,rnd_task_018,robot_2,Central,South,0.67,0,2,0.46,4,2,0.02,0.0,8,60,0.107,50,378.82,374.82,500.0,5,824.2
run_1789731651,rnd_task_019,robot_3,Central,Central,6.0,0,0,0.46,4,1,0.0,0.18,4,20,0.091,28,144.66,140.66,500.0,3,286.8
run_1789731651,rnd_task_020,robot_3,South,South,0.85,0,0,0.46,4,1,0.05,0.23,6,49,0.097,27,340.1,336.1,500.0,3,721.4
run_1789736765,rnd_task_001,robot_4,Central,South,6.02,0,2,0.46,4,2,0.07,0.0,6,51,0.099,155,397.14,393.14,500.0,5,785.6
run_1789736765,rnd_task_002,robot_1,South,Central,32.34,2,0,0.46,4,2,0.05,0.0,3,22,0.062,139,197.66,193.66,500.0,3,417.0
run_1789736765,rnd_task_003,robot_3,North,South,6.0,1,2,0.46,4,2,0.11,0.15,8,54,0.086,140,613.98,609.98,500.0,6,979.4
run_1789736765,rnd_task_004,robot_2,Central,South,6.05,0,2,0.46,4,2,0.2,0.14,6,40,0.086,138,441.26,437.26,500.0,4,701.4
run_1789736765,rnd_task_005,robot_1,Central,South,86.4,4,2,0.46,4,2,0.0,0.18,8,60,0.107,40,493.0,489.0,500.0,6,822.26
run_1789736765,rnd_task_006,robot_2,South,North,59.99,4,2,0.46,4,2,0.01,0.26,7,38,0.086,28,370.14,366.14,500.0,7,677.54
run_1789736765,rnd_task_007,robot_4,North,North,13.43,2,0,0.46,4,1,0.0,0.18,5,32,0.096,26,438.24,434.24,500.0,5,522.12
run_1789736765,rnd_task_008,robot_3,North,South,79.23,4,2,0.46,4,2,0.18,0.03,6,54,0.082,169,647.08,643.08,500.0,6,997.6
run_1789736765,rnd_task_009,robot_1,Central,Central,0.51,0,1,0.46,4,1,0.02,0.43,8,48,0.079,169,371.8,367.8,500.0,7,916.66
run_1789736765,rnd_task_010,robot_4,South,South,0.51,0,0,0.46,4,1,0.02,0.44,6,42,0.078,169,514.34,510.34,500.0,5,799.44
run_1789736765,rnd_task_011,robot_2,South,Central,0.67,0,2,0.46,4,2,0.18,0.01,8,48,0.079,215,491.82,487.82,500.0,6,882.6
run_1789736765,rnd_task_013,robot_3,North,South,88.12,4,2,0.46,4,2,0.15,0.14,13,94,0.096,282,911.3,907.3,500.0,9,1458.96
run_1789736765,rnd_task_014,robot_4,North,North,11.19,2,0,0.46,4,1,0.08,0.2,7,41,0.099,184,300.74,296.74,500.0,5,604.94
run_1789736765,rnd_task_015,robot_1,North,South,5.77,1,2,0.46,4,2,0.16,0.16,8,53,0.091,215,664.44,660.44,500.0,5,882.34
run_1789736765,rnd_task_016,robot_2,South,Central,0.97,0,2,0.46,4,2,0.17,0.04,7,49,0.083,164,548.2,544.2,500.0,5,913.6
run_1789736765,rnd_task_017,robot_4,Central,South,93.99,4,2,0.46,4,2,0.06,0.18,8,47,0.087,78,398.96,394.96,500.0,6,758.6
run_1789736765,rnd_task_018,robot_1,Central,North,42.16,2,1,0.46,4,2,0.01,0.0,7,49,0.093,47,390.26,386.26,500.0,6,820.42
run_1789736765,rnd_task_020,robot_2,South,South,41.52,2,1,0.46,4,1,0.03,0.3,6,47,0.114,38,290.02,286.02,500.0,5,630.2
run_1789736765,rnd_task_021,robot_3,Central,North,6.0,1,2,0.46,4,2,0.0,0.18,7,32,0.061,5,250.74,246.74,500.0,4,749.8
run_1789736765,rnd_task_022,robot_4,North,Central,78.11,4,2,0.46,4,2,0.0,0.18,9,44,0.08,5,570.84,566.84,500.0,3,845.2
run_1789733782,rnd_task_001,robot_1,North,North,0.58,0,1,0.46,4,1,0.03,0.0,5,36,0.085,44,505.56,501.56,500.0,4,655.18
run_1789733782,rnd_task_002,robot_4,North,South,0.49,0,2,0.46,4,2,0.03,0.0,7,47,0.077,53,500.88,496.88,500.0,6,932.4
run_1789733782,rnd_task_003,robot_2,South,Central,79.61,4,2,0.46,4,2,0.07,0.05,4,27,0.082,25,256.34,252.34,500.0,3,438.8
run_1789733782,rnd_task_004,robot_3,North,South,60.51,4,2,0.46,4,2,0.05,0.17,9,64,0.089,59,957.7,953.7,500.0,8,1121.06
run_1789733782,rnd_task_005,robot_2,Central,North,48.55,2,1,0.46,4,2,0.1,0.0,5,15,0.073,15,108.34,104.34,500.0,4,303.0
run_1789733782,rnd_task_006,robot_1,North,Central,34.8,2,1,0.46,4,2,0.0,0.18,3,16,0.059,8,201.52,197.52,500.0,5,339.2
run_1789733782,rnd_task_007,robot_2,South,Central,80.3,4,2,0.46,4,2,0.0,0.18,6,39,0.084,21,448.5,444.5,500.0,6,687.4
run_1789733782,rnd_task_008,robot_4,North,South,64.2,4,2,0.46,4,2,0.09,0.23,9,60,0.096,46,652.28,648.28,500.0,8,961.2
run_1789733782,rnd_task_009,robot_1,North,Central,53.26,2,1,0.46,4,2,0.04,0.17,8,60,0.105,46,367.52,363.52,500.0,6,880.38
run_1789733782,rnd_task_010,robot_3,North,North,37.44,2,1,0.46,4,1,0.04,0.42,8,55,0.102,31,527.3,523.3,500.0,7,824.6
run_1789733782,rnd_task_011,robot_2,South,South,24.94,2,0,0.46,4,1,0.0,0.18,6,25,0.092,30,180.66,176.66,500.0,3,370.0
run_1789733782,rnd_task_013,robot_2,North,North,30.7,2,1,0.46,4,1,0.05,0.15,9,48,0.111,12,382.56,378.56,500.0,8,650.74
run_1789733782,rnd_task_014,robot_1,North,North,9.66,2,0,0.46,4,1,0.0,0.18,4,19,0.076,2,211.86,207.86,500.0,5,339.9
run_1789733782,rnd_task_015,robot_4,Central,North,31.22,2,0,0.46,4,2,0.0,0.0,6,30,0.098,2,222.0,218.0,500.0,5,446.8
run_1789733782,rnd_task_016,robot_3,South,Central,28.02,2,0,0.46,4,2,0.0,0.46,9,54,0.092,31,590.24,586.24,500.0,7,888.2
run_1789733782,rnd_task_017,robot_1,North,North,13.2,2,0,0.46,4,1,0.0,0.18,5,23,0.119,10,68.2,64.2,500.0,4,268.6
run_1789733782,rnd_task_018,robot_4,North,Central,22.67,2,0,0.46,4,2,0.05,0.41,7,32,0.097,30,280.9,276.9,500.0,5,557.0
run_1789733782,rnd_task_019,robot_2,South,North,61.02,4,2,0.46,4,2,0.04,0.13,7,42,0.095,55,558.22,554.22,500.0,4,676.4
run_1789733782,rnd_task_020,robot_1,North,South,67.38,4,2,0.46,4,2,0.02,0.0,6,31,0.078,52,372.08,368.08,500.0,4,612.54
run_1789733782,rnd_task_022,robot_4,Central,Central,54.39,2,1,0.46,4,1,0.02,0.46,3,24,0.073,36,97.26,93.26,500.0,2,436.2
run_1789735840,rnd_task_001,robot_1,North,North,0.67,0,1,0.46,4,1,0.0,0.0,7,51,0.092,37,543.34,539.34,500.0,6,846.6
run_1789735840,rnd_task_002,robot_4,Central,Central,95.42,4,2,0.46,4,1,0.07,0.0,3,22,0.071,27,275.26,271.26,500.0,3,477.0
run_1789735840,rnd_task_003,robot_3,North,Central,51.35,2,1,0.46,4,2,0.12,0.12,4,28,0.08,18,331.82,327.82,500.0,5,546.8
run_1789735840,rnd_task_004,robot_2,South,Central,75.55,4,2,0.46,4,2,0.09,0.0,3,22,0.063,18,241.66,237.66,500.0,3,441.4
run_1789735840,rnd_task_005,robot_2,South,Central,79.61,4,2,0.46,4,2,0.0,0.18,7,38,0.111,12,228.32,224.32,500.0,5,503.0
run_1789735840,rnd_task_006,robot_4,North,Central,18.33,2,0,0.46,4,2,0.02,0.46,8,49,0.115,15,287.58,283.58,500.0,6,645.0
run_1789735840,rnd_task_007,robot_3,South,North,62.9,4,2,0.46,4,2,0.0,0.18,8,66,0.129,19,361.14,357.14,500.0,6,762.42
run_1789735840,rnd_task_008,robot_1,South,North,80.86,4,2,0.46,4,2,0.0,0.18,8,49,0.13,9,266.8,262.8,500.0,7,601.4
run_1789735840,rnd_task_009,robot_2,Central,North,75.79,4,2,0.46,4,2,0.0,0.18,6,29,0.108,7,215.8,211.8,500.0,5,389.22
run_1789735840,rnd_task_010,robot_4,North,Central,85.75,4,2,0.46,4,2,0.0,0.18,5,36,0.134,8,153.7,149.7,500.0,6,402.34
run_1789735840,rnd_task_011,robot_3,North,North,27.9,2,1,0.46,4,1,0.07,0.09,4,31,0.087,9,194.78,190.78,500.0,7,485.0
run_1789735840,rnd_task_012,robot_2,South,North,54.59,4,2,0.46,4,2,0.04,0.03,9,77,0.109,50,766.72,762.72,500.0,10,1063.18
run_1789735840,rnd_task_013,robot_1,North,North,5.37,2,0,0.46,4,1,0.1,0.26,3,25,0.089,6,196.16,192.16,500.0,4,381.8
run_1789735840,rnd_task_014,robot_4,Central,North,48.26,2,1,0.46,4,2,0.04,0.0,5,35,0.111,9,263.28,259.28,500.0,5,506.4
run_1789735840,rnd_task_015,robot_1,North,South,54.18,4,2,0.46,4,2,0.08,0.0,5,35,0.102,41,389.8,385.8,500.0,6,528.0
run_1789735840,rnd_task_016,robot_3,Central,South,36.18,2,0,0.46,4,2,0.04,0.0,6,35,0.107,41,223.48,219.48,500.0,4,485.22
run_1789735840,rnd_task_017,robot_4,Central,Central,52.62,2,1,0.46,4,1,0.0,0.18,7,38,0.095,37,238.78,234.78,500.0,5,612.4
run_1789735840,rnd_task_018,robot_3,Central,South,88.55,4,2,0.46,4,2,0.0,0.18,6,31,0.126,0,149.94,145.94,500.0,4,366.2
run_1789735840,rnd_task_019,robot_1,South,North,52.46,4,2,0.46,4,2,0.0,0.18,8,42,0.1,0,352.28,348.28,500.0,3,618.8
run_1789735840,rnd_task_023,robot_1,North,North,11.19,2,0,0.46,4,1,0.23,0.0,3,13,0.072,83,162.76,158.76,500.0,0,276.8
run_1789759641,rnd_task_001,robot_1,South,South,24.94,2,0,0.46,4,1,0.05,0.0,3,22,0.177,1,89.8,85.8,500.0,3,169.1
run_1789759641,rnd_task_002,robot_2,North,North,35.25,2,1,0.46,4,1,0.05,0.0,5,35,0.196,1,169.54,165.54,500.0,5,275.92
run_1789759641,rnd_task_003,robot_3,South,North,85.6,4,2,0.46,4,2,0.06,0.0,5,35,0.211,1,150.84,146.84,500.0,5,246.24
run_1789759641,rnd_task_004,robot_4,North,North,30.2,2,1,0.46,4,1,0.07,0.0,5,35,0.245,1,149.02,145.02,500.0,4,220.24
run_1789759641,rnd_task_005,robot_1,North,South,50.67,4,2,0.46,4,2,0.07,0.14,6,35,0.193,6,176.22,172.22,500.0,4,259.14
run_1789759641,rnd_task_006,robot_4,North,South,65.89,4,2,0.46,4,2,0.06,0.0,6,29,0.214,6,154.34,150.34,500.0,3,215.44
run_1789760689,rnd_task_001,robot_1,South,South,24.94,2,0,0.46,4,1,0.07,0.0,3,22,0.179,2,86.2,82.2,500.0,3,167.72
run_1789760689,rnd_task_002,robot_2,North,North,35.25,2,1,0.46,4,1,0.1,0.35,7,47,0.251,2,182.2,178.2,500.0,5,294.88
run_1789760689,rnd_task_003,robot_3,South,North,0.99,0,2,0.46,4,2,0.04,0.0,5,35,0.224,1,135.14,131.14,500.0,4,232.42
run_1789760689,rnd_task_004,robot_4,North,North,0.75,0,1,0.46,4,1,0.03,0.46,5,30,0.193,1,159.52,155.52,500.0,5,238.52
run_1789760689,rnd_task_005,robot_1,North,South,50.67,4,2,0.46,4,2,0.09,0.38,8,42,0.237,1,175.64,171.64,500.0,4,261.6
run_1789760689,rnd_task_006,robot_3,North,South,65.89,4,2,0.46,4,2,0.13,0.19,6,36,0.262,2,134.68,130.68,500.0,3,213.74
run_1789770024,rnd_task_001,robot_1,South,South,5.89,1,0,0.46,4,1,0.04,0.0,3,39,0.043,263,662.82,658.82,500.0,0,1062.6
run_1789756765,rnd_task_001,robot_1,South,South,0.85,0,0,0.46,4,1,0.07,0.2,3,28,0.073,134,240.42,236.42,500.0,3,492.0
run_1789756765,rnd_task_002,robot_2,North,North,0.79,0,1,0.46,4,1,0.05,0.17,7,52,0.094,149,535.3,531.3,500.0,5,869.74
run_1789756765,rnd_task_003,robot_3,South,North,85.6,4,2,0.46,4,2,0.17,0.03,5,41,0.082,139,455.98,451.98,500.0,4,757.92
run_1789756765,rnd_task_004,robot_4,North,North,30.2,2,1,0.46,4,1,0.21,0.07,5,41,0.085,134,515.26,511.26,500.0,4,752.52
run_1789756765,rnd_task_005,robot_1,North,South,50.67,4,2,0.46,4,2,0.01,0.17,8,42,0.078,40,506.9,502.9,500.0,4,790.0
run_1789756765,rnd_task_006,robot_3,North,South,65.89,4,2,0.46,4,2,0.01,0.1,6,42,0.099,66,388.78,384.78,500.0,2,624.8
run_1789730185,rnd_task_001,robot_1,South,South,0.85,0,0,0.46,4,1,0.03,0.0,3,34,0.088,78,259.98,255.98,500.0,3,525.4
run_1789730185,rnd_task_002,robot_2,North,North,35.25,2,1,0.46,4,1,0.23,0.02,7,65,0.076,231,850.66,846.66,500.0,6,1323.6
run_1789730185,rnd_task_003,robot_3,South,North,85.6,4,2,0.46,4,2,0.04,0.32,5,47,0.093,85,438.24,434.24,500.0,4,734.0
run_1789730185,rnd_task_004,robot_4,North,North,30.2,2,1,0.46,4,1,0.04,0.14,5,47,0.099,84,509.3,505.3,500.0,5,749.0
run_1789730185,rnd_task_005,robot_1,North,South,50.67,4,2,0.46,4,2,0.03,0.19,5,31,0.055,165,530.04,526.04,500.0,5,804.2
run_1789730185,rnd_task_006,robot_3,North,South,65.89,4,2,0.46,4,2,0.01,0.38,4,23,0.053,139,381.56,377.56,500.0,6,645.48
run_1789730185,rnd_task_007,robot_4,South,North,66.35,4,2,0.46,4,2,0.13,0.13,12,77,0.087,181,1074.08,1070.08,500.0,8,1379.98
run_1789730185,rnd_task_008,robot_2,North,South,91.22,4,2,0.46,4,2,0.02,0.01,9,59,0.114,42,385.18,381.18,500.0,5,771.6
run_1789730185,rnd_task_009,robot_1,North,Central,64.69,4,2,0.46,4,2,0.05,0.09,7,53,0.119,35,431.18,427.18,500.0,4,674.0
run_1789730185,rnd_task_010,robot_3,Central,North,100.1,4,2,0.46,4,2,0.06,0.24,8,54,0.106,42,305.76,301.76,500.0,6,774.6
run_1789730185,rnd_task_013,robot_1,North,South,6.13,1,2,0.46,4,2,0.0,0.18,8,46,0.097,41,487.06,483.06,500.0,6,703.5
run_1789730185,rnd_task_014,robot_2,North,North,53.01,2,1,0.46,4,1,0.05,0.02,10,60,0.084,68,590.6,586.6,500.0,7,1097.54
run_1789730185,rnd_task_015,robot_4,South,North,6.24,1,2,0.46,4,2,0.02,0.29,14,95,0.111,75,915.66,911.66,500.0,9,1294.74
run_1789730185,rnd_task_016,robot_3,North,South,59.88,4,2,0.46,4,2,0.06,0.01,7,39,0.107,37,346.24,342.24,500.0,3,524.6
run_1789730185,rnd_task_017,robot_3,South,North,6.0,0,2,0.46,4,2,0.0,0.18,6,20,0.056,31,266.22,262.22,500.0,4,534.0
run_1789730185,rnd_task_018,robot_1,Central,South,57.08,2,1,0.46,4,2,0.02,0.0,8,50,0.109,35,362.08,358.08,500.0,5,662.0
run_1789730185,rnd_task_019,robot_2,Central,Central,78.22,4,2,0.46,4,1,0.0,0.18,5,35,0.193,7,117.98,113.98,500.0,5,258.84
run_1789730185,rnd_task_020,robot_3,South,South,22.15,2,0,0.46,4,1,0.02,0.14,9,90,0.158,29,476.3,472.3,500.0,5,876.0
run_1789730185,rnd_task_021,robot_1,South,Central,22.65,2,0,0.46,4,2,0.0,0.0,7,48,0.12,22,202.6,198.6,500.0,4,599.6
run_1789730185,rnd_task_023,robot_2,South,South,32.98,2,1,0.46,4,1,0.02,0.0,7,48,0.128,22,295.48,291.48,500.0,2,532.2
run_1789731313,rnd_task_001,robot_4,North,North,22.26,2,1,0.46,4,1,0.08,0.04,4,35,0.091,94,371.76,367.76,500.0,3,573.6
run_1789731313,rnd_task_002,robot_3,South,North,52.36,4,2,0.46,4,2,0.12,0.02,6,47,0.089,101,429.74,425.74,500.0,3,761.8
run_1789731313,rnd_task_003,robot_1,Central,Central,0.51,0,0,0.46,4,1,0.09,0.02,4,27,0.095,77,247.96,243.96,500.0,3,399.2
run_1789731313,rnd_task_004,robot_2,Central,South,69.97,4,2,0.46,4,2,0.08,0.03,5,40,0.101,85,468.78,464.78,500.0,3,636.2
run_1789760993,rnd_task_001,robot_1,South,South,24.94,2,0,0.46,4,1,0.06,0.0,3,28,0.073,59,242.02,238.02,500.0,3,495.4
run_1789760993,rnd_task_002,robot_2,North,North,35.25,2,1,0.46,4,1,0.05,0.07,7,53,0.095,89,535.62,531.62,500.0,5,880.8
run_1789760993,rnd_task_003,robot_3,South,North,85.6,4,2,0.46,4,2,0.19,0.02,5,41,0.087,66,421.08,417.08,500.0,4,715.98
run_1789760993,rnd_task_004,robot_4,North,North,30.2,2,1,0.46,4,1,0.11,0.05,5,41,0.088,56,495.02,491.02,500.0,5,729.8
run_1789760993,rnd_task_005,robot_1,North,South,50.67,4,2,0.46,4,2,0.03,0.32,8,42,0.082,85,490.98,486.98,500.0,4,758.4
run_1789760993,rnd_task_006,robot_3,North,South,65.89,4,2,0.46,4,2,0.07,0.18,6,35,0.095,60,348.1,344.1,500.0,3,569.58
run_1789762785,rnd_task_001,robot_4,North,North,22.26,2,1,0.46,4,1,0.04,0.01,4,29,0.086,78,343.12,339.12,500.0,4,533.0
run_1789762785,rnd_task_002,robot_3,South,North,52.36,4,2,0.46,4,2,0.13,0.03,6,41,0.08,87,399.04,395.04,500.0,6,724.92
run_1789762785,rnd_task_003,robot_1,Central,Central,42.28,2,0,0.46,4,1,0.12,0.09,3,23,0.083,73,243.04,239.04,500.0,3,387.6
run_1789762785,rnd_task_004,robot_2,Central,South,69.97,4,2,0.46,4,2,0.13,0.07,5,34,0.089,79,452.16,448.16,500.0,5,604.2
run_1789762785,rnd_task_005,robot_1,North,Central,81.91,4,2,0.46,4,2,0.08,0.0,8,49,0.068,230,658.54,654.54,500.0,6,1113.2
run_1789762785,rnd_task_006,robot_4,North,North,0.51,0,1,0.46,4,1,0.11,0.14,5,35,0.08,109,317.88,313.88,500.0,5,647.4
run_1789762785,rnd_task_007,robot_2,North,South,0.67,0,2,0.46,4,2,0.19,0.02,7,42,0.075,220,681.62,677.62,500.0,4,879.8
run_1789762785,rnd_task_008,robot_3,North,North,0.85,0,1,0.46,4,1,0.18,0.0,3,24,0.069,100,234.4,230.4,500.0,3,465.4
run_1789762785,rnd_task_011,robot_2,South,North,66.86,4,2,0.46,4,2,0.02,0.02,4,20,0.045,64,293.42,289.42,500.0,2,622.0
run_1789762785,rnd_task_012,robot_1,Central,South,0.85,0,2,0.46,4,2,0.08,0.0,5,19,0.052,64,277.66,273.66,500.0,1,501.28
run_1789762785,rnd_task_013,robot_1,North,North,0.85,0,0,0.46,4,1,0.0,0.18,3,18,0.029,24,545.74,541.74,500.0,2,752.2
run_1789762785,rnd_task_014,robot_2,South,North,79.73,4,2,0.46,4,2,0.05,0.02,5,34,0.045,39,718.34,714.34,500.0,2,1115.4
run_1789762785,rnd_task_017,robot_1,North,North,8.95,2,0,0.46,4,1,0.01,0.0,3,17,0.045,15,175.2,171.2,500.0,1,442.6
run_1789762785,rnd_task_019,robot_2,North,North,37.05,2,1,0.46,4,1,0.0,0.18,2,7,0.021,0,149.2,145.2,500.0,1,373.0
run_1789762785,rnd_task_020,robot_1,Central,Central,98.97,4,2,0.46,4,1,0.13,0.0,3,13,0.033,15,248.88,244.88,500.0,2,547.6
run_1789762785,rnd_task_021,robot_2,North,South,60.37,4,2,0.46,4,2,0.11,0.04,2,12,0.028,82,263.54,259.54,500.0,2,561.8
run_1789762785,rnd_task_022,robot_1,Central,Central,56.42,2,1,0.46,4,1,0.2,0.0,2,12,0.034,67,157.36,153.36,500.0,1,469.42
run_1789761736,rnd_task_001,robot_1,South,South,0.85,0,0,0.46,4,1,0.02,0.0,3,28,0.071,75,246.06,242.06,500.0,3,504.0
run_1789761736,rnd_task_002,robot_2,North,North,35.25,2,1,0.46,4,1,0.08,0.1,7,53,0.092,120,563.9,559.9,500.0,6,911.2
run_1789761736,rnd_task_003,robot_3,South,North,0.99,0,2,0.46,4,2,0.18,0.03,5,41,0.084,86,446.34,442.34,500.0,4,736.6
run_1789761736,rnd_task_004,robot_4,North,North,30.2,2,1,0.46,4,1,0.16,0.1,5,41,0.087,77,499.58,495.58,500.0,4,734.4
run_1789761736,rnd_task_005,robot_1,North,South,50.67,4,2,0.46,4,2,0.03,0.13,8,42,0.079,113,522.64,518.64,500.0,6,787.8
run_1789761736,rnd_task_006,robot_3,North,South,65.89,4,2,0.46,4,2,0.07,0.12,6,36,0.089,113,402.76,398.76,500.0,5,628.4
run_1789761736,rnd_task_007,robot_4,South,North,66.35,4,2,0.46,4,2,0.08,0.05,10,53,0.082,164,681.14,677.14,500.0,7,974.4
run_1789761736,rnd_task_008,robot_2,North,South,0.49,0,2,0.46,4,2,0.14,0.13,7,35,0.069,141,382.0,378.0,500.0,5,758.56
run_1789761736,rnd_task_009,robot_1,North,Central,64.69,4,2,0.46,4,2,0.11,0.05,6,31,0.071,79,408.2,404.2,500.0,6,618.28
run_1789761736,rnd_task_010,robot_3,Central,North,100.1,4,2,0.46,4,2,0.1,0.35,7,42,0.082,65,307.68,303.68,500.0,6,755.6
run_1789761736,rnd_task_011,robot_2,South,North,73.22,4,2,0.46,4,2,0.0,0.18,8,43,0.088,34,328.96,324.96,500.0,7,748.86
run_1789761736,rnd_task_012,robot_4,Central,North,31.22,2,0,0.46,4,2,0.04,0.31,7,32,0.089,34,353.36,349.36,500.0,5,564.8
run_1789761736,rnd_task_013,robot_1,North,South,6.13,1,2,0.46,4,2,0.02,0.0,7,36,0.076,54,479.28,475.28,500.0,6,681.6
run_1789761736,rnd_task_014,robot_3,North,North,53.01,2,1,0.46,4,1,0.01,0.0,6,41,0.091,31,303.5,299.5,500.0,6,659.46
run_1789761736,rnd_task_015,robot_4,South,North,6.24,1,2,0.46,4,2,0.01,0.0,10,81,0.102,79,758.28,754.28,500.0,8,1181.04
run_1789761736,rnd_task_016,robot_2,North,South,59.88,4,2,0.46,4,2,0.01,0.0,6,34,0.105,21,320.9,316.9,500.0,5,475.38
run_1789761736,rnd_task_017,robot_1,South,North,97.33,4,2,0.46,4,2,0.02,0.08,9,78,0.111,78,649.8,645.8,500.0,6,1096.2
run_1789761736,rnd_task_018,robot_3,Central,South,57.08,2,1,0.46,4,2,0.05,0.33,5,42,0.097,58,301.66,297.66,500.0,4,636.4
run_1789761736,rnd_task_019,robot_2,Central,Central,78.22,4,2,0.46,4,1,0.02,0.2,6,42,0.097,58,292.68,288.68,500.0,4,642.2
run_1789761736,rnd_task_020,robot_3,South,South,22.15,2,0,0.46,4,1,0.0,0.18,6,29,0.131,21,70.44,66.44,500.0,3,305.8
run_1789912034,rnd_task_001,robot_1,South,South,24.94,2,0,0.46,4,1,0.0,0.0,2,23,0.057,81,237.22,233.22,500.0,3,490.4
run_1789912034,rnd_task_002,robot_2,North,North,0.79,0,1,0.46,4,1,0.06,0.15,7,53,0.096,104,535.14,531.14,500.0,6,872.88
run_1789912034,rnd_task_003,robot_3,South,North,0.49,0,2,0.46,4,2,0.2,0.01,5,41,0.086,78,438.18,434.18,500.0,4,720.4
run_1789912034,rnd_task_004,robot_4,North,North,30.2,2,1,0.46,4,1,0.17,0.04,5,41,0.088,69,501.58,497.58,500.0,5,726.2
run_1789912034,rnd_task_005,robot_1,North,South,50.67,4,2,0.46,4,2,0.08,0.24,8,42,0.081,100,505.82,501.82,500.0,6,767.6
run_1789912034,rnd_task_006,robot_3,North,South,65.89,4,2,0.46,4,2,0.13,0.1,6,42,0.098,119,400.36,396.36,500.0,6,633.68
run_1789912034,rnd_task_007,robot_4,South,North,66.35,4,2,0.46,4,2,0.05,0.15,9,60,0.097,154,664.56,660.56,500.0,7,951.4
run_1789912034,rnd_task_008,robot_2,North,South,0.49,0,2,0.46,4,2,0.09,0.04,6,46,0.086,139,387.46,383.46,500.0,5,764.38
run_1789912034,rnd_task_009,robot_1,North,Central,64.69,4,2,0.46,4,2,0.0,0.07,6,42,0.1,74,408.26,404.26,500.0,6,618.8
run_1789912034,rnd_task_010,robot_3,Central,North,100.1,4,2,0.46,4,2,0.05,0.33,8,53,0.098,49,360.04,356.04,500.0,6,812.4
run_1789912034,rnd_task_011,robot_2,South,North,73.22,4,2,0.46,4,2,0.0,0.18,7,38,0.077,24,330.02,326.02,500.0,7,751.2
run_1789912034,rnd_task_012,robot_4,Central,North,31.22,2,0,0.46,4,2,0.05,0.07,7,36,0.103,24,343.34,339.34,500.0,5,545.26
run_1789912034,rnd_task_013,robot_1,North,South,0.85,0,2,0.46,4,2,0.04,0.39,7,37,0.08,24,472.56,468.56,500.0,6,675.16
run_1789912034,rnd_task_014,robot_3,North,North,6.0,0,1,0.46,4,1,0.0,0.0,7,35,0.076,48,301.62,297.62,500.0,6,661.18
run_1789912034,rnd_task_015,robot_4,South,North,6.24,1,2,0.46,4,2,0.03,0.14,12,75,0.091,115,890.56,886.56,500.0,8,1302.38
run_1789912034,rnd_task_016,robot_2,North,South,59.88,4,2,0.46,4,2,0.01,0.02,7,41,0.098,82,479.0,475.0,500.0,5,632.4
run_1789912034,rnd_task_017,robot_1,South,North,6.0,0,2,0.46,4,2,0.03,0.0,6,42,0.075,90,379.58,375.58,500.0,5,821.6
run_1789912034,rnd_task_018,robot_3,Central,South,57.08,2,1,0.46,4,2,0.07,0.19,5,31,0.068,56,329.26,325.26,500.0,4,645.2
run_1789912034,rnd_task_019,robot_2,Central,Central,78.22,4,2,0.46,4,1,0.0,0.18,5,30,0.072,33,246.64,242.64,500.0,4,584.74
run_1789912034,rnd_task_021,robot_3,South,Central,0.51,0,2,0.46,4,2,0.0,0.18,7,47,0.122,20,199.98,195.98,500.0,2,572.4
run_1789908662,rnd_task_001,robot_1,South,South,5.89,1,0,0.46,4,1,0.22,0.0,3,23,0.041,436,387.26,383.26,500.0,1,688.6
run_1789908662,rnd_task_002,robot_2,North,North,6.0,0,1,0.46,4,1,0.08,0.0,3,24,0.035,722,661.3,657.3,500.0,1,1043.4
run_1789366839,rnd_task_001,robot_1,South,South,24.94,2,0,0.46,4,1,0.03,0.04,3,28,0.073,83,245.78,241.78,500.0,0,494.54
run_1789365175,rnd_task_001,robot_1,South,South,24.94,2,0,0.46,4,1,0.05,0.0,3,22,0.058,72,257.94,253.94,500.0,3,521.6
run_1789365175,rnd_task_002,robot_2,North,North,0.79,0,1,0.46,4,1,0.18,0.08,7,59,0.095,105,642.44,638.44,500.0,5,991.78
run_1789365175,rnd_task_003,robot_3,South,North,85.6,4,2,0.46,4,2,0.13,0.06,5,41,0.078,88,505.04,501.04,500.0,4,799.88
run_1789365175,rnd_task_004,robot_4,North,North,30.2,2,1,0.46,4,1,0.17,0.07,5,41,0.074,83,552.1,548.1,500.0,5,815.6
run_1789365175,rnd_task_005,robot_1,North,South,6.0,0,2,0.46,4,2,0.04,0.28,8,60,0.099,47,611.66,607.66,500.0,4,885.64
run_1789365175,rnd_task_006,robot_3,North,South,6.03,1,2,0.46,4,2,0.06,0.17,6,47,0.105,31,429.68,425.68,500.0,3,706.02
run_1789910607,rnd_task_001,robot_1,South,South,0.85,0,0,0.46,4,1,0.09,0.02,2,11,0.024,149,248.76,244.76,500.0,1,502.0
run_1789910607,rnd_task_002,robot_2,North,North,6.0,0,1,0.46,4,1,0.03,0.0,5,34,0.05,230,702.7,698.7,500.0,1,1046.56
run_1789876963,rnd_task_001,robot_1,North,North,29.43,2,1,0.46,4,1,0.05,0.0,5,36,0.087,33,498.76,494.76,500.0,4,643.18
run_1789876963,rnd_task_002,robot_4,North,South,97.58,4,2,0.46,4,2,0.11,0.13,9,94,0.117,52,690.58,686.58,500.0,8,1126.0
run_1789876963,rnd_task_003,robot_2,South,Central,79.61,4,2,0.46,4,2,0.02,0.01,3,16,0.051,27,252.46,248.46,500.0,3,428.8
run_1789876963,rnd_task_004,robot_3,North,South,60.51,4,2,0.46,4,2,0.05,0.04,7,64,0.113,39,727.18,723.18,500.0,6,885.8
run_1789876963,rnd_task_005,robot_2,Central,North,0.88,0,2,0.46,4,2,0.07,0.0,5,23,0.1,7,104.24,100.24,500.0,4,300.0
run_1789876963,rnd_task_006,robot_1,North,Central,34.8,2,1,0.46,4,2,0.0,0.18,3,38,0.169,17,196.48,192.48,500.0,5,331.0
run_1789876963,rnd_task_007,robot_2,South,Central,80.3,4,2,0.46,4,2,0.0,0.18,6,68,0.157,17,441.28,437.28,500.0,6,673.38
run_1789876963,rnd_task_008,robot_3,North,South,64.2,4,2,0.46,4,2,0.07,0.01,8,60,0.102,34,624.64,620.64,500.0,6,898.8
run_1789876963,rnd_task_009,robot_1,North,Central,53.26,2,1,0.46,4,2,0.0,0.18,8,61,0.102,30,420.14,416.14,500.0,7,921.6
run_1789876963,rnd_task_010,robot_4,North,North,37.44,2,1,0.46,4,1,0.08,0.09,9,65,0.097,46,664.48,660.48,500.0,7,1032.0
run_1789876963,rnd_task_011,robot_2,South,South,24.94,2,0,0.46,4,1,0.14,0.01,6,31,0.099,27,249.88,245.88,500.0,4,446.4
run_1789876963,rnd_task_013,robot_3,North,North,30.7,2,1,0.46,4,1,0.02,0.37,7,37,0.129,31,256.36,252.36,500.0,6,418.2
run_1789876963,rnd_task_014,robot_2,North,North,9.66,2,0,0.46,4,1,0.0,0.18,7,37,0.092,59,411.16,407.16,500.0,7,609.8
run_1789876963,rnd_task_015,robot_1,Central,North,31.22,2,0,0.46,4,2,0.02,0.19,4,25,0.09,31,161.62,157.62,500.0,5,400.0
run_1789876963,rnd_task_016,robot_4,South,Central,28.02,2,0,0.46,4,2,0.01,0.23,8,55,0.081,84,682.12,678.12,500.0,8,983.48
run_1789876963,rnd_task_017,robot_3,North,North,13.2,2,0,0.46,4,1,0.0,0.0,3,18,0.052,38,153.64,149.64,500.0,5,420.8
run_1789876963,rnd_task_018,robot_1,North,Central,22.67,2,0,0.46,4,2,0.09,0.08,5,34,0.107,39,254.24,250.24,500.0,5,523.2
run_1789876963,rnd_task_019,robot_2,South,North,61.02,4,2,0.46,4,2,0.02,0.07,6,37,0.078,40,616.98,612.98,500.0,5,746.96
run_1789876963,rnd_task_020,robot_3,North,South,0.67,0,2,0.46,4,2,0.02,0.0,5,36,0.085,33,395.14,391.14,500.0,4,655.4
run_1789876963,rnd_task_021,robot_1,North,Central,87.28,4,2,0.46,4,2,0.06,0.0,4,14,0.055,32,124.72,120.72,500.0,3,363.2
run_1789875949,rnd_task_001,robot_4,North,North,0.49,0,1,0.46,4,1,0.05,0.0,4,29,0.088,47,337.2,333.2,500.0,4,525.4
run_1789875949,rnd_task_002,robot_3,South,North,52.36,4,2,0.46,4,2,0.12,0.04,6,41,0.08,63,402.88,398.88,500.0,6,727.38
run_1789875949,rnd_task_003,robot_1,Central,Central,42.28,2,0,0.46,4,1,0.14,0.0,3,23,0.082,36,240.92,236.92,500.0,3,388.88
run_1789875949,rnd_task_004,robot_2,Central,South,69.97,4,2,0.46,4,2,0.05,0.0,5,34,0.089,53,448.42,444.42,500.0,5,606.4
run_1789875949,rnd_task_005,robot_1,North,Central,81.91,4,2,0.46,4,2,0.07,0.02,7,43,0.06,205,652.38,648.38,500.0,8,1100.8
run_1789875949,rnd_task_006,robot_4,North,North,35.25,2,1,0.46,4,1,0.13,0.13,5,36,0.082,137,333.22,329.22,500.0,5,655.56
run_1789875949,rnd_task_007,robot_2,North,South,68.9,4,2,0.46,4,2,0.02,0.08,5,36,0.064,184,675.74,671.74,500.0,6,876.88
run_1789875949,rnd_task_008,robot_3,North,North,0.85,0,1,0.46,4,1,0.11,0.0,3,24,0.071,121,234.36,230.36,500.0,4,452.2
run_1789875949,rnd_task_009,robot_4,North,South,66.1,4,2,0.46,4,2,0.06,0.0,5,30,0.059,100,602.04,598.04,500.0,6,813.54
run_1789875949,rnd_task_010,robot_3,South,North,48.14,4,2,0.46,4,2,0.05,0.05,5,36,0.06,101,627.04,623.04,500.0,6,869.8
run_1789875949,rnd_task_011,robot_1,South,North,66.86,4,2,0.46,4,2,0.01,0.02,6,36,0.088,44,355.64,351.64,500.0,6,637.6
run_1789875949,rnd_task_012,robot_2,Central,South,74.38,4,2,0.46,4,2,0.02,0.04,5,35,0.086,44,346.68,342.68,500.0,5,579.0
run_1789875949,rnd_task_013,robot_4,North,North,0.85,0,0,0.46,4,1,0.0,0.18,6,30,0.08,1,440.0,436.0,500.0,6,521.84
run_1789875949,rnd_task_014,robot_3,South,North,79.73,4,2,0.46,4,2,0.01,0.46,11,65,0.096,21,667.14,663.14,500.0,9,1040.0
run_1789875949,rnd_task_015,robot_2,Central,North,85.1,4,2,0.46,4,2,0.04,0.11,8,42,0.097,17,318.14,314.14,500.0,5,636.6
run_1789875949,rnd_task_016,robot_1,South,South,47.38,2,1,0.46,4,1,0.02,0.28,8,52,0.102,21,379.54,375.54,500.0,5,786.56
run_1789875949,rnd_task_017,robot_4,North,North,8.95,2,0,0.46,4,1,0.04,0.0,6,30,0.089,21,219.98,215.98,500.0,5,474.0
run_1789875949,rnd_task_018,robot_2,Central,South,0.85,0,2,0.46,4,2,0.0,0.18,5,23,0.103,4,215.8,211.8,500.0,5,330.4
run_1789875949,rnd_task_019,robot_1,North,North,37.05,2,1,0.46,4,1,0.1,0.19,5,30,0.071,40,397.02,393.02,500.0,4,651.4
run_1789875949,rnd_task_020,robot_4,Central,Central,98.97,4,2,0.46,4,1,0.04,0.24,5,25,0.073,31,229.44,225.44,500.0,3,524.0
run_1789874859,rnd_task_001,robot_1,South,South,24.94,2,0,0.46,4,1,0.02,0.02,3,28,0.07,82,255.48,251.48,500.0,3,517.02
run_1789874859,rnd_task_002,robot_2,North,North,35.25,2,1,0.46,4,1,0.16,0.06,7,60,0.092,173,666.8,662.8,500.0,6,1046.76
run_1789874859,rnd_task_003,robot_3,South,North,85.6,4,2,0.46,4,2,0.05,0.11,5,41,0.084,109,436.04,432.04,500.0,4,737.8
run_1789874859,rnd_task_004,robot_4,North,North,0.75,0,1,0.46,4,1,0.04,0.19,5,41,0.086,100,504.88,500.88,500.0,5,742.8
run_1789874859,rnd_task_005,robot_1,North,South,50.67,4,2,0.46,4,2,0.03,0.22,7,42,0.074,92,517.24,513.24,500.0,6,780.6
run_1789874859,rnd_task_006,robot_3,North,South,65.89,4,2,0.46,4,2,0.02,0.42,6,46,0.108,50,365.46,361.46,500.0,6,628.34
run_1789874859,rnd_task_007,robot_4,South,North,66.35,4,2,0.46,4,2,0.09,0.06,10,66,0.093,104,803.1,799.1,500.0,7,1095.2
run_1789874859,rnd_task_008,robot_2,North,South,0.49,0,2,0.46,4,2,0.04,0.0,7,46,0.093,57,380.56,376.56,500.0,5,756.2
run_1789874859,rnd_task_009,robot_1,North,Central,64.69,4,2,0.46,4,2,0.06,0.05,7,43,0.101,57,421.76,417.76,500.0,6,635.2
run_1789874859,rnd_task_010,robot_3,Central,North,100.1,4,2,0.46,4,2,0.0,0.18,8,43,0.087,49,290.72,286.72,500.0,6,732.0
run_1789874859,rnd_task_012,robot_2,Central,North,0.97,0,2,0.46,4,2,0.04,0.11,6,31,0.088,34,349.74,345.74,500.0,6,524.4
run_1789874859,rnd_task_013,robot_4,North,South,43.19,4,2,0.46,4,2,0.09,0.01,7,36,0.094,34,405.9,401.9,500.0,6,574.6
run_1789874859,rnd_task_014,robot_1,North,North,53.01,2,1,0.46,4,1,0.01,0.28,8,46,0.091,63,412.58,408.58,500.0,6,743.98
run_1789874859,rnd_task_015,robot_3,South,North,6.24,1,2,0.46,4,2,0.02,0.15,9,59,0.082,93,711.14,707.14,500.0,7,1092.8
run_1789874859,rnd_task_016,robot_2,North,South,59.88,4,2,0.46,4,2,0.03,0.12,7,42,0.087,52,510.36,506.36,500.0,5,733.04
run_1789874859,rnd_task_017,robot_4,South,North,97.33,4,2,0.46,4,2,0.02,0.13,8,66,0.107,67,458.88,454.88,500.0,7,914.56
run_1789874859,rnd_task_018,robot_1,Central,South,57.08,2,1,0.46,4,2,0.0,0.0,6,48,0.113,34,278.58,274.58,500.0,5,599.66
run_1789874859,rnd_task_019,robot_2,Central,Central,6.0,0,0,0.46,4,1,0.0,0.18,7,52,0.158,13,144.46,140.46,500.0,5,494.6
run_1789874859,rnd_task_020,robot_3,South,South,0.85,0,0,0.46,4,1,0.02,0.32,9,72,0.146,12,430.42,426.42,500.0,4,739.8
run_1789874859,rnd_task_021,robot_1,South,Central,22.65,2,0,0.46,4,2,0.0,0.18,8,48,0.123,7,192.78,188.78,500.0,3,585.2
run_1789877897,rnd_task_001,robot_1,North,South,81.52,4,2,0.46,4,2,0.05,0.0,5,41,0.06,146,634.02,630.02,500.0,5,1030.4
run_1789877897,rnd_task_002,robot_4,North,South,95.29,4,2,0.46,4,2,0.04,0.09,7,52,0.069,258,774.0,770.0,500.0,6,1167.8
run_1789877897,rnd_task_003,robot_2,South,North,63.78,4,2,0.46,4,2,0.03,0.0,4,30,0.063,41,354.74,350.74,500.0,3,665.0
run_1789877897,rnd_task_004,robot_3,Central,South,93.74,4,2,0.46,4,2,0.01,0.0,4,35,0.066,74,400.3,396.3,500.0,4,786.8
run_1789877897,rnd_task_005,robot_2,South,South,14.75,2,0,0.46,4,1,0.19,0.09,6,40,0.072,315,585.5,581.5,500.0,5,834.2
run_1789877897,rnd_task_006,robot_3,South,North,70.84,4,2,0.46,4,2,0.18,0.1,6,41,0.071,282,507.12,503.12,500.0,4,844.8
run_1789877897,rnd_task_007,robot_1,Central,North,30.81,2,0,0.46,4,2,0.12,0.07,5,35,0.085,226,383.8,379.8,500.0,3,656.2
run_1789649670,rnd_task_001,robot_4,North,North,22.26,2,1,0.46,4,1,0.05,0.09,4,29,0.074,97,379.02,375.02,500.0,3,569.4
run_1789649670,rnd_task_002,robot_3,South,North,0.67,0,2,0.46,4,2,0.1,0.02,6,41,0.084,100,418.3,414.3,500.0,4,738.62
run_1789649670,rnd_task_003,robot_1,Central,Central,0.51,0,0,0.46,4,1,0.08,0.02,4,21,0.07,73,248.68,244.68,500.0,3,398.88
run_1789649670,rnd_task_004,robot_2,Central,South,0.85,0,2,0.46,4,2,0.08,0.01,5,34,0.088,88,449.34,445.34,500.0,4,612.2
run_1789649670,rnd_task_006,robot_4,North,North,35.25,2,1,0.46,4,1,0.45,0.0,4,25,0.035,350,721.9,717.9,500.0,2,1036.14
run_1789649670,rnd_task_009,robot_4,North,South,66.1,4,2,0.46,4,2,0.0,0.18,1,5,0.01,217,415.26,411.26,500.0,0,615.6
run_1789649670,rnd_task_014,robot_4,South,North,79.73,4,2,0.46,4,2,0.21,0.0,2,12,0.011,518,628.02,624.02,500.0,0,1064.0
run_1789649670,rnd_task_017,robot_4,North,North,8.95,2,0,0.46,4,1,0.03,0.0,2,12,0.027,143,152.66,148.66,500.0,0,437.8
run_1789648614,rnd_task_001,robot_1,South,South,0.85,0,0,0.46,4,1,0.02,0.0,3,28,0.069,58,260.58,256.58,500.0,3,520.2
run_1789648614,rnd_task_002,robot_2,North,North,35.25,2,1,0.46,4,1,0.12,0.13,7,53,0.093,96,553.62,549.62,500.0,6,907.5
run_1789648614,rnd_task_003,robot_3,South,North,85.6,4,2,0.46,4,2,0.19,0.0,5,41,0.085,69,428.98,424.98,500.0,4,727.2
run_1789648614,rnd_task_004,robot_4,North,North,30.2,2,1,0.46,4,1,0.07,0.05,5,41,0.087,59,495.04,491.04,500.0,5,734.72
run_1789648614,rnd_task_005,robot_1,North,South,50.67,4,2,0.46,4,2,0.04,0.2,8,42,0.077,98,534.22,530.22,500.0,6,805.32
run_1789648614,rnd_task_006,robot_3,North,South,65.89,4,2,0.46,4,2,0.06,0.2,6,36,0.084,87,426.36,422.36,500.0,6,663.6
run_1789648614,rnd_task_007,robot_4,South,North,66.35,4,2,0.46,4,2,0.06,0.06,10,59,0.088,157,723.46,719.46,500.0,7,1024.0
run_1789648614,rnd_task_008,robot_2,North,South,91.22,4,2,0.46,4,2,0.1,0.05,7,41,0.073,135,402.2,398.2,500.0,5,789.2
run_1789648614,rnd_task_009,robot_1,North,Central,64.69,4,2,0.46,4,2,0.07,0.04,7,42,0.096,90,430.54,426.54,500.0,6,648.02
run_1789648614,rnd_task_010,robot_3,Central,North,100.1,4,2,0.46,4,2,0.06,0.19,7,48,0.091,87,324.34,320.34,500.0,6,791.02
run_1789648614,rnd_task_011,robot_2,South,North,73.22,4,2,0.46,4,2,0.0,0.18,8,43,0.086,52,336.94,332.94,500.0,7,764.4
run_1789648614,rnd_task_012,robot_4,Central,North,31.22,2,0,0.46,4,2,0.07,0.28,7,32,0.086,52,363.98,359.98,500.0,5,584.2
run_1789648614,rnd_task_013,robot_1,North,South,0.85,0,2,0.46,4,2,0.07,0.17,7,36,0.075,70,482.56,478.56,500.0,6,692.6
run_1789648614,rnd_task_014,robot_3,North,North,6.0,0,1,0.46,4,1,0.02,0.0,6,40,0.087,48,309.4,305.4,500.0,6,667.8
run_1789648614,rnd_task_015,robot_4,South,North,82.81,4,2,0.46,4,2,0.01,0.4,10,87,0.105,80,842.08,838.08,500.0,8,1279.5
run_1789648614,rnd_task_016,robot_2,North,South,59.88,4,2,0.46,4,2,0.02,0.0,6,34,0.102,27,327.76,323.76,500.0,5,490.0
run_1789648614,rnd_task_017,robot_1,South,North,97.33,4,2,0.46,4,2,0.04,0.02,10,95,0.123,90,694.1,690.1,500.0,6,1182.6
run_1789648614,rnd_task_018,robot_3,Central,South,0.67,0,2,0.46,4,2,0.01,0.0,4,32,0.067,53,293.08,289.08,500.0,4,630.02
run_1789648614,rnd_task_019,robot_2,Central,Central,6.0,0,0,0.46,4,1,0.02,0.06,7,48,0.109,53,302.14,298.14,500.0,4,659.2
run_1789648614,rnd_task_020,robot_3,South,South,0.85,0,0,0.46,4,1,0.0,0.18,6,40,0.187,28,64.18,60.18,500.0,3,310.02
run_1789767549,rnd_task_001,robot_1,South,South,0.85,0,0,0.46,4,1,0.03,0.08,3,34,0.089,153,287.02,283.02,500.0,3,518.74
run_1789767549,rnd_task_002,robot_2,North,North,35.25,2,1,0.46,4,1,0.08,0.05,7,64,0.112,173,572.26,568.26,500.0,6,878.2
run_1789767549,rnd_task_003,robot_3,South,North,85.6,4,2,0.46,4,2,0.21,0.0,5,53,0.109,160,480.9,476.9,500.0,4,748.92
run_1789767549,rnd_task_004,robot_4,North,North,30.2,2,1,0.46,4,1,0.17,0.08,5,53,0.107,142,564.56,560.56,500.0,5,750.8
run_1789767549,rnd_task_005,robot_1,North,South,50.67,4,2,0.46,4,2,0.14,0.16,8,49,0.079,55,639.28,635.28,500.0,6,942.6
run_1789767549,rnd_task_006,robot_3,North,South,65.89,4,2,0.46,4,2,0.21,0.16,6,35,0.071,37,537.16,533.16,500.0,6,758.94
run_1789767549,rnd_task_007,robot_4,South,North,66.35,4,2,0.46,4,2,0.02,0.08,10,60,0.077,149,864.14,860.14,500.0,7,1190.6
run_1789767549,rnd_task_008,robot_2,North,South,0.49,0,2,0.46,4,2,0.03,0.05,7,37,0.055,143,502.34,498.34,500.0,5,940.98
run_1789767549,rnd_task_009,robot_1,North,Central,0.85,0,2,0.46,4,2,0.05,0.07,6,41,0.085,180,504.68,500.68,500.0,6,705.1
run_1789767549,rnd_task_010,robot_3,Central,North,100.1,4,2,0.46,4,2,0.1,0.05,9,54,0.09,228,440.2,436.2,500.0,5,910.6
run_1789767549,rnd_task_013,robot_2,North,South,6.13,1,2,0.46,4,2,0.13,0.11,10,53,0.09,134,723.76,719.76,500.0,5,886.1
run_1789767549,rnd_task_014,robot_4,North,North,53.01,2,1,0.46,4,1,0.0,0.18,7,36,0.085,134,320.76,316.76,500.0,4,634.6
run_1789767549,rnd_task_016,robot_3,North,South,6.0,0,2,0.46,4,2,0.0,0.18,5,25,0.063,84,349.28,345.28,500.0,2,541.52
run_1789767549,rnd_task_019,robot_3,Central,Central,78.22,4,2,0.46,4,1,0.0,0.18,2,18,0.024,718,570.1,566.1,500.0,0,908.2
