run_id,task_id,robot_id,start_zone,goal_zone,static_path_length_m,turn_count,junction_crossings_count,nominal_speed_mps,fleet_size,candidate_corridor_count,mean_nearby_robot_count,avg_nearby_robot_speed_mps,max_corridor_queue_length,reservation_count,corridor_occupancy_ratio,active_blockage_count,waiting_time_s,total_stop_time_s,mean_peer_freshness_ms,task_load_count,actual_travel_time_s
run_1789797279,rnd_task_001,robot_1,North,South,61.27,4,2,0.46,4,2,0.02,0.0,5,28,0.092,15,409.46,405.46,500.0,6,480.68
run_1789797279,rnd_task_002,robot_4,North,North,6.0,0,1,0.46,4,1,0.04,0.0,2,12,0.046,14,237.52,233.52,500.0,3,347.16
run_1789797279,rnd_task_003,robot_2,South,Central,97.58,4,2,0.46,4,2,0.02,0.01,4,22,0.073,14,177.84,173.84,500.0,4,411.36
run_1789797279,rnd_task_004,robot_3,North,South,6.01,1,2,0.46,4,2,0.0,0.0,4,22,0.082,14,284.1,280.1,500.0,4,412.66
run_1789797279,rnd_task_005,robot_4,South,South,6.0,0,1,0.46,4,1,0.0,0.18,7,40,0.128,8,242.26,238.26,500.0,8,468.8
run_1789797279,rnd_task_006,robot_2,South,North,64.38,4,2,0.46,4,2,0.0,0.18,4,19,0.104,2,168.6,164.6,500.0,4,270.04
run_1789797279,rnd_task_007,robot_3,Central,North,27.33,2,0,0.46,4,2,0.02,0.0,6,30,0.131,7,188.18,184.18,500.0,5,365.3
run_1789797279,rnd_task_008,robot_1,Central,North,40.86,2,1,0.46,4,2,0.04,0.0,5,24,0.096,7,211.62,207.62,500.0,6,375.12
run_1789797279,rnd_task_009,robot_2,North,South,57.94,4,2,0.46,4,2,0.16,0.04,7,41,0.138,17,302.36,298.36,500.0,7,462.38
run_1789797279,rnd_task_010,robot_3,North,North,26.03,2,1,0.46,4,1,0.03,0.0,5,19,0.09,12,153.2,149.2,500.0,5,289.9
run_1789797279,rnd_task_011,robot_4,North,Central,0.97,0,2,0.46,4,2,0.06,0.02,7,44,0.129,13,383.24,379.24,500.0,8,526.92
run_1789797279,rnd_task_012,robot_1,North,Central,0.51,0,2,0.46,4,2,0.02,0.02,7,42,0.164,13,145.12,141.12,500.0,5,377.76
run_1789797279,rnd_task_013,robot_3,North,North,14.4,2,1,0.46,4,1,0.22,0.05,4,18,0.189,1,43.68,39.68,500.0,4,137.42
run_1789797279,rnd_task_014,robot_2,North,Central,0.49,0,2,0.46,4,2,0.03,0.0,8,43,0.126,8,332.12,328.12,500.0,7,506.22
run_1789797279,rnd_task_015,robot_1,South,Central,0.99,0,2,0.46,4,2,0.01,0.11,8,42,0.12,12,232.96,228.96,500.0,6,514.8
run_1789797279,rnd_task_016,robot_3,North,South,6.05,1,2,0.46,4,2,0.03,0.15,5,25,0.103,7,258.76,254.76,500.0,4,367.4
run_1789797279,rnd_task_017,robot_4,North,Central,40.86,2,1,0.46,4,2,0.0,0.46,7,40,0.164,12,191.52,187.52,500.0,5,377.82
run_1789797279,rnd_task_018,robot_3,South,Central,83.93,4,2,0.46,4,2,0.0,0.18,5,25,0.144,6,122.46,118.46,500.0,5,250.62
run_1789797279,rnd_task_019,robot_2,North,North,11.19,2,0,0.46,4,1,0.08,0.09,6,35,0.211,6,121.7,117.7,500.0,4,236.58
run_1789797279,rnd_task_021,robot_1,Central,North,37.05,2,1,0.46,4,2,0.0,0.18,5,24,0.26,1,60.14,56.14,500.0,2,138.26
run_1789795074,rnd_task_001,robot_1,South,North,0.96,0,2,0.46,4,2,0.07,0.06,5,29,0.14,11,182.56,178.56,500.0,4,315.34
run_1789795074,rnd_task_002,robot_4,Central,North,34.25,2,1,0.46,4,2,0.08,0.01,6,34,0.153,11,217.6,213.6,500.0,5,351.86
run_1789795074,rnd_task_003,robot_2,South,South,4.8,2,0,0.46,4,1,0.04,0.0,4,18,0.119,10,89.22,85.22,500.0,3,200.86
run_1789795074,rnd_task_004,robot_3,South,South,50.15,2,1,0.46,4,1,0.0,0.0,6,29,0.125,10,99.02,95.02,500.0,5,334.98
run_1789795074,rnd_task_005,robot_2,North,North,14.74,2,0,0.46,4,1,0.05,0.0,9,58,0.181,11,320.16,316.16,500.0,8,486.74
run_1789795074,rnd_task_006,robot_1,Central,Central,96.59,4,2,0.46,4,1,0.21,0.01,6,35,0.178,9,162.92,158.92,500.0,5,291.96
run_1789795074,rnd_task_007,robot_4,North,South,62.65,4,2,0.46,4,2,0.15,0.13,8,47,0.239,9,189.22,185.22,500.0,4,292.3
run_1789795074,rnd_task_008,robot_3,South,South,0.49,0,1,0.46,4,1,0.0,0.18,8,47,0.208,10,60.36,56.36,500.0,5,337.16
run_1789795074,rnd_task_009,robot_1,South,North,0.96,0,2,0.46,4,2,0.07,0.08,8,49,0.146,12,232.8,228.8,500.0,8,519.42
run_1789795074,rnd_task_010,robot_4,North,Central,70.73,4,2,0.46,4,2,0.05,0.04,6,33,0.097,11,415.84,411.84,500.0,8,516.92
run_1789795074,rnd_task_011,robot_3,South,South,35.05,2,1,0.46,4,1,0.0,0.18,5,26,0.116,9,160.24,156.24,500.0,4,345.1
run_1789795074,rnd_task_012,robot_2,Central,Central,84.99,4,2,0.46,4,1,0.01,0.0,5,19,0.116,7,128.48,124.48,500.0,3,241.98
run_1789795074,rnd_task_013,robot_2,South,North,66.6,4,2,0.46,4,2,0.0,0.18,5,31,0.106,8,245.18,241.18,500.0,6,434.44
run_1789795074,rnd_task_014,robot_3,North,North,17.74,2,1,0.46,4,1,0.02,0.0,6,30,0.107,10,240.6,236.6,500.0,5,410.24
run_1789795074,rnd_task_015,robot_1,North,North,36.46,2,1,0.46,4,1,0.03,0.33,6,29,0.127,9,183.88,179.88,500.0,4,330.48
run_1789795074,rnd_task_016,robot_4,North,North,29.15,2,1,0.46,4,1,0.04,0.46,5,28,0.136,9,178.74,174.74,500.0,3,293.06
run_1789795074,rnd_task_018,robot_1,Central,Central,46.26,2,1,0.46,4,1,0.08,0.06,3,14,0.081,12,141.3,137.3,500.0,1,223.04
run_1789795074,rnd_task_020,robot_4,North,Central,25.99,2,0,0.46,4,2,0.11,0.15,5,30,0.106,17,216.82,212.82,500.0,3,396.2
run_1789795074,rnd_task_021,robot_1,North,Central,42.71,2,0,0.46,4,2,0.33,0.0,2,11,0.1,5,78.72,74.72,500.0,1,160.66
run_1789795074,rnd_task_022,robot_1,Central,South,55.04,2,1,0.46,4,2,0.11,0.06,2,12,0.029,6,179.28,175.28,500.0,1,420.8
run_1789796271,rnd_task_001,robot_4,South,North,66.13,4,2,0.46,4,2,0.07,0.03,6,36,0.151,35,238.24,234.24,500.0,5,370.74
run_1789796271,rnd_task_002,robot_3,North,North,0.68,0,1,0.46,4,1,0.23,0.18,7,41,0.171,35,231.06,227.06,500.0,6,375.12
run_1789796271,rnd_task_003,robot_2,South,Central,74.15,4,2,0.46,4,2,0.43,0.11,6,35,0.187,35,154.32,150.32,500.0,4,278.3
run_1789796271,rnd_task_004,robot_1,South,South,6.72,2,0,0.46,4,1,0.16,0.01,5,27,0.198,31,89.1,85.1,500.0,3,192.18
run_1789796271,rnd_task_005,robot_1,North,North,27.08,2,1,0.46,4,1,0.0,0.18,6,27,0.103,5,223.84,219.84,500.0,7,389.42
run_1789796271,rnd_task_006,robot_2,North,North,8.95,2,0,0.46,4,1,0.01,0.0,3,18,0.101,0,114.18,110.18,500.0,5,218.64
run_1789796271,rnd_task_007,robot_4,South,South,18.82,2,0,0.46,4,1,0.05,0.23,8,47,0.16,6,304.48,300.48,500.0,6,449.04
run_1789796271,rnd_task_008,robot_3,South,North,65.59,4,2,0.46,4,2,0.04,0.0,9,55,0.158,8,402.58,398.58,500.0,8,557.4
run_1789796271,rnd_task_009,robot_2,North,South,57.17,4,2,0.46,4,2,0.06,0.17,7,41,0.183,7,204.16,200.16,500.0,6,328.64
run_1789796271,rnd_task_010,robot_1,North,North,22.54,2,1,0.46,4,1,0.03,0.46,7,35,0.232,5,144.5,140.5,500.0,4,223.92
run_1789796271,rnd_task_011,robot_4,North,South,67.93,4,2,0.46,4,2,0.0,0.18,7,38,0.124,10,339.04,335.04,500.0,8,469.56
run_1789796271,rnd_task_012,robot_1,Central,North,65.99,4,2,0.46,4,2,0.03,0.46,7,32,0.131,3,190.28,186.28,500.0,6,352.22
run_1789796271,rnd_task_013,robot_2,Central,Central,84.99,4,2,0.46,4,1,0.04,0.25,6,30,0.144,3,151.22,147.22,500.0,4,305.8
run_1789796271,rnd_task_014,robot_3,North,South,77.44,4,2,0.46,4,2,0.03,0.03,9,51,0.151,9,283.02,279.02,500.0,6,517.7
run_1789796271,rnd_task_015,robot_2,North,South,0.99,0,2,0.46,4,2,0.05,0.09,7,31,0.098,11,361.54,357.54,500.0,6,468.26
run_1789796271,rnd_task_016,robot_1,South,North,54.24,4,2,0.46,4,2,0.04,0.01,5,36,0.092,11,367.22,363.22,500.0,6,564.58
run_1789796271,rnd_task_017,robot_4,North,North,30.73,2,1,0.46,4,1,0.03,0.0,5,29,0.15,5,174.5,170.5,500.0,4,294.0
run_1789796271,rnd_task_018,robot_3,North,South,0.49,0,2,0.46,4,2,0.09,0.24,8,38,0.119,11,347.62,343.62,500.0,5,505.86
run_1789796271,rnd_task_020,robot_2,North,Central,27.15,2,0,0.46,4,2,0.2,0.0,5,30,0.116,8,266.08,262.08,500.0,3,380.62
run_1789796271,rnd_task_021,robot_1,North,North,18.47,2,1,0.46,4,1,0.1,0.0,4,24,0.159,7,106.1,102.1,500.0,2,214.2
run_1789793885,rnd_task_001,robot_4,North,South,6.05,0,2,0.46,4,2,0.08,0.02,7,46,0.129,28,403.5,399.5,500.0,5,542.6
run_1789793885,rnd_task_002,robot_3,North,South,6.0,0,2,0.46,4,2,0.09,0.07,8,53,0.134,29,411.22,407.22,500.0,6,611.78
run_1789793885,rnd_task_003,robot_1,South,Central,6.0,0,2,0.46,4,2,0.09,0.0,4,22,0.139,18,150.98,146.98,500.0,3,216.18
run_1789793885,rnd_task_004,robot_2,South,North,6.0,0,2,0.46,4,2,0.1,0.01,6,40,0.139,28,229.94,225.94,500.0,4,431.54
run_1789793885,rnd_task_005,robot_1,South,North,81.77,4,2,0.46,4,2,0.06,0.16,7,49,0.132,19,280.6,276.6,500.0,6,562.46
run_1789793885,rnd_task_006,robot_2,Central,Central,6.0,1,1,0.46,4,1,0.08,0.0,5,31,0.134,12,147.94,143.94,500.0,5,344.28
run_1789793885,rnd_task_007,robot_4,South,North,88.85,4,2,0.46,4,2,0.01,0.0,9,53,0.151,14,235.98,231.98,500.0,7,528.86
run_1789793885,rnd_task_008,robot_3,North,South,64.59,4,2,0.46,4,2,0.08,0.0,5,26,0.097,12,305.38,301.38,500.0,5,392.8
run_1789793885,rnd_task_009,robot_2,South,South,6.06,1,0,0.46,4,1,0.0,0.18,5,14,0.091,2,94.52,90.52,500.0,4,196.74
run_1789793885,rnd_task_010,robot_1,North,Central,22.65,2,0,0.46,4,2,0.02,0.0,7,43,0.16,2,182.58,178.58,500.0,6,399.08
run_1789793885,rnd_task_011,robot_3,South,North,6.0,0,2,0.46,4,2,0.08,0.11,9,59,0.172,19,367.84,363.84,500.0,7,535.4
run_1789793885,rnd_task_012,robot_2,North,Central,43.07,2,1,0.46,4,2,0.13,0.01,9,50,0.135,19,369.86,365.86,500.0,6,562.02
run_1789793885,rnd_task_013,robot_4,North,South,51.16,4,2,0.46,4,2,0.16,0.13,7,37,0.134,12,257.46,253.46,500.0,4,403.78
run_1789793885,rnd_task_014,robot_1,Central,South,58.31,2,1,0.46,4,2,0.06,0.04,9,53,0.172,20,143.68,139.68,500.0,6,466.1
run_1789793885,rnd_task_015,robot_4,Central,North,21.89,2,0,0.46,4,2,0.05,0.46,8,42,0.22,8,151.12,147.12,500.0,7,291.22
run_1789793885,rnd_task_016,robot_3,South,North,6.0,0,2,0.46,4,2,0.0,0.18,12,70,0.215,5,341.14,337.14,500.0,7,502.44
run_1789793885,rnd_task_017,robot_2,Central,Central,75.93,4,2,0.46,4,1,0.0,0.18,4,23,0.339,1,43.02,39.02,500.0,3,88.56
run_1789793885,rnd_task_018,robot_2,North,South,80.64,4,2,0.46,4,2,0.0,0.18,8,42,0.175,3,216.76,212.76,500.0,4,353.46
run_1789793885,rnd_task_019,robot_1,North,North,16.53,2,0,0.46,4,1,0.0,0.18,7,35,0.182,3,183.32,179.32,500.0,4,275.3
run_1789793885,rnd_task_020,robot_4,South,North,60.98,4,2,0.46,4,2,0.02,0.02,9,43,0.128,14,389.9,385.9,500.0,3,529.22
run_1789761682,rnd_task_001,robot_1,South,North,71.7,4,2,0.46,4,2,0.22,0.06,5,29,0.141,6,183.72,179.72,500.0,4,312.0
run_1789761682,rnd_task_002,robot_4,Central,North,34.25,2,1,0.46,4,2,0.06,0.0,6,34,0.155,6,220.9,216.9,500.0,6,349.48
run_1789761682,rnd_task_003,robot_2,South,South,4.8,2,0,0.46,4,1,0.11,0.03,4,18,0.12,6,89.1,85.1,500.0,3,199.36
run_1789761682,rnd_task_004,robot_3,South,South,50.15,2,1,0.46,4,1,0.09,0.16,6,29,0.132,6,86.96,82.96,500.0,5,318.06
run_1789761682,rnd_task_005,robot_2,North,North,14.74,2,0,0.46,4,1,0.05,0.0,5,30,0.118,6,192.66,188.66,500.0,6,356.2
run_1789761682,rnd_task_006,robot_1,Central,Central,96.59,4,2,0.46,4,1,0.12,0.0,6,34,0.177,6,145.08,141.08,500.0,6,282.96
run_1789761682,rnd_task_007,robot_3,North,South,62.65,4,2,0.46,4,2,0.13,0.01,8,53,0.175,18,335.08,331.08,500.0,6,457.6
run_1789761682,rnd_task_008,robot_4,South,South,43.06,2,1,0.46,4,1,0.05,0.0,8,54,0.175,18,213.6,209.6,500.0,6,468.12
run_1789761682,rnd_task_009,robot_2,South,North,75.47,4,2,0.46,4,2,0.07,0.1,10,56,0.148,15,275.22,271.22,500.0,9,593.22
run_1789761682,rnd_task_010,robot_1,North,Central,70.73,4,2,0.46,4,2,0.04,0.12,6,33,0.141,13,242.76,238.76,500.0,5,355.04
run_1789761682,rnd_task_011,robot_3,South,South,35.05,2,1,0.46,4,1,0.0,0.18,5,19,0.106,3,114.98,110.98,500.0,5,263.6
run_1789761682,rnd_task_012,robot_4,Central,Central,84.99,4,2,0.46,4,1,0.01,0.0,5,23,0.117,3,171.34,167.34,500.0,5,289.92
run_1789761682,rnd_task_013,robot_1,South,North,66.6,4,2,0.46,4,2,0.0,0.46,7,40,0.142,12,257.06,253.06,500.0,7,437.9
run_1789761682,rnd_task_014,robot_3,North,North,17.74,2,1,0.46,4,1,0.08,0.29,6,32,0.113,12,259.5,255.5,500.0,7,425.74
run_1789761682,rnd_task_015,robot_4,North,North,36.46,2,1,0.46,4,1,0.21,0.04,8,37,0.098,24,386.28,382.28,500.0,6,551.8
run_1789761682,rnd_task_016,robot_2,North,North,29.15,2,1,0.46,4,1,0.04,0.29,3,17,0.112,9,83.3,79.3,500.0,3,196.86
run_1789761682,rnd_task_017,robot_2,Central,North,40.64,2,1,0.46,4,2,0.74,0.02,9,64,0.08,35,1016.18,1012.18,500.0,6,1253.58
run_1789761682,rnd_task_018,robot_1,Central,Central,46.26,2,1,0.46,4,1,0.34,0.03,6,25,0.107,17,247.2,243.2,500.0,4,355.74
run_1789761682,rnd_task_020,robot_4,North,Central,0.85,0,2,0.46,4,2,0.38,0.0,4,14,0.078,5,122.82,118.82,500.0,2,206.02
run_1789761682,rnd_task_022,robot_4,Central,South,55.04,2,1,0.46,4,2,0.37,0.0,2,12,0.022,6,291.58,287.58,500.0,1,539.8
run_1789764915,rnd_task_001,robot_1,North,South,54.74,4,2,0.46,4,2,0.05,0.0,6,40,0.119,12,393.28,389.28,500.0,5,503.78
run_1789764915,rnd_task_002,robot_2,Central,North,22.65,2,0,0.46,4,2,0.02,0.0,5,33,0.115,11,247.3,243.3,500.0,3,418.8
run_1789764915,rnd_task_003,robot_3,South,North,89.91,4,2,0.46,4,2,0.05,0.0,6,38,0.133,9,199.8,195.8,500.0,4,420.12
run_1789764915,rnd_task_004,robot_4,North,South,6.0,0,2,0.46,4,2,0.06,0.17,11,69,0.133,18,549.86,545.86,500.0,7,809.0
run_1789764915,rnd_task_005,robot_2,South,North,0.98,0,2,0.46,4,2,0.04,0.04,8,36,0.126,9,317.48,313.48,500.0,6,428.52
run_1789764915,rnd_task_006,robot_3,North,Central,6.0,0,2,0.46,4,2,0.0,0.18,5,20,0.08,9,99.42,95.42,500.0,4,326.84
run_1789764915,rnd_task_007,robot_1,North,North,27.79,2,0,0.46,4,1,0.12,0.0,5,28,0.124,9,241.46,237.46,500.0,4,339.6
run_1789764915,rnd_task_008,robot_3,North,South,6.0,0,2,0.46,4,2,0.05,0.18,9,55,0.128,14,370.42,366.42,500.0,9,654.16
run_1789764915,rnd_task_009,robot_4,South,North,6.0,0,2,0.46,4,2,0.07,0.0,5,26,0.152,8,170.98,166.98,500.0,3,263.94
run_1789764915,rnd_task_010,robot_1,North,South,52.21,4,2,0.46,4,2,0.06,0.19,7,36,0.15,9,258.96,254.96,500.0,4,346.42
run_1789764915,rnd_task_011,robot_2,Central,South,6.0,0,2,0.46,4,2,0.07,0.12,8,37,0.144,9,216.76,212.76,500.0,5,390.14
run_1789764915,rnd_task_012,robot_4,South,North,0.51,0,2,0.46,4,2,0.03,0.05,7,59,0.117,10,539.6,535.6,500.0,8,769.06
run_1789764915,rnd_task_013,robot_1,Central,North,6.0,1,2,0.46,4,2,0.04,0.0,4,18,0.081,5,130.56,126.56,500.0,5,271.8
run_1789764915,rnd_task_014,robot_2,North,South,66.35,4,2,0.46,4,2,0.03,0.06,8,53,0.129,10,429.78,425.78,500.0,7,649.6
run_1789764915,rnd_task_015,robot_3,South,North,0.85,0,2,0.46,4,2,0.01,0.14,6,41,0.124,6,246.48,242.48,500.0,7,485.34
run_1789764915,rnd_task_016,robot_1,Central,North,6.0,0,2,0.46,4,2,0.03,0.0,4,14,0.07,5,150.98,146.98,500.0,3,284.06
run_1789764915,rnd_task_017,robot_1,Central,North,26.07,2,0,0.46,4,2,0.0,0.18,5,30,0.143,4,212.12,208.12,500.0,6,293.06
run_1789764915,rnd_task_018,robot_4,South,South,0.85,0,1,0.46,4,1,0.15,0.01,10,54,0.151,12,234.38,230.38,500.0,5,541.4
run_1789764915,rnd_task_019,robot_2,North,North,28.7,2,1,0.46,4,1,0.14,0.0,8,43,0.146,10,339.06,335.06,500.0,4,450.72
run_1789764915,rnd_task_020,robot_3,South,Central,61.92,4,2,0.46,4,2,0.07,0.05,9,46,0.155,11,321.82,317.82,500.0,3,452.04
run_1789767144,rnd_task_001,robot_1,Central,South,50.83,2,1,0.46,4,2,0.09,0.0,5,29,0.127,15,156.26,152.26,500.0,2,331.2
run_1789767144,rnd_task_002,robot_4,North,North,14.4,2,1,0.46,4,1,0.09,0.0,5,29,0.136,15,230.76,226.76,500.0,2,323.2
run_1789767144,rnd_task_004,robot_2,South,South,20.85,2,0,0.46,4,1,0.02,0.0,4,22,0.135,13,109.1,105.1,500.0,2,222.62
run_1789763007,rnd_task_001,robot_4,South,North,66.13,4,2,0.46,4,2,0.06,0.08,6,36,0.157,23,227.62,223.62,500.0,5,356.54
run_1789763007,rnd_task_002,robot_3,North,North,32.25,2,1,0.46,4,1,0.21,0.14,7,40,0.172,23,219.44,215.44,500.0,6,359.8
run_1789763007,rnd_task_003,robot_2,South,Central,0.85,0,2,0.46,4,2,0.3,0.07,6,35,0.194,23,147.06,143.06,500.0,4,267.92
run_1789763007,rnd_task_004,robot_1,South,South,6.72,2,0,0.46,4,1,0.14,0.0,5,27,0.209,21,81.48,77.48,500.0,3,182.2
run_1789763007,rnd_task_005,robot_1,North,North,27.08,2,1,0.46,4,1,0.0,0.18,6,27,0.106,4,215.94,211.94,500.0,7,376.5
run_1789763007,rnd_task_006,robot_2,North,North,8.95,2,0,0.46,4,1,0.0,0.18,3,18,0.105,2,103.26,99.26,500.0,5,209.3
run_1789763007,rnd_task_007,robot_4,South,South,18.82,2,0,0.46,4,1,0.03,0.33,8,52,0.181,6,301.5,297.5,500.0,6,442.4
run_1789763007,rnd_task_008,robot_3,South,North,65.59,4,2,0.46,4,2,0.02,0.01,10,60,0.168,16,413.12,409.12,500.0,8,570.18
run_1789763007,rnd_task_009,robot_2,North,South,57.17,4,2,0.46,4,2,0.06,0.25,7,41,0.181,5,214.5,210.5,500.0,6,331.6
run_1789763007,rnd_task_010,robot_1,North,North,22.54,2,1,0.46,4,1,0.06,0.44,7,39,0.267,3,138.32,134.32,500.0,4,217.02
run_1789763007,rnd_task_011,robot_4,North,South,6.0,1,2,0.46,4,2,0.03,0.03,9,55,0.177,17,346.04,342.04,500.0,8,486.42
run_1789763007,rnd_task_012,robot_1,Central,North,65.99,4,2,0.46,4,2,0.07,0.12,7,37,0.163,17,190.12,186.12,500.0,5,331.72
run_1789763007,rnd_task_013,robot_2,Central,Central,6.0,1,1,0.46,4,1,0.11,0.15,5,35,0.152,17,156.88,152.88,500.0,5,315.96
run_1789763007,rnd_task_014,robot_3,North,South,77.44,4,2,0.46,4,2,0.02,0.0,10,58,0.165,12,314.68,310.68,500.0,6,544.1
run_1789763007,rnd_task_015,robot_1,North,South,60.85,4,2,0.46,4,2,0.0,0.18,6,30,0.119,4,216.84,212.84,500.0,5,351.76
run_1789763007,rnd_task_016,robot_2,South,North,54.24,4,2,0.46,4,2,0.03,0.0,7,37,0.139,4,231.14,227.14,500.0,5,402.22
run_1789763007,rnd_task_017,robot_4,North,North,30.73,2,1,0.46,4,1,0.0,0.18,6,29,0.157,4,168.92,164.92,500.0,5,280.8
run_1789763007,rnd_task_019,robot_1,South,South,33.75,2,1,0.46,4,1,0.0,0.18,5,25,0.156,3,68.84,64.84,500.0,4,231.42
run_1789763007,rnd_task_020,robot_2,North,Central,27.15,2,0,0.46,4,2,0.07,0.23,3,14,0.086,4,117.16,113.16,500.0,3,210.04
run_1789763007,rnd_task_021,robot_4,North,North,18.47,2,1,0.46,4,1,0.05,0.0,4,14,0.083,6,116.46,112.46,500.0,2,241.56
run_1789763940,rnd_task_001,robot_1,North,South,61.27,4,2,0.46,4,2,0.0,0.0,5,29,0.097,10,404.96,400.96,500.0,6,475.54
run_1789763940,rnd_task_002,robot_4,North,North,0.55,0,1,0.46,4,1,0.01,0.0,2,12,0.047,10,234.72,230.72,500.0,3,339.6
run_1789763940,rnd_task_003,robot_2,South,Central,6.0,0,2,0.46,4,2,0.0,0.19,3,17,0.056,10,166.9,162.9,500.0,4,395.34
run_1789763940,rnd_task_004,robot_3,North,South,0.51,0,2,0.46,4,2,0.03,0.06,4,22,0.084,10,277.18,273.18,500.0,5,406.52
run_1789763940,rnd_task_005,robot_4,South,South,41.52,2,1,0.46,4,1,0.02,0.0,7,35,0.112,6,242.76,238.76,500.0,8,462.68
run_1789763940,rnd_task_006,robot_2,South,North,0.85,0,2,0.46,4,2,0.0,0.18,4,19,0.1,0,174.8,170.8,500.0,5,278.72
run_1789763940,rnd_task_007,robot_3,Central,North,27.33,2,0,0.46,4,2,0.06,0.0,6,30,0.13,6,195.82,191.82,500.0,5,368.8
run_1789763940,rnd_task_008,robot_1,Central,North,40.86,2,1,0.46,4,2,0.08,0.0,4,23,0.094,6,198.3,194.3,500.0,6,360.36
run_1789763940,rnd_task_009,robot_2,North,South,57.94,4,2,0.46,4,2,0.04,0.08,7,40,0.162,10,241.0,237.0,500.0,6,382.12
run_1789763940,rnd_task_010,robot_3,North,North,26.03,2,1,0.46,4,1,0.0,0.18,7,29,0.151,4,137.04,133.04,500.0,5,277.96
run_1789763940,rnd_task_011,robot_4,North,Central,79.12,4,2,0.46,4,2,0.04,0.01,7,43,0.15,4,292.48,288.48,500.0,8,439.14
run_1789763940,rnd_task_012,robot_1,North,Central,0.51,0,2,0.46,4,2,0.0,0.18,7,42,0.163,4,150.56,146.56,500.0,5,381.44
run_1789763940,rnd_task_013,robot_3,North,North,14.4,2,1,0.46,4,1,0.0,0.18,4,13,0.133,0,37.36,33.36,500.0,3,135.3
run_1789763940,rnd_task_014,robot_2,North,Central,36.41,2,0,0.46,4,2,0.0,0.18,9,43,0.134,2,319.54,315.54,500.0,6,479.22
run_1789763940,rnd_task_015,robot_1,South,Central,59.63,4,2,0.46,4,2,0.14,0.07,10,52,0.151,12,233.54,229.54,500.0,6,515.94
run_1789763940,rnd_task_016,robot_3,North,South,60.29,4,2,0.46,4,2,0.07,0.21,6,30,0.133,2,240.24,236.24,500.0,4,344.64
run_1789763940,rnd_task_017,robot_4,North,Central,40.86,2,1,0.46,4,2,0.0,0.18,6,30,0.128,2,178.7,174.7,500.0,5,358.48
run_1789763940,rnd_task_018,robot_3,South,Central,83.93,4,2,0.46,4,2,0.0,0.18,6,31,0.191,12,118.42,114.42,500.0,4,240.44
run_1789763940,rnd_task_019,robot_2,North,North,11.19,2,0,0.46,4,1,0.22,0.1,6,31,0.201,12,132.84,128.84,500.0,4,218.66
run_1789763940,rnd_task_021,robot_1,Central,North,37.05,2,1,0.46,4,2,0.0,0.18,5,15,0.156,2,60.6,56.6,500.0,2,140.74
run_1789760587,rnd_task_001,robot_4,North,South,6.05,0,2,0.46,4,2,0.02,0.18,7,45,0.124,19,404.82,400.82,500.0,4,548.4
run_1789760587,rnd_task_002,robot_3,North,South,6.0,0,2,0.46,4,2,0.05,0.11,8,51,0.125,21,408.86,404.86,500.0,6,622.3
run_1789760587,rnd_task_003,robot_1,South,Central,60.62,4,2,0.46,4,2,0.04,0.0,4,22,0.136,4,150.46,146.46,500.0,3,220.12
run_1789760587,rnd_task_004,robot_2,South,North,6.0,0,2,0.46,4,2,0.06,0.04,7,45,0.138,19,291.7,287.7,500.0,4,492.4
run_1789760587,rnd_task_005,robot_1,South,North,81.77,4,2,0.46,4,2,0.19,0.07,8,54,0.124,40,342.8,338.8,500.0,6,658.64
run_1789760587,rnd_task_006,robot_2,Central,Central,94.9,4,2,0.46,4,1,0.07,0.0,6,32,0.133,24,149.56,145.56,500.0,4,361.0
run_1789760587,rnd_task_007,robot_4,South,North,88.85,4,2,0.46,4,2,0.0,0.0,10,54,0.139,29,289.24,285.24,500.0,8,591.4
run_1789760587,rnd_task_008,robot_3,North,South,6.0,1,2,0.46,4,2,0.21,0.05,6,32,0.12,27,308.12,304.12,500.0,5,399.66
run_1789760587,rnd_task_009,robot_2,South,South,22.65,2,0,0.46,4,1,0.0,0.18,3,12,0.075,5,84.62,80.62,500.0,4,187.72
run_1789760587,rnd_task_010,robot_1,North,Central,6.0,0,2,0.46,4,2,0.0,0.18,7,42,0.152,8,190.64,186.64,500.0,6,407.5
run_1789760587,rnd_task_011,robot_3,South,North,0.67,0,2,0.46,4,2,0.05,0.02,8,47,0.152,16,326.8,322.8,500.0,6,472.7
run_1789760587,rnd_task_012,robot_2,North,Central,43.07,2,1,0.46,4,2,0.08,0.01,11,70,0.192,21,369.46,365.46,500.0,7,561.66
run_1789760587,rnd_task_013,robot_4,North,South,51.16,4,2,0.46,4,2,0.09,0.04,6,31,0.114,16,240.72,236.72,500.0,5,387.16
run_1789760587,rnd_task_014,robot_1,Central,South,58.31,2,1,0.46,4,2,0.0,0.18,10,60,0.193,20,140.96,136.96,500.0,8,475.76
run_1789760587,rnd_task_015,robot_3,Central,North,21.89,2,0,0.46,4,2,0.0,0.18,9,48,0.267,8,180.5,176.5,500.0,6,277.56
run_1789760587,rnd_task_016,robot_4,South,North,77.44,4,2,0.46,4,2,0.1,0.3,11,66,0.239,12,230.56,226.56,500.0,7,426.96
run_1789760587,rnd_task_017,robot_2,Central,Central,75.93,4,2,0.46,4,1,0.0,0.18,5,19,0.268,3,41.78,37.78,500.0,3,89.7
run_1789760587,rnd_task_018,robot_2,North,South,80.64,4,2,0.46,4,2,0.0,0.46,7,37,0.153,5,230.08,226.08,500.0,5,352.04
run_1789760587,rnd_task_019,robot_3,North,North,16.53,2,0,0.46,4,1,0.22,0.19,6,30,0.172,4,114.82,110.82,500.0,4,255.58
run_1789760587,rnd_task_020,robot_1,South,North,0.98,0,2,0.46,4,2,0.0,0.0,7,43,0.163,10,176.42,172.42,500.0,3,405.66
run_1789766137,rnd_task_001,robot_1,North,Central,46.23,2,1,0.46,4,2,0.25,0.09,3,16,0.05,33,338.4,334.4,500.0,4,477.98
run_1789766137,rnd_task_002,robot_4,North,South,77.2,4,2,0.46,4,2,0.02,0.09,6,34,0.08,35,448.8,444.8,500.0,6,626.0
run_1789766137,rnd_task_003,robot_3,North,North,24.06,2,1,0.46,4,1,0.12,0.1,4,21,0.064,32,359.78,355.78,500.0,5,497.9
run_1789766137,rnd_task_004,robot_2,North,Central,0.67,0,2,0.46,4,2,0.24,0.07,3,16,0.054,32,317.96,313.96,500.0,3,443.36
run_1789766137,rnd_task_005,robot_2,North,South,77.31,4,2,0.46,4,2,0.14,0.26,8,42,0.197,6,178.62,174.62,500.0,7,335.36
run_1789766137,rnd_task_006,robot_1,North,North,10.43,2,0,0.46,4,1,0.04,0.08,8,40,0.215,6,98.96,94.96,500.0,5,270.2
run_1789766137,rnd_task_007,robot_3,South,North,67.63,4,2,0.46,4,2,0.05,0.27,9,49,0.154,12,297.22,293.22,500.0,7,492.32
run_1789766137,rnd_task_008,robot_4,South,Central,79.34,4,2,0.46,4,2,0.0,0.18,5,26,0.149,5,113.3,109.3,500.0,5,254.66
run_1789766137,rnd_task_009,robot_1,North,North,42.81,2,1,0.46,4,1,0.08,0.12,10,43,0.125,23,262.78,258.78,500.0,8,512.12
run_1789766137,rnd_task_010,robot_2,North,North,24.58,2,1,0.46,4,1,0.09,0.15,6,32,0.125,20,207.2,203.2,500.0,6,385.28
run_1789766137,rnd_task_011,robot_4,Central,North,43.07,2,1,0.46,4,2,0.06,0.0,5,28,0.166,17,101.4,97.4,500.0,4,240.9
run_1789766137,rnd_task_012,robot_3,North,North,31.97,2,1,0.46,4,1,0.04,0.0,5,24,0.143,17,64.04,60.04,500.0,5,251.4
run_1789766137,rnd_task_013,robot_4,South,North,61.24,4,2,0.46,4,2,0.05,0.0,9,53,0.194,13,277.24,273.24,500.0,8,411.58
run_1789766137,rnd_task_014,robot_2,North,North,2.24,2,0,0.46,4,1,0.1,0.17,6,34,0.257,7,64.6,60.6,500.0,5,194.3
run_1789766137,rnd_task_015,robot_3,North,South,69.15,4,2,0.46,4,2,0.0,0.18,8,49,0.22,17,233.9,229.9,500.0,6,345.48
run_1789766137,rnd_task_016,robot_1,North,North,14.75,2,0,0.46,4,1,0.1,0.12,7,36,0.213,6,73.8,69.8,500.0,4,243.8
run_1789766137,rnd_task_017,robot_2,North,Central,49.67,2,1,0.46,4,2,0.09,0.19,6,43,0.183,14,165.9,161.9,500.0,6,349.6
run_1789766137,rnd_task_018,robot_1,Central,South,68.02,4,2,0.46,4,2,0.04,0.25,7,32,0.156,13,213.28,209.28,500.0,5,294.8
run_1789766137,rnd_task_019,robot_4,North,South,0.85,0,2,0.46,4,2,0.06,0.0,9,52,0.18,19,254.0,250.0,500.0,4,433.7
run_1789766137,rnd_task_020,robot_3,North,North,0.67,0,1,0.46,4,1,0.11,0.26,8,45,0.202,10,184.96,180.96,500.0,3,346.0
run_1789770803,rnd_task_001,robot_4,North,South,70.84,4,2,0.46,4,2,0.07,0.0,7,45,0.124,29,393.84,389.84,500.0,5,548.4
run_1789770803,rnd_task_002,robot_3,North,South,75.41,4,2,0.46,4,2,0.04,0.0,8,53,0.127,31,436.44,432.44,500.0,6,644.98
run_1789770803,rnd_task_003,robot_1,South,Central,0.67,0,2,0.46,4,2,0.04,0.0,4,22,0.139,21,149.64,145.64,500.0,3,216.56
run_1789770803,rnd_task_004,robot_2,South,North,6.0,0,2,0.46,4,2,0.02,0.01,6,40,0.134,27,242.92,238.92,500.0,4,446.4
run_1789770803,rnd_task_005,robot_1,South,North,6.0,0,2,0.46,4,2,0.02,0.09,7,49,0.127,11,289.0,285.0,500.0,6,583.56
run_1789770803,rnd_task_006,robot_2,Central,Central,94.9,4,2,0.46,4,1,0.0,0.18,5,26,0.108,4,147.06,143.06,500.0,6,352.52
run_1789770803,rnd_task_007,robot_4,South,North,6.0,1,2,0.46,4,2,0.01,0.0,9,48,0.136,8,232.66,228.66,500.0,6,531.14
run_1789770803,rnd_task_008,robot_3,North,South,64.59,4,2,0.46,4,2,0.02,0.0,7,40,0.14,6,331.0,327.0,500.0,5,428.4
run_1789770803,rnd_task_009,robot_1,South,South,22.65,2,0,0.46,4,1,0.0,0.18,6,35,0.145,7,180.38,176.38,500.0,6,344.0
run_1789770803,rnd_task_010,robot_2,North,Central,6.0,0,2,0.46,4,2,0.0,0.18,7,30,0.133,6,170.9,166.9,500.0,6,330.7
run_1789770803,rnd_task_011,robot_3,South,North,6.0,0,2,0.46,4,2,0.0,0.0,11,56,0.174,13,333.04,329.04,500.0,6,505.14
run_1789770803,rnd_task_012,robot_4,North,Central,43.07,2,1,0.46,4,2,0.0,0.18,6,31,0.134,7,155.8,151.8,500.0,5,329.06
run_1789770803,rnd_task_013,robot_1,North,South,51.16,4,2,0.46,4,2,0.01,0.03,9,54,0.149,11,347.76,343.76,500.0,8,549.88
run_1789770803,rnd_task_014,robot_2,Central,South,6.0,0,2,0.46,4,2,0.0,0.18,7,43,0.128,11,158.4,154.4,500.0,6,498.32
run_1789770803,rnd_task_015,robot_4,Central,North,21.89,2,0,0.46,4,2,0.0,0.18,4,19,0.139,6,90.22,86.22,500.0,4,187.4
run_1789770803,rnd_task_016,robot_3,South,North,0.99,0,2,0.46,4,2,0.0,0.18,11,64,0.184,14,375.92,371.92,500.0,7,532.58
run_1789770803,rnd_task_017,robot_4,Central,Central,75.93,4,2,0.46,4,1,0.02,0.0,6,29,0.199,7,107.26,103.26,500.0,5,210.74
run_1789770803,rnd_task_018,robot_2,North,South,80.64,4,2,0.46,4,2,0.05,0.15,10,59,0.194,13,287.7,283.7,500.0,5,464.42
run_1789770803,rnd_task_019,robot_1,North,North,6.0,0,0,0.46,4,1,0.0,0.18,9,48,0.198,13,181.44,177.44,500.0,4,363.68
run_1789770803,rnd_task_020,robot_4,South,North,0.98,0,2,0.46,4,2,0.1,0.02,8,43,0.139,13,267.86,263.86,500.0,3,475.34
run_1789836585,rnd_task_001,robot_4,North,South,70.84,4,2,0.46,4,2,0.01,0.23,7,45,0.123,25,405.38,401.38,500.0,5,553.74
run_1789836585,rnd_task_002,robot_3,North,South,0.67,0,2,0.46,4,2,0.03,0.0,8,53,0.128,24,435.06,431.06,500.0,6,641.0
run_1789836585,rnd_task_003,robot_1,South,Central,6.0,0,2,0.46,4,2,0.01,0.0,4,22,0.138,9,149.0,145.0,500.0,3,217.72
run_1789836585,rnd_task_004,robot_2,South,North,6.0,0,2,0.46,4,2,0.1,0.04,6,40,0.127,20,263.28,259.28,500.0,4,471.22
run_1789836585,rnd_task_005,robot_1,South,North,6.0,0,2,0.46,4,2,0.08,0.05,8,54,0.135,23,303.1,299.1,500.0,6,606.8
run_1789836585,rnd_task_006,robot_2,Central,Central,0.52,0,1,0.46,4,1,0.04,0.0,6,31,0.13,8,152.28,148.28,500.0,6,354.58
run_1789836585,rnd_task_007,robot_4,South,North,88.85,4,2,0.46,4,2,0.0,0.18,9,48,0.129,8,259.18,255.18,500.0,7,558.06
run_1789836585,rnd_task_008,robot_3,North,South,6.0,1,2,0.46,4,2,0.0,0.46,5,30,0.107,8,326.86,322.86,500.0,5,411.88
run_1789836585,rnd_task_009,robot_1,South,South,6.06,1,0,0.46,4,1,0.0,0.18,7,35,0.144,3,188.66,184.66,500.0,6,347.36
run_1789836585,rnd_task_010,robot_2,North,Central,22.65,2,0,0.46,4,2,0.0,0.18,8,35,0.16,3,173.98,169.98,500.0,5,325.72
run_1789836585,rnd_task_011,robot_3,South,North,82.56,4,2,0.46,4,2,0.04,0.09,11,66,0.212,9,337.82,333.82,500.0,7,489.58
run_1789836585,rnd_task_012,robot_4,North,Central,43.07,2,1,0.46,4,2,0.0,0.18,7,32,0.14,8,160.92,156.92,500.0,5,329.36
run_1789836585,rnd_task_013,robot_2,North,South,51.16,4,2,0.46,4,2,0.02,0.11,8,43,0.13,8,270.2,266.2,500.0,6,490.72
run_1789836585,rnd_task_014,robot_1,Central,South,6.0,0,2,0.46,4,2,0.03,0.0,8,43,0.139,8,134.52,130.52,500.0,6,461.28
run_1789836585,rnd_task_015,robot_4,Central,North,21.89,2,0,0.46,4,2,0.0,0.18,4,15,0.113,1,87.9,83.9,500.0,4,177.54
run_1789836585,rnd_task_016,robot_3,South,North,6.0,0,2,0.46,4,2,0.0,0.18,10,59,0.168,4,367.12,363.12,500.0,7,537.04
run_1789836585,rnd_task_017,robot_4,Central,Central,75.93,4,2,0.46,4,1,0.0,0.18,5,29,0.205,2,100.56,96.56,500.0,5,204.74
run_1789836585,rnd_task_018,robot_1,North,South,0.49,0,2,0.46,4,2,0.02,0.46,10,55,0.191,2,287.26,283.26,500.0,4,440.72
run_1789836585,rnd_task_019,robot_2,North,North,16.53,2,0,0.46,4,1,0.03,0.0,9,48,0.203,2,174.2,170.2,500.0,4,355.02
run_1789836585,rnd_task_020,robot_4,South,North,60.98,4,2,0.46,4,2,0.08,0.17,7,43,0.144,4,250.94,246.94,500.0,3,457.4
run_1789837729,rnd_task_001,robot_1,South,North,71.7,4,2,0.46,4,2,0.11,0.07,5,29,0.142,12,181.56,177.56,500.0,4,310.78
run_1789837729,rnd_task_002,robot_4,Central,North,34.25,2,1,0.46,4,2,0.12,0.03,6,32,0.141,12,226.1,222.1,500.0,6,353.6
run_1789837729,rnd_task_003,robot_2,South,South,4.8,2,0,0.46,4,1,0.29,0.01,4,18,0.122,11,88.36,84.36,500.0,3,197.52
run_1789837729,rnd_task_004,robot_3,South,South,50.15,2,1,0.46,4,1,0.04,0.18,6,29,0.127,11,97.16,93.16,500.0,5,329.64
run_1789837729,rnd_task_005,robot_2,North,North,14.74,2,0,0.46,4,1,0.03,0.01,6,40,0.159,7,194.56,190.56,500.0,7,365.14
run_1789837729,rnd_task_006,robot_1,Central,Central,0.85,0,1,0.46,4,1,0.04,0.0,6,29,0.166,7,127.84,123.84,500.0,5,253.0
run_1789837729,rnd_task_007,robot_3,North,South,62.65,4,2,0.46,4,2,0.04,0.0,7,43,0.163,8,276.8,272.8,500.0,6,393.74
run_1789837729,rnd_task_008,robot_4,South,South,0.99,0,1,0.46,4,1,0.02,0.0,9,55,0.171,8,237.84,233.84,500.0,7,491.62
run_1789837729,rnd_task_009,robot_1,South,North,0.96,0,2,0.46,4,2,0.0,0.18,9,43,0.144,2,176.22,172.22,500.0,8,457.34
run_1789837729,rnd_task_010,robot_2,North,Central,70.73,4,2,0.46,4,2,0.0,0.18,5,19,0.161,0,118.38,114.38,500.0,4,186.78
run_1789837729,rnd_task_011,robot_3,South,South,0.49,0,1,0.46,4,1,0.0,0.18,5,29,0.166,1,113.08,109.08,500.0,6,265.72
run_1789837729,rnd_task_012,robot_2,Central,Central,84.99,4,2,0.46,4,1,0.0,0.18,4,17,0.161,0,84.48,80.48,500.0,4,161.86
run_1789837729,rnd_task_013,robot_4,South,North,66.6,4,2,0.46,4,2,0.01,0.06,6,37,0.13,8,220.88,216.88,500.0,8,430.9
run_1789837729,rnd_task_014,robot_2,North,North,17.74,2,1,0.46,4,1,0.03,0.0,5,25,0.145,5,159.36,155.36,500.0,5,248.46
run_1789837729,rnd_task_015,robot_3,North,North,0.85,0,1,0.46,4,1,0.02,0.0,9,54,0.142,19,337.54,333.54,500.0,7,579.1
run_1789837729,rnd_task_016,robot_1,North,North,29.15,2,1,0.46,4,1,0.04,0.44,5,19,0.14,5,90.84,86.84,500.0,4,185.2
run_1789837729,rnd_task_017,robot_2,Central,North,40.64,2,1,0.46,4,2,0.15,0.2,4,24,0.098,13,203.6,199.6,500.0,5,368.16
run_1789837729,rnd_task_018,robot_1,Central,Central,46.26,2,1,0.46,4,1,0.11,0.08,6,41,0.151,14,242.36,238.36,500.0,6,410.34
run_1789837729,rnd_task_019,robot_4,Central,North,68.76,4,2,0.46,4,2,0.2,0.07,6,40,0.173,12,184.6,180.6,500.0,5,346.24
run_1789837729,rnd_task_020,robot_2,North,Central,0.85,0,2,0.46,4,2,0.1,0.31,7,35,0.219,3,124.52,120.52,500.0,4,237.04
run_1789837729,rnd_task_021,robot_3,North,Central,42.71,2,0,0.46,4,2,0.13,0.2,5,24,0.178,2,134.62,130.62,500.0,3,202.74
run_1789745373,rnd_task_001,robot_4,North,South,6.0,0,2,0.46,4,2,0.0,0.0,7,45,0.123,26,402.3,398.3,500.0,5,553.58
run_1789745373,rnd_task_002,robot_3,North,South,75.41,4,2,0.46,4,2,0.04,0.0,8,53,0.132,26,417.14,413.14,500.0,6,620.8
run_1789745373,rnd_task_003,robot_1,South,Central,60.62,4,2,0.46,4,2,0.0,0.18,4,22,0.137,14,151.0,147.0,500.0,3,218.48
run_1789745373,rnd_task_004,robot_2,South,North,6.0,0,2,0.46,4,2,0.03,0.0,6,39,0.132,19,236.5,232.5,500.0,4,437.88
run_1789745373,rnd_task_005,robot_1,South,North,81.77,4,2,0.46,4,2,0.04,0.1,8,54,0.136,22,311.6,307.6,500.0,6,604.0
run_1789745373,rnd_task_006,robot_2,Central,Central,94.9,4,2,0.46,4,1,0.04,0.0,6,36,0.152,10,146.38,142.38,500.0,5,355.6
run_1789745373,rnd_task_007,robot_4,South,North,6.0,1,2,0.46,4,2,0.0,0.18,8,48,0.131,23,248.62,244.62,500.0,7,549.48
run_1789745373,rnd_task_008,robot_3,North,South,64.59,4,2,0.46,4,2,0.09,0.01,5,30,0.103,22,324.4,320.4,500.0,5,426.2
run_1789745373,rnd_task_009,robot_1,South,South,6.06,1,0,0.46,4,1,0.08,0.03,7,35,0.14,18,197.4,193.4,500.0,6,357.0
run_1789745373,rnd_task_010,robot_2,North,Central,22.65,2,0,0.46,4,2,0.0,0.18,7,30,0.136,17,167.68,163.68,500.0,5,322.54
run_1789745373,rnd_task_011,robot_3,South,North,82.56,4,2,0.46,4,2,0.0,0.46,11,65,0.217,16,323.04,319.04,500.0,7,470.4
run_1789745373,rnd_task_012,robot_4,North,Central,43.07,2,1,0.46,4,2,0.04,0.46,7,41,0.184,13,163.68,159.68,500.0,5,326.22
run_1789745373,rnd_task_013,robot_2,North,South,51.16,4,2,0.46,4,2,0.0,0.46,9,49,0.153,14,269.44,265.44,500.0,8,485.08
run_1789745373,rnd_task_014,robot_1,Central,South,58.31,2,1,0.46,4,2,0.0,0.0,8,48,0.162,13,130.58,126.58,500.0,6,445.82
run_1789745373,rnd_task_015,robot_4,Central,North,21.89,2,0,0.46,4,2,0.02,0.0,4,19,0.152,3,84.82,80.82,500.0,4,171.44
run_1789745373,rnd_task_016,robot_3,South,North,6.0,0,2,0.46,4,2,0.03,0.0,10,58,0.168,14,365.12,361.12,500.0,7,524.6
run_1789745373,rnd_task_017,robot_4,Central,Central,75.93,4,2,0.46,4,1,0.0,0.0,5,24,0.166,8,104.04,100.04,500.0,5,204.72
run_1789745373,rnd_task_018,robot_1,North,South,80.64,4,2,0.46,4,2,0.03,0.0,10,54,0.18,11,290.9,286.9,500.0,5,454.58
run_1789745373,rnd_task_019,robot_2,North,North,6.0,0,0,0.46,4,1,0.0,0.18,9,47,0.199,10,177.28,173.28,500.0,4,350.9
run_1789745373,rnd_task_020,robot_4,South,North,0.98,0,2,0.46,4,2,0.07,0.14,7,43,0.147,9,240.36,236.36,500.0,3,448.04
run_1789746671,rnd_task_001,robot_4,North,South,6.05,0,2,0.46,4,2,0.04,0.11,7,46,0.13,17,396.96,392.96,500.0,5,537.38
run_1789746671,rnd_task_002,robot_3,North,South,6.0,0,2,0.46,4,2,0.09,0.01,8,58,0.139,17,434.72,430.72,500.0,6,646.44
run_1789746671,rnd_task_003,robot_1,South,Central,0.67,0,2,0.46,4,2,0.16,0.01,4,22,0.137,9,153.6,149.6,500.0,3,219.2
run_1789746671,rnd_task_004,robot_2,South,North,6.0,0,2,0.46,4,2,0.04,0.03,6,39,0.132,14,233.32,229.32,500.0,4,439.26
run_1789746671,rnd_task_005,robot_1,South,North,0.67,0,2,0.46,4,2,0.03,0.09,7,49,0.122,15,298.66,294.66,500.0,6,604.88
run_1789746671,rnd_task_006,robot_2,Central,Central,94.9,4,2,0.46,4,1,0.02,0.0,5,31,0.125,8,156.96,152.96,500.0,5,369.0
run_1789746671,rnd_task_007,robot_4,South,North,88.85,4,2,0.46,4,2,0.02,0.06,9,53,0.144,13,254.36,250.36,500.0,8,555.86
run_1789746671,rnd_task_008,robot_3,North,South,64.59,4,2,0.46,4,2,0.04,0.0,5,30,0.109,11,313.16,309.16,500.0,5,403.44
run_1789746671,rnd_task_009,robot_2,South,South,22.65,2,0,0.46,4,1,0.0,0.18,4,13,0.084,4,84.32,80.32,500.0,3,190.94
run_1789746671,rnd_task_010,robot_1,North,Central,22.65,2,0,0.46,4,2,0.0,0.18,7,43,0.156,9,196.36,192.36,500.0,6,409.74
run_1789746671,rnd_task_011,robot_2,South,North,0.67,0,2,0.46,4,2,0.12,0.01,9,58,0.193,19,307.02,303.02,500.0,6,456.76
run_1789746671,rnd_task_012,robot_3,North,Central,43.07,2,1,0.46,4,2,0.05,0.14,10,53,0.179,18,318.0,314.0,500.0,6,458.06
run_1789746671,rnd_task_013,robot_4,North,South,51.16,4,2,0.46,4,2,0.09,0.07,5,31,0.121,16,226.54,222.54,500.0,4,364.58
run_1789746671,rnd_task_014,robot_1,Central,South,0.49,0,2,0.46,4,2,0.0,0.18,9,53,0.166,20,150.56,146.56,500.0,7,481.26
run_1789746671,rnd_task_015,robot_4,Central,North,21.89,2,0,0.46,4,2,0.06,0.46,7,41,0.212,7,146.56,142.56,500.0,5,291.78
run_1789746671,rnd_task_016,robot_3,South,North,77.44,4,2,0.46,4,2,0.23,0.02,11,59,0.174,34,304.6,300.6,500.0,6,516.38
run_1789746671,rnd_task_017,robot_2,Central,Central,75.93,4,2,0.46,4,1,0.01,0.46,6,30,0.155,6,143.06,139.06,500.0,5,271.72
run_1789746671,rnd_task_018,robot_4,North,South,80.64,4,2,0.46,4,2,0.0,0.18,9,40,0.179,28,227.54,223.54,500.0,5,334.34
run_1789746671,rnd_task_019,robot_1,North,North,0.67,0,0,0.46,4,1,0.28,0.06,9,48,0.201,28,225.5,221.5,500.0,4,358.2
run_1789746671,rnd_task_020,robot_2,South,North,60.98,4,2,0.46,4,2,0.17,0.0,11,61,0.191,31,290.94,286.94,500.0,3,501.54
run_1789748765,rnd_task_001,robot_4,South,North,66.13,4,2,0.46,4,2,0.01,0.12,6,36,0.158,14,226.36,222.36,500.0,5,354.0
run_1789748765,rnd_task_002,robot_3,North,North,32.25,2,1,0.46,4,1,0.18,0.18,7,41,0.174,14,230.12,226.12,500.0,6,367.0
run_1789748765,rnd_task_003,robot_2,South,Central,74.15,4,2,0.46,4,2,0.08,0.16,6,35,0.187,13,153.46,149.46,500.0,4,278.48
run_1789748765,rnd_task_004,robot_1,South,South,6.72,2,0,0.46,4,1,0.0,0.18,5,27,0.202,10,88.2,84.2,500.0,3,187.94
run_1789748765,rnd_task_005,robot_1,North,North,27.08,2,1,0.46,4,1,0.0,0.18,6,27,0.105,8,223.62,219.62,500.0,7,380.36
run_1789748765,rnd_task_006,robot_2,North,North,8.95,2,0,0.46,4,1,0.0,0.18,3,18,0.104,5,107.14,103.14,500.0,5,211.0
run_1789748765,rnd_task_007,robot_4,South,South,18.82,2,0,0.46,4,1,0.04,0.01,8,52,0.177,12,310.24,306.24,500.0,6,453.02
run_1789748765,rnd_task_008,robot_3,South,North,0.97,0,2,0.46,4,2,0.05,0.0,9,55,0.158,18,399.32,395.32,500.0,8,556.42
run_1789748765,rnd_task_009,robot_2,North,South,57.17,4,2,0.46,4,2,0.06,0.0,7,40,0.184,8,193.64,189.64,500.0,5,314.9
run_1789748765,rnd_task_010,robot_1,North,North,22.54,2,1,0.46,4,1,0.02,0.43,7,39,0.26,6,145.02,141.02,500.0,4,222.98
run_1789748765,rnd_task_011,robot_4,North,South,67.93,4,2,0.46,4,2,0.03,0.21,7,33,0.104,19,340.86,336.86,500.0,8,481.16
run_1789748765,rnd_task_012,robot_1,Central,North,65.99,4,2,0.46,4,2,0.02,0.46,7,32,0.132,14,190.88,186.88,500.0,5,349.8
run_1789748765,rnd_task_013,robot_2,Central,Central,84.99,4,2,0.46,4,1,0.07,0.04,6,30,0.142,13,151.5,147.5,500.0,4,308.86
run_1789748765,rnd_task_014,robot_3,North,South,0.81,1,2,0.46,4,2,0.04,0.13,9,46,0.136,18,282.18,278.18,500.0,6,515.18
run_1789748765,rnd_task_015,robot_2,North,South,60.85,4,2,0.46,4,2,0.06,0.1,6,30,0.095,21,369.0,365.0,500.0,6,462.0
run_1789748765,rnd_task_016,robot_1,South,North,0.49,0,2,0.46,4,2,0.02,0.0,5,36,0.092,21,360.96,356.96,500.0,6,565.1
run_1789748765,rnd_task_017,robot_4,North,North,30.73,2,1,0.46,4,1,0.03,0.0,5,29,0.151,15,169.7,165.7,500.0,4,292.04
run_1789748765,rnd_task_018,robot_3,North,South,73.24,4,2,0.46,4,2,0.05,0.3,8,37,0.119,21,319.56,315.56,500.0,5,489.08
run_1789748765,rnd_task_020,robot_2,North,Central,0.47,0,2,0.46,4,2,0.04,0.09,5,30,0.129,11,231.54,227.54,500.0,3,340.74
run_1789748765,rnd_task_021,robot_1,North,North,0.65,0,1,0.46,4,1,0.0,0.15,4,24,0.148,10,100.24,96.24,500.0,2,229.62
run_1789752035,rnd_task_001,robot_1,North,Central,46.23,2,1,0.46,4,2,0.08,0.1,3,16,0.05,20,342.04,338.04,500.0,4,484.14
run_1789752035,rnd_task_002,robot_4,North,South,0.85,0,2,0.46,4,2,0.02,0.05,6,34,0.08,24,442.68,438.68,500.0,6,623.52
run_1789752035,rnd_task_003,robot_3,North,North,0.85,0,1,0.46,4,1,0.14,0.06,4,22,0.068,18,363.18,359.18,500.0,5,501.46
run_1789752035,rnd_task_004,robot_2,North,Central,0.67,0,2,0.46,4,2,0.09,0.15,3,16,0.054,17,315.52,311.52,500.0,3,446.58
run_1789752035,rnd_task_005,robot_2,North,South,77.31,4,2,0.46,4,2,0.03,0.29,8,41,0.198,7,179.56,175.56,500.0,7,323.8
run_1789752035,rnd_task_006,robot_1,North,North,10.43,2,0,0.46,4,1,0.04,0.15,8,40,0.209,7,103.94,99.94,500.0,5,277.64
run_1789752035,rnd_task_007,robot_3,South,North,67.63,4,2,0.46,4,2,0.03,0.39,10,54,0.156,11,333.38,329.38,500.0,7,539.68
run_1789752035,rnd_task_008,robot_4,South,Central,79.34,4,2,0.46,4,2,0.0,0.18,5,26,0.141,3,123.12,119.12,500.0,5,270.0
run_1789752035,rnd_task_009,robot_1,North,North,42.81,2,1,0.46,4,1,0.07,0.06,10,44,0.126,17,266.84,262.84,500.0,8,523.38
run_1789752035,rnd_task_010,robot_2,North,North,24.58,2,1,0.46,4,1,0.12,0.15,7,31,0.115,11,211.96,207.96,500.0,6,401.34
run_1789752035,rnd_task_011,robot_4,Central,North,43.07,2,1,0.46,4,2,0.03,0.0,5,28,0.148,10,126.82,122.82,500.0,4,269.48
run_1789752035,rnd_task_012,robot_3,North,North,31.97,2,1,0.46,4,1,0.02,0.34,6,24,0.15,12,54.62,50.62,500.0,6,240.44
run_1789752035,rnd_task_013,robot_4,South,North,61.24,4,2,0.46,4,2,0.04,0.0,8,48,0.17,14,284.26,280.26,500.0,8,424.44
run_1789752035,rnd_task_014,robot_2,North,North,2.24,2,0,0.46,4,1,0.07,0.08,6,29,0.208,9,72.84,68.84,500.0,5,201.86
run_1789752035,rnd_task_015,robot_1,North,South,69.15,4,2,0.46,4,2,0.09,0.0,7,48,0.187,20,234.28,230.28,500.0,7,406.5
run_1789752035,rnd_task_016,robot_3,North,North,14.75,2,0,0.46,4,1,0.05,0.33,6,30,0.169,7,110.4,106.4,500.0,4,260.98
run_1789752035,rnd_task_017,robot_2,North,Central,49.67,2,1,0.46,4,2,0.07,0.07,6,44,0.174,20,185.7,181.7,500.0,6,379.98
run_1789752035,rnd_task_018,robot_3,Central,South,68.02,4,2,0.46,4,2,0.05,0.35,7,32,0.152,16,216.98,212.98,500.0,5,303.5
run_1789752035,rnd_task_019,robot_4,North,South,0.85,0,2,0.46,4,2,0.03,0.0,9,52,0.179,20,263.32,259.32,500.0,4,436.96
run_1789752035,rnd_task_020,robot_1,North,North,30.95,2,1,0.46,4,1,0.0,0.45,8,35,0.159,7,175.28,171.28,500.0,3,340.6
run_1789747842,rnd_task_001,robot_1,South,North,71.7,4,2,0.46,4,2,0.07,0.1,5,29,0.14,11,182.44,178.44,500.0,4,313.54
run_1789747842,rnd_task_002,robot_4,Central,North,0.85,0,2,0.46,4,2,0.08,0.0,6,34,0.16,11,210.82,206.82,500.0,5,338.0
run_1789747842,rnd_task_003,robot_2,South,South,0.67,0,0,0.46,4,1,0.18,0.05,4,18,0.122,11,87.84,83.84,500.0,3,197.02
run_1789747842,rnd_task_004,robot_3,South,South,50.15,2,1,0.46,4,1,0.03,0.31,6,29,0.132,10,89.04,85.04,500.0,5,318.78
run_1789747842,rnd_task_005,robot_2,North,North,14.74,2,0,0.46,4,1,0.05,0.07,9,59,0.197,11,288.1,284.1,500.0,8,455.96
run_1789747842,rnd_task_006,robot_1,Central,Central,96.59,4,2,0.46,4,1,0.03,0.0,7,40,0.235,10,133.78,129.78,500.0,6,255.8
run_1789747842,rnd_task_007,robot_4,North,South,62.65,4,2,0.46,4,2,0.07,0.0,6,34,0.229,10,127.52,123.52,500.0,3,210.02
run_1789747842,rnd_task_008,robot_3,South,South,43.06,2,1,0.46,4,1,0.0,0.18,8,48,0.209,10,62.86,58.86,500.0,6,343.96
run_1789747842,rnd_task_009,robot_4,South,North,75.47,4,2,0.46,4,2,0.02,0.0,8,39,0.126,14,184.54,180.54,500.0,8,477.8
run_1789747842,rnd_task_010,robot_1,North,Central,70.73,4,2,0.46,4,2,0.1,0.07,7,37,0.127,14,349.46,345.46,500.0,6,440.6
run_1789747842,rnd_task_011,robot_2,South,South,0.49,0,1,0.46,4,1,0.01,0.0,5,25,0.097,14,203.94,199.94,500.0,7,389.84
run_1789747842,rnd_task_012,robot_3,Central,Central,84.99,4,2,0.46,4,1,0.01,0.01,3,19,0.097,12,170.62,166.62,500.0,3,287.6
run_1789747842,rnd_task_013,robot_3,South,North,66.6,4,2,0.46,4,2,0.04,0.14,8,47,0.162,12,257.96,253.96,500.0,8,444.4
run_1789747842,rnd_task_014,robot_1,North,North,17.74,2,1,0.46,4,1,0.0,0.11,5,20,0.117,7,158.56,154.56,500.0,5,256.0
run_1789747842,rnd_task_015,robot_4,North,North,36.46,2,1,0.46,4,1,0.01,0.0,6,30,0.126,10,190.22,186.22,500.0,5,347.86
run_1789747842,rnd_task_016,robot_2,North,North,29.15,2,1,0.46,4,1,0.02,0.37,7,41,0.15,12,245.3,241.3,500.0,6,400.4
run_1789747842,rnd_task_017,robot_1,Central,North,40.64,2,1,0.46,4,2,0.13,0.0,5,29,0.129,6,183.52,179.52,500.0,5,342.24
run_1789747842,rnd_task_018,robot_4,Central,Central,46.26,2,1,0.46,4,1,0.06,0.05,5,36,0.146,8,279.62,275.62,500.0,5,369.0
run_1789747842,rnd_task_019,robot_3,Central,North,68.76,4,2,0.46,4,2,0.17,0.0,5,24,0.104,8,185.1,181.1,500.0,4,326.14
run_1789747842,rnd_task_021,robot_1,North,Central,0.85,0,2,0.46,4,2,0.13,0.0,4,23,0.214,6,96.06,92.06,500.0,2,168.04
run_1789750814,rnd_task_001,robot_1,North,South,54.74,4,2,0.46,4,2,0.03,0.03,6,39,0.119,17,401.48,397.48,500.0,5,488.26
run_1789750814,rnd_task_002,robot_2,Central,North,22.65,2,0,0.46,4,2,0.1,0.0,6,38,0.13,16,258.9,254.9,500.0,3,429.4
run_1789750814,rnd_task_003,robot_3,South,North,6.0,0,2,0.46,4,2,0.02,0.0,6,39,0.136,6,206.96,202.96,500.0,4,426.72
run_1789750814,rnd_task_004,robot_4,North,South,6.0,0,2,0.46,4,2,0.13,0.06,9,58,0.129,26,432.96,428.96,500.0,6,697.8
run_1789750814,rnd_task_005,robot_2,South,North,70.73,4,2,0.46,4,2,0.22,0.06,8,34,0.121,21,322.12,318.12,500.0,8,431.4
run_1789750814,rnd_task_006,robot_3,North,Central,0.49,0,2,0.46,4,2,0.0,0.18,7,31,0.135,21,99.34,95.34,500.0,6,327.02
run_1789750814,rnd_task_007,robot_1,North,North,0.91,0,0,0.46,4,1,0.06,0.01,6,29,0.165,20,189.58,185.58,500.0,4,266.88
run_1789750814,rnd_task_008,robot_4,North,South,85.83,4,2,0.46,4,2,0.01,0.05,10,72,0.135,12,554.28,550.28,500.0,9,828.34
run_1789750814,rnd_task_009,robot_1,South,North,6.0,0,2,0.46,4,2,0.03,0.02,7,42,0.134,8,311.74,307.74,500.0,6,463.22
run_1789750814,rnd_task_010,robot_3,North,South,52.21,4,2,0.46,4,2,0.02,0.0,7,36,0.139,8,289.88,285.88,500.0,4,374.42
run_1789750814,rnd_task_011,robot_2,Central,South,6.0,0,2,0.46,4,2,0.0,0.0,7,39,0.162,8,184.0,180.0,500.0,5,358.6
run_1789750814,rnd_task_012,robot_3,South,North,83.55,4,2,0.46,4,2,0.05,0.02,7,42,0.094,19,492.62,488.62,500.0,7,658.98
run_1789750814,rnd_task_013,robot_1,Central,North,6.0,1,2,0.46,4,2,0.0,0.18,4,25,0.103,4,138.28,134.28,500.0,4,328.58
run_1789750814,rnd_task_014,robot_2,North,South,66.35,4,2,0.46,4,2,0.07,0.0,8,49,0.123,21,408.94,404.94,500.0,7,632.56
run_1789750814,rnd_task_015,robot_4,South,North,6.05,1,2,0.46,4,2,0.0,0.18,6,37,0.108,18,255.02,251.02,500.0,6,499.24
run_1789750814,rnd_task_016,robot_1,Central,North,6.0,0,2,0.46,4,2,0.0,0.0,5,24,0.127,17,154.14,150.14,500.0,4,283.46
run_1789750814,rnd_task_017,robot_3,Central,North,26.07,2,0,0.46,4,2,0.0,0.18,6,30,0.159,7,160.48,156.48,500.0,5,264.3
run_1789750814,rnd_task_018,robot_1,South,South,47.64,2,1,0.46,4,1,0.05,0.0,8,42,0.135,8,200.14,196.14,500.0,5,457.6
run_1789750814,rnd_task_019,robot_2,North,North,28.7,2,1,0.46,4,1,0.06,0.0,7,37,0.142,8,284.98,280.98,500.0,4,393.94
run_1789750814,rnd_task_021,robot_3,North,South,72.98,4,2,0.46,4,2,0.02,0.0,7,37,0.138,5,231.32,227.32,500.0,2,390.72
run_1789749756,rnd_task_001,robot_1,North,South,0.67,0,2,0.46,4,2,0.01,0.0,5,28,0.093,12,407.84,403.84,500.0,6,473.74
run_1789749756,rnd_task_002,robot_4,North,North,15.92,2,1,0.46,4,1,0.01,0.0,2,12,0.047,12,237.78,233.78,500.0,3,341.56
run_1789749756,rnd_task_003,robot_2,South,Central,97.58,4,2,0.46,4,2,0.04,0.0,4,22,0.073,12,179.12,175.12,500.0,4,408.44
run_1789749756,rnd_task_004,robot_3,North,South,0.51,0,2,0.46,4,2,0.02,0.12,4,22,0.085,10,280.84,276.84,500.0,4,400.54
run_1789749756,rnd_task_005,robot_4,South,South,41.52,2,1,0.46,4,1,0.02,0.0,7,40,0.131,2,234.2,230.2,500.0,7,457.1
run_1789749756,rnd_task_006,robot_2,South,North,64.38,4,2,0.46,4,2,0.0,0.18,4,19,0.102,1,181.34,177.34,500.0,4,275.4
run_1789749756,rnd_task_007,robot_3,Central,North,27.33,2,0,0.46,4,2,0.02,0.0,6,25,0.111,2,189.14,185.14,500.0,5,361.4
run_1789749756,rnd_task_008,robot_1,Central,North,6.0,0,2,0.46,4,2,0.05,0.0,5,24,0.099,2,195.92,191.92,500.0,6,362.5
run_1789749756,rnd_task_009,robot_2,North,South,57.94,4,2,0.46,4,2,0.16,0.01,7,46,0.15,17,340.6,336.6,500.0,7,481.2
run_1789749756,rnd_task_010,robot_3,North,North,26.03,2,1,0.46,4,1,0.03,0.02,5,19,0.102,16,118.54,114.54,500.0,4,255.12
run_1789749756,rnd_task_011,robot_4,North,Central,0.97,0,2,0.46,4,2,0.12,0.02,7,44,0.123,17,398.58,394.58,500.0,8,551.9
run_1789749756,rnd_task_012,robot_1,North,Central,98.06,4,2,0.46,4,2,0.06,0.04,7,40,0.155,16,146.94,142.94,500.0,6,374.44
run_1789749756,rnd_task_013,robot_3,North,North,14.4,2,1,0.46,4,1,0.0,0.18,3,16,0.172,0,36.54,32.54,500.0,3,128.2
run_1789749756,rnd_task_014,robot_2,North,Central,36.41,2,0,0.46,4,2,0.0,0.18,7,32,0.096,19,322.42,318.42,500.0,5,480.36
run_1789749756,rnd_task_015,robot_3,South,Central,0.49,0,2,0.46,4,2,0.02,0.04,8,33,0.089,20,306.56,302.56,500.0,7,537.92
run_1789749756,rnd_task_016,robot_1,North,South,60.29,4,2,0.46,4,2,0.01,0.01,9,38,0.112,20,374.02,370.02,500.0,7,537.38
run_1789749756,rnd_task_017,robot_4,North,Central,0.97,0,2,0.46,4,2,0.01,0.46,5,28,0.117,18,177.62,173.62,500.0,4,358.2
run_1789749756,rnd_task_018,robot_2,South,Central,83.93,4,2,0.46,4,2,0.03,0.0,6,41,0.218,4,126.72,122.72,500.0,5,284.54
run_1789749756,rnd_task_019,robot_4,North,North,11.19,2,0,0.46,4,1,0.13,0.15,7,36,0.265,4,127.42,123.42,500.0,4,203.98
run_1789749756,rnd_task_020,robot_3,North,South,79.0,4,2,0.46,4,2,0.05,0.11,8,42,0.188,4,169.38,165.38,500.0,3,330.08
run_1789879244,rnd_task_001,robot_1,North,South,54.74,4,2,0.46,4,2,0.05,0.0,6,39,0.121,11,392.2,388.2,500.0,5,479.4
run_1789879244,rnd_task_002,robot_2,Central,North,6.0,0,2,0.46,4,2,0.08,0.01,6,38,0.135,11,240.12,236.12,500.0,3,414.58
run_1789879244,rnd_task_003,robot_3,South,North,6.0,0,2,0.46,4,2,0.02,0.02,6,39,0.137,8,209.18,205.18,500.0,4,424.62
run_1789879244,rnd_task_004,robot_4,North,South,0.49,0,2,0.46,4,2,0.07,0.07,11,69,0.151,15,454.22,450.22,500.0,7,716.48
run_1789879244,rnd_task_005,robot_2,South,North,70.73,4,2,0.46,4,2,0.04,0.0,8,33,0.119,10,313.72,309.72,500.0,8,418.6
run_1789879244,rnd_task_006,robot_3,North,Central,6.0,0,2,0.46,4,2,0.0,0.18,7,31,0.137,10,97.32,93.32,500.0,6,322.0
run_1789879244,rnd_task_007,robot_1,North,North,27.79,2,0,0.46,4,1,0.1,0.0,5,24,0.146,8,170.88,166.88,500.0,3,246.36
run_1789879244,rnd_task_008,robot_1,North,South,85.83,4,2,0.46,4,2,0.0,0.18,7,42,0.135,7,256.24,252.24,500.0,7,458.2
run_1789879244,rnd_task_009,robot_4,South,North,0.49,0,2,0.46,4,2,0.0,0.18,4,24,0.14,4,149.88,145.88,500.0,5,258.0
run_1789879244,rnd_task_010,robot_3,North,South,52.21,4,2,0.46,4,2,0.03,0.46,7,43,0.124,11,422.04,418.04,500.0,7,517.76
run_1789879244,rnd_task_011,robot_2,Central,South,68.02,4,2,0.46,4,2,0.0,0.18,6,29,0.12,6,180.8,176.8,500.0,5,350.68
run_1789879244,rnd_task_012,robot_4,South,North,6.0,1,2,0.46,4,2,0.05,0.1,8,59,0.118,18,537.6,533.6,500.0,7,761.0
run_1789879244,rnd_task_013,robot_1,Central,North,24.44,2,0,0.46,4,2,0.04,0.0,5,30,0.14,6,125.8,121.8,500.0,5,299.4
run_1789879244,rnd_task_014,robot_2,North,South,66.35,4,2,0.46,4,2,0.01,0.0,8,53,0.137,16,403.06,399.06,500.0,8,614.2
run_1789879244,rnd_task_015,robot_3,South,North,6.0,1,2,0.46,4,2,0.04,0.0,7,45,0.141,10,260.46,256.46,500.0,4,467.04
run_1789879244,rnd_task_016,robot_1,Central,North,6.0,0,2,0.46,4,2,0.08,0.03,5,22,0.113,8,143.72,139.72,500.0,4,283.82
run_1789879244,rnd_task_017,robot_4,Central,North,26.07,2,0,0.46,4,2,0.0,0.18,8,32,0.174,2,162.14,158.14,500.0,5,264.84
run_1789879244,rnd_task_018,robot_3,South,South,47.64,2,1,0.46,4,1,0.0,0.18,9,44,0.178,1,189.22,185.22,500.0,4,370.56
run_1789879244,rnd_task_019,robot_1,North,North,28.7,2,1,0.46,4,1,0.0,0.18,9,44,0.187,1,191.86,187.86,500.0,4,362.74
run_1789879244,rnd_task_020,robot_2,South,Central,61.92,4,2,0.46,4,2,0.0,0.18,7,37,0.189,1,139.74,135.74,500.0,3,285.48
run_1789876260,rnd_task_001,robot_1,South,North,71.7,4,2,0.46,4,2,0.08,0.13,5,29,0.139,10,185.94,181.94,500.0,4,316.0
run_1789876260,rnd_task_002,robot_4,Central,North,34.25,2,1,0.46,4,2,0.0,0.0,6,34,0.153,12,223.36,219.36,500.0,5,352.1
run_1789876260,rnd_task_003,robot_2,South,South,0.67,0,0,0.46,4,1,0.07,0.0,4,18,0.12,8,88.14,84.14,500.0,3,199.74
run_1789876260,rnd_task_004,robot_3,South,South,50.15,2,1,0.46,4,1,0.04,0.31,6,29,0.123,10,101.72,97.72,500.0,5,340.2
run_1789876260,rnd_task_005,robot_2,North,North,14.74,2,0,0.46,4,1,0.07,0.14,9,58,0.199,16,278.06,274.06,500.0,8,442.46
run_1789876260,rnd_task_006,robot_1,Central,Central,96.59,4,2,0.46,4,1,0.1,0.0,6,34,0.203,14,124.5,120.5,500.0,5,246.6
run_1789876260,rnd_task_007,robot_4,North,South,62.65,4,2,0.46,4,2,0.06,0.28,7,42,0.243,13,153.72,149.72,500.0,4,255.52
run_1789876260,rnd_task_008,robot_3,South,South,0.49,0,1,0.46,4,1,0.0,0.18,8,47,0.205,12,57.38,53.38,500.0,6,342.14
run_1789876260,rnd_task_009,robot_1,South,North,0.96,0,2,0.46,4,2,0.02,0.14,8,43,0.141,8,194.76,190.76,500.0,7,468.96
run_1789876260,rnd_task_010,robot_4,North,Central,70.73,4,2,0.46,4,2,0.01,0.0,5,31,0.104,8,334.96,330.96,500.0,7,440.5
run_1789876260,rnd_task_011,robot_2,South,South,0.99,0,1,0.46,4,1,0.0,0.18,6,26,0.101,7,211.3,207.3,500.0,6,396.76
run_1789876260,rnd_task_012,robot_3,Central,Central,84.99,4,2,0.46,4,1,0.02,0.0,5,25,0.128,7,177.66,173.66,500.0,3,296.5
run_1789876260,rnd_task_013,robot_3,South,North,66.6,4,2,0.46,4,2,0.1,0.05,7,36,0.122,12,250.62,246.62,500.0,7,442.68
run_1789876260,rnd_task_014,robot_1,North,North,17.74,2,1,0.46,4,1,0.0,0.18,5,19,0.155,1,97.3,93.3,500.0,5,180.8
run_1789876260,rnd_task_015,robot_4,North,North,36.46,2,1,0.46,4,1,0.15,0.18,8,41,0.151,12,251.5,247.5,500.0,5,411.22
run_1789876260,rnd_task_016,robot_2,North,North,29.15,2,1,0.46,4,1,0.01,0.46,7,41,0.145,12,261.42,257.42,500.0,6,414.86
run_1789876260,rnd_task_017,robot_1,Central,North,40.64,2,1,0.46,4,2,0.06,0.0,5,25,0.11,14,183.08,179.08,500.0,5,344.94
run_1789876260,rnd_task_018,robot_3,Central,Central,46.26,2,1,0.46,4,1,0.0,0.18,4,14,0.101,7,118.26,114.26,500.0,5,197.66
run_1789876260,rnd_task_019,robot_4,Central,North,68.76,4,2,0.46,4,2,0.06,0.13,6,37,0.136,15,246.68,242.68,500.0,4,398.0
run_1789876260,rnd_task_021,robot_1,North,Central,0.85,0,2,0.46,4,2,0.16,0.13,4,27,0.226,9,106.12,102.12,500.0,2,186.2
run_1789875136,rnd_task_001,robot_4,North,South,6.05,0,2,0.46,4,2,0.04,0.16,7,45,0.126,24,394.68,390.68,500.0,5,540.04
run_1789875136,rnd_task_002,robot_3,North,South,6.0,0,2,0.46,4,2,0.05,0.0,8,53,0.13,24,420.04,416.04,500.0,6,630.04
run_1789875136,rnd_task_003,robot_1,South,Central,6.0,0,2,0.46,4,2,0.07,0.02,4,22,0.14,12,147.68,143.68,500.0,3,213.78
run_1789875136,rnd_task_004,robot_2,South,North,6.0,0,2,0.46,4,2,0.02,0.14,5,35,0.119,21,230.0,226.0,500.0,4,437.2
run_1789875136,rnd_task_005,robot_1,South,North,6.0,0,2,0.46,4,2,0.12,0.08,8,54,0.129,21,336.82,332.82,500.0,7,636.04
run_1789875136,rnd_task_006,robot_2,Central,Central,94.9,4,2,0.46,4,1,0.13,0.01,6,36,0.142,12,172.78,168.78,500.0,5,380.0
run_1789875136,rnd_task_007,robot_4,South,North,6.0,1,2,0.46,4,2,0.04,0.23,8,48,0.133,13,244.16,240.16,500.0,6,539.58
run_1789875136,rnd_task_008,robot_3,North,South,6.0,1,2,0.46,4,2,0.07,0.18,6,32,0.115,13,327.54,323.54,500.0,5,416.04
run_1789875136,rnd_task_009,robot_2,South,South,22.65,2,0,0.46,4,1,0.0,0.18,4,13,0.082,3,91.1,87.1,500.0,4,195.28
run_1789875136,rnd_task_010,robot_1,North,Central,6.0,0,2,0.46,4,2,0.01,0.46,7,42,0.15,7,200.82,196.82,500.0,6,412.14
run_1789875136,rnd_task_011,robot_2,South,North,6.0,0,2,0.46,4,2,0.09,0.01,7,43,0.155,6,283.58,279.58,500.0,5,412.18
run_1789875136,rnd_task_012,robot_3,North,Central,43.07,2,1,0.46,4,2,0.05,0.02,10,54,0.184,8,315.36,311.36,500.0,6,456.0
run_1789875136,rnd_task_013,robot_4,North,South,51.16,4,2,0.46,4,2,0.03,0.01,5,31,0.129,6,193.22,189.22,500.0,4,341.8
run_1789875136,rnd_task_014,robot_1,Central,South,58.31,2,1,0.46,4,2,0.03,0.17,11,66,0.213,5,145.54,141.54,500.0,8,478.54
run_1789875136,rnd_task_015,robot_4,Central,North,21.89,2,0,0.46,4,2,0.0,0.46,8,47,0.251,3,148.22,144.22,500.0,6,286.94
run_1789875136,rnd_task_016,robot_2,South,North,77.44,4,2,0.46,4,2,0.0,0.18,13,76,0.224,12,371.6,367.6,500.0,7,525.76
run_1789875136,rnd_task_017,robot_3,Central,Central,75.93,4,2,0.46,4,1,0.0,0.18,3,13,0.157,1,40.58,36.58,500.0,3,89.44
run_1789875136,rnd_task_018,robot_3,North,South,80.64,4,2,0.46,4,2,0.03,0.46,9,47,0.179,11,257.32,253.32,500.0,5,391.96
run_1789875136,rnd_task_019,robot_4,North,North,6.0,0,0,0.46,4,1,0.0,0.18,8,30,0.19,11,109.94,105.94,500.0,4,232.0
run_1789875136,rnd_task_020,robot_1,South,North,60.98,4,2,0.46,4,2,0.03,0.0,6,36,0.137,17,166.72,162.72,500.0,3,393.32
run_1789878179,rnd_task_001,robot_1,North,South,61.27,4,2,0.46,4,2,0.03,0.03,5,29,0.097,18,402.8,398.8,500.0,6,473.24
run_1789878179,rnd_task_002,robot_4,North,North,15.92,2,1,0.46,4,1,0.05,0.02,2,12,0.047,17,237.58,233.58,500.0,3,340.46
run_1789878179,rnd_task_003,robot_2,South,Central,97.58,4,2,0.46,4,2,0.07,0.01,4,22,0.076,18,167.12,163.12,500.0,4,395.34
run_1789878179,rnd_task_004,robot_3,North,South,0.51,0,2,0.46,4,2,0.04,0.0,4,22,0.085,18,276.46,272.46,500.0,5,397.94
run_1789878179,rnd_task_005,robot_4,South,South,41.52,2,1,0.46,4,1,0.05,0.0,7,40,0.13,5,240.32,236.32,500.0,8,462.48
run_1789878179,rnd_task_006,robot_2,South,North,64.38,4,2,0.46,4,2,0.0,0.18,4,19,0.102,0,172.52,168.52,500.0,5,273.54
run_1789878179,rnd_task_007,robot_3,Central,North,27.33,2,0,0.46,4,2,0.0,0.18,5,25,0.11,4,190.72,186.72,500.0,5,365.24
run_1789878179,rnd_task_008,robot_1,Central,North,40.86,2,1,0.46,4,2,0.12,0.0,4,23,0.092,4,209.2,205.2,500.0,6,371.28
run_1789878179,rnd_task_009,robot_2,North,South,6.0,0,2,0.46,4,2,0.09,0.14,7,40,0.165,14,243.46,239.46,500.0,6,375.08
run_1789878179,rnd_task_010,robot_3,North,North,26.03,2,1,0.46,4,1,0.02,0.46,7,34,0.188,10,131.2,127.2,500.0,5,266.34
run_1789878179,rnd_task_011,robot_4,North,Central,0.47,0,2,0.46,4,2,0.04,0.45,7,44,0.155,13,284.18,280.18,500.0,8,438.18
run_1789878179,rnd_task_012,robot_1,North,Central,98.06,4,2,0.46,4,2,0.01,0.03,7,38,0.148,13,143.32,139.32,500.0,6,377.34
run_1789878179,rnd_task_013,robot_3,North,North,14.4,2,1,0.46,4,1,0.0,0.0,3,8,0.078,3,32.06,28.06,500.0,3,128.02
run_1789878179,rnd_task_014,robot_2,North,Central,36.41,2,0,0.46,4,2,0.03,0.0,8,37,0.112,8,318.4,314.4,500.0,6,481.06
run_1789878179,rnd_task_015,robot_3,South,Central,59.63,4,2,0.46,4,2,0.1,0.15,8,46,0.123,10,323.92,319.92,500.0,7,553.24
run_1789878179,rnd_task_016,robot_1,North,South,60.29,4,2,0.46,4,2,0.08,0.05,8,47,0.131,10,386.0,382.0,500.0,6,565.22
run_1789878179,rnd_task_017,robot_4,North,Central,40.86,2,1,0.46,4,2,0.0,0.0,4,24,0.095,6,193.18,189.18,500.0,4,378.0
run_1789878179,rnd_task_018,robot_2,South,Central,83.93,4,2,0.46,4,2,0.03,0.0,6,31,0.164,5,122.44,118.44,500.0,5,280.0
run_1789878179,rnd_task_019,robot_4,North,North,11.19,2,0,0.46,4,1,0.09,0.06,5,28,0.225,4,118.28,114.28,500.0,4,177.84
run_1789878179,rnd_task_021,robot_1,Central,North,37.05,2,1,0.46,4,2,0.01,0.09,5,26,0.125,6,186.84,182.84,500.0,2,287.62
run_1789877230,rnd_task_001,robot_4,South,North,66.13,4,2,0.46,4,2,0.07,0.12,6,36,0.157,21,228.42,224.42,500.0,5,356.4
run_1789877230,rnd_task_002,robot_3,North,North,32.25,2,1,0.46,4,1,0.25,0.06,7,41,0.176,21,219.02,215.02,500.0,6,363.4
run_1789877230,rnd_task_003,robot_2,South,Central,74.15,4,2,0.46,4,2,0.38,0.07,6,35,0.192,18,151.32,147.32,500.0,4,270.44
run_1789877230,rnd_task_004,robot_1,South,South,6.72,2,0,0.46,4,1,0.19,0.0,5,27,0.202,18,86.12,82.12,500.0,3,188.44
run_1789877230,rnd_task_005,robot_1,North,North,27.08,2,1,0.46,4,1,0.0,0.18,6,27,0.107,2,210.74,206.74,500.0,7,374.26
run_1789877230,rnd_task_006,robot_2,North,North,8.95,2,0,0.46,4,1,0.02,0.0,3,18,0.106,2,106.78,102.78,500.0,5,207.38
run_1789877230,rnd_task_007,robot_4,South,South,18.82,2,0,0.46,4,1,0.05,0.38,7,46,0.159,6,301.38,297.38,500.0,6,441.6
run_1789877230,rnd_task_008,robot_3,South,North,65.59,4,2,0.46,4,2,0.06,0.03,9,54,0.149,14,423.5,419.5,500.0,8,576.42
run_1789877230,rnd_task_009,robot_2,North,South,57.17,4,2,0.46,4,2,0.09,0.0,6,36,0.16,9,223.58,219.58,500.0,6,349.3
run_1789877230,rnd_task_010,robot_1,North,North,22.54,2,1,0.46,4,1,0.03,0.18,5,28,0.184,7,137.74,133.74,500.0,4,217.42
run_1789877230,rnd_task_011,robot_4,North,South,67.93,4,2,0.46,4,2,0.04,0.17,9,49,0.152,18,364.34,360.34,500.0,8,500.06
run_1789877230,rnd_task_012,robot_1,Central,North,65.99,4,2,0.46,4,2,0.01,0.21,7,36,0.153,16,194.42,190.42,500.0,5,338.84
run_1789877230,rnd_task_013,robot_2,Central,Central,0.97,0,1,0.46,4,1,0.06,0.08,5,29,0.132,16,159.84,155.84,500.0,5,318.94
run_1789877230,rnd_task_014,robot_3,North,South,6.0,0,2,0.46,4,2,0.03,0.0,10,52,0.153,16,289.32,285.32,500.0,6,523.16
run_1789877230,rnd_task_015,robot_1,North,South,60.85,4,2,0.46,4,2,0.04,0.0,6,30,0.122,6,210.0,206.0,500.0,5,345.4
run_1789877230,rnd_task_016,robot_2,South,North,6.0,0,2,0.46,4,2,0.01,0.0,8,42,0.16,6,236.02,232.02,500.0,5,400.3
run_1789877230,rnd_task_017,robot_4,North,North,30.73,2,1,0.46,4,1,0.0,0.18,6,29,0.158,6,161.16,157.16,500.0,4,277.98
run_1789877230,rnd_task_019,robot_1,South,South,33.75,2,1,0.46,4,1,0.0,0.18,5,25,0.153,6,70.7,66.7,500.0,4,235.22
run_1789877230,rnd_task_020,robot_4,North,Central,27.15,2,0,0.46,4,2,0.17,0.0,4,14,0.104,7,99.38,95.38,500.0,2,192.84
run_1789877230,rnd_task_021,robot_2,North,North,18.47,2,1,0.46,4,1,0.16,0.07,3,14,0.076,7,116.42,112.42,500.0,2,237.36
run_1789872167,rnd_task_001,robot_1,North,South,0.67,0,2,0.46,4,2,0.03,0.0,5,28,0.093,11,397.82,393.82,500.0,6,471.66
run_1789872167,rnd_task_002,robot_4,North,North,15.92,2,1,0.46,4,1,0.01,0.0,2,12,0.047,11,235.74,231.74,500.0,3,339.64
run_1789872167,rnd_task_003,robot_2,South,Central,97.58,4,2,0.46,4,2,0.03,0.0,4,21,0.072,11,161.68,157.68,500.0,4,391.32
run_1789872167,rnd_task_004,robot_3,North,South,0.51,0,2,0.46,4,2,0.02,0.01,4,22,0.084,10,280.92,276.92,500.0,5,403.88
run_1789872167,rnd_task_005,robot_4,South,South,41.52,2,1,0.46,4,1,0.05,0.0,7,35,0.113,8,239.1,235.1,500.0,8,459.36
run_1789872167,rnd_task_006,robot_2,South,North,64.38,4,2,0.46,4,2,0.0,0.18,4,19,0.103,0,169.48,165.48,500.0,5,270.68
run_1789872167,rnd_task_007,robot_3,Central,North,27.33,2,0,0.46,4,2,0.02,0.0,6,30,0.131,8,189.44,185.44,500.0,5,367.6
run_1789872167,rnd_task_008,robot_1,Central,North,40.86,2,1,0.46,4,2,0.11,0.0,4,23,0.091,8,207.4,203.4,500.0,6,375.38
run_1789872167,rnd_task_009,robot_2,North,South,57.94,4,2,0.46,4,2,0.1,0.04,7,41,0.154,11,271.5,267.5,500.0,7,416.04
run_1789872167,rnd_task_010,robot_3,North,North,26.03,2,1,0.46,4,1,0.05,0.02,7,28,0.151,3,124.04,120.04,500.0,5,264.06
run_1789872167,rnd_task_011,robot_4,North,Central,79.12,4,2,0.46,4,2,0.08,0.1,7,44,0.148,3,310.04,306.04,500.0,8,458.2
run_1789872167,rnd_task_012,robot_1,North,Central,98.06,4,2,0.46,4,2,0.03,0.01,6,41,0.158,3,147.42,143.42,500.0,6,379.82
run_1789872167,rnd_task_013,robot_3,North,North,14.4,2,1,0.46,4,1,0.06,0.0,3,8,0.079,0,33.38,29.38,500.0,4,126.3
run_1789872167,rnd_task_014,robot_2,North,Central,36.41,2,0,0.46,4,2,0.0,0.18,7,37,0.111,6,329.86,325.86,500.0,6,486.52
run_1789872167,rnd_task_015,robot_3,South,Central,0.99,0,2,0.46,4,2,0.06,0.01,8,46,0.122,14,332.24,328.24,500.0,7,558.92
run_1789872167,rnd_task_016,robot_1,North,South,60.29,4,2,0.46,4,2,0.1,0.08,10,52,0.145,14,383.44,379.44,500.0,6,567.38
run_1789872167,rnd_task_017,robot_4,North,Central,40.86,2,1,0.46,4,2,0.02,0.0,4,23,0.091,7,195.2,191.2,500.0,4,375.5
run_1789872167,rnd_task_018,robot_2,South,Central,6.0,1,2,0.46,4,2,0.09,0.0,6,36,0.194,9,121.4,117.4,500.0,5,278.66
run_1789872167,rnd_task_019,robot_4,North,North,11.19,2,0,0.46,4,1,0.0,0.18,6,28,0.238,6,113.22,109.22,500.0,4,167.78
run_1789872167,rnd_task_021,robot_1,Central,North,37.05,2,1,0.46,4,2,0.07,0.0,6,30,0.144,7,194.6,190.6,500.0,2,292.58
run_1789869982,rnd_task_001,robot_4,North,South,6.05,0,2,0.46,4,2,0.01,0.26,7,45,0.125,27,399.82,395.82,500.0,5,545.22
run_1789869982,rnd_task_002,robot_3,North,South,6.0,0,2,0.46,4,2,0.03,0.0,8,53,0.13,27,428.58,424.58,500.0,6,630.6
run_1789869982,rnd_task_003,robot_1,South,Central,60.62,4,2,0.46,4,2,0.08,0.0,4,22,0.133,11,149.06,145.06,500.0,3,224.84
run_1789869982,rnd_task_004,robot_2,South,North,6.0,0,2,0.46,4,2,0.03,0.04,6,40,0.135,22,231.62,227.62,500.0,4,445.6
run_1789869982,rnd_task_005,robot_1,South,North,81.77,4,2,0.46,4,2,0.03,0.2,7,48,0.123,20,297.94,293.94,500.0,6,587.52
run_1789869982,rnd_task_006,robot_2,Central,Central,0.52,0,1,0.46,4,1,0.03,0.03,6,31,0.131,4,141.04,137.04,500.0,6,349.84
run_1789869982,rnd_task_007,robot_4,South,North,6.0,1,2,0.46,4,2,0.01,0.0,9,48,0.134,14,243.66,239.66,500.0,7,537.9
run_1789869982,rnd_task_008,robot_3,North,South,64.59,4,2,0.46,4,2,0.13,0.0,5,30,0.106,14,315.88,311.88,500.0,5,416.24
run_1789869982,rnd_task_009,robot_1,South,South,22.65,2,0,0.46,4,1,0.11,0.02,7,40,0.166,10,189.42,185.42,500.0,6,349.8
run_1789869982,rnd_task_010,robot_2,North,Central,22.65,2,0,0.46,4,2,0.0,0.18,8,35,0.155,10,177.74,173.74,500.0,5,335.36
run_1789869982,rnd_task_011,robot_3,South,North,82.56,4,2,0.46,4,2,0.0,0.27,11,62,0.193,10,341.06,337.06,500.0,7,508.74
run_1789869982,rnd_task_012,robot_4,North,Central,43.07,2,1,0.46,4,2,0.03,0.46,7,32,0.14,4,166.46,162.46,500.0,5,328.0
run_1789869982,rnd_task_013,robot_2,North,South,51.16,4,2,0.46,4,2,0.07,0.3,9,44,0.137,10,252.98,248.98,500.0,6,481.8
run_1789869982,rnd_task_014,robot_1,Central,South,0.49,0,2,0.46,4,2,0.0,0.0,8,43,0.139,10,141.08,137.08,500.0,6,460.34
run_1789869982,rnd_task_015,robot_4,Central,North,21.89,2,0,0.46,4,2,0.0,0.18,4,19,0.152,6,91.8,87.8,500.0,4,170.8
run_1789869982,rnd_task_016,robot_3,South,North,6.0,0,2,0.46,4,2,0.0,0.18,11,65,0.187,2,376.34,372.34,500.0,7,534.18
run_1789869982,rnd_task_017,robot_4,Central,Central,75.93,4,2,0.46,4,1,0.0,0.18,6,29,0.206,0,100.02,96.02,500.0,5,203.78
run_1789869982,rnd_task_018,robot_2,North,South,80.64,4,2,0.46,4,2,0.0,0.18,10,54,0.184,2,277.82,273.82,500.0,4,444.92
run_1789869982,rnd_task_019,robot_1,North,North,16.53,2,0,0.46,4,1,0.0,0.18,8,42,0.208,2,188.08,184.08,500.0,4,297.8
run_1789869982,rnd_task_020,robot_4,South,North,60.98,4,2,0.46,4,2,0.02,0.0,8,44,0.155,3,237.54,233.54,500.0,3,439.24
run_1789871123,rnd_task_001,robot_1,South,North,0.96,0,2,0.46,4,2,0.01,0.02,5,29,0.14,10,186.14,182.14,500.0,4,315.2
run_1789871123,rnd_task_002,robot_4,Central,North,0.85,0,2,0.46,4,2,0.14,0.01,6,29,0.129,10,234.0,230.0,500.0,6,355.92
run_1789871123,rnd_task_003,robot_2,South,South,4.8,2,0,0.46,4,1,0.28,0.0,4,18,0.12,9,87.74,83.74,500.0,3,200.34
run_1789871123,rnd_task_004,robot_3,South,South,50.15,2,1,0.46,4,1,0.01,0.0,6,29,0.128,10,91.36,87.36,500.0,5,329.18
run_1789871123,rnd_task_005,robot_2,North,North,0.99,0,0,0.46,4,1,0.03,0.0,6,35,0.133,11,207.1,203.1,500.0,6,375.58
run_1789871123,rnd_task_006,robot_1,Central,Central,96.59,4,2,0.46,4,1,0.11,0.0,6,34,0.17,10,157.12,153.12,500.0,6,293.38
run_1789871123,rnd_task_007,robot_3,North,South,62.65,4,2,0.46,4,2,0.14,0.06,8,52,0.176,26,318.44,314.44,500.0,6,442.04
run_1789871123,rnd_task_008,robot_4,South,South,43.06,2,1,0.46,4,1,0.0,0.0,8,54,0.18,26,210.58,206.58,500.0,6,456.04
run_1789871123,rnd_task_009,robot_2,South,North,0.96,0,2,0.46,4,2,0.11,0.04,10,56,0.144,19,292.96,288.96,500.0,9,610.82
run_1789871123,rnd_task_010,robot_1,North,Central,0.97,0,2,0.46,4,2,0.08,0.0,6,33,0.134,18,265.28,261.28,500.0,5,374.18
run_1789871123,rnd_task_011,robot_3,South,South,0.99,0,1,0.46,4,1,0.0,0.18,4,14,0.074,2,115.04,111.04,500.0,5,269.36
run_1789871123,rnd_task_012,robot_4,Central,Central,84.99,4,2,0.46,4,1,0.06,0.09,5,24,0.118,1,184.78,180.78,500.0,5,306.08
run_1789871123,rnd_task_013,robot_1,South,North,66.6,4,2,0.46,4,2,0.0,0.0,7,40,0.142,4,251.54,247.54,500.0,7,435.84
run_1789871123,rnd_task_014,robot_3,North,North,17.74,2,1,0.46,4,1,0.02,0.31,6,37,0.133,7,252.48,248.48,500.0,7,419.6
run_1789871123,rnd_task_015,robot_4,North,North,0.85,0,1,0.46,4,1,0.12,0.12,6,31,0.095,21,286.1,282.1,500.0,6,463.56
run_1789871123,rnd_task_016,robot_2,North,North,29.15,2,1,0.46,4,1,0.1,0.37,4,21,0.153,2,83.04,79.04,500.0,3,182.62
run_1789871123,rnd_task_017,robot_2,Central,North,0.65,0,2,0.46,4,2,0.08,0.15,6,43,0.142,28,224.82,220.82,500.0,6,465.48
run_1789871123,rnd_task_018,robot_1,Central,Central,46.26,2,1,0.46,4,1,0.16,0.02,6,24,0.142,18,166.78,162.78,500.0,4,252.72
run_1789871123,rnd_task_020,robot_4,North,Central,25.99,2,0,0.46,4,2,0.05,0.0,4,29,0.201,5,119.5,115.5,500.0,3,199.28
run_1789871123,rnd_task_021,robot_1,North,Central,42.71,2,0,0.46,4,2,0.28,0.03,4,18,0.175,10,81.3,77.3,500.0,2,160.3
run_1789873238,rnd_task_001,robot_1,North,South,54.74,4,2,0.46,4,2,0.03,0.01,6,39,0.12,7,396.46,392.46,500.0,5,482.24
run_1789873238,rnd_task_002,robot_2,Central,North,6.0,0,2,0.46,4,2,0.05,0.01,6,38,0.132,7,254.0,250.0,500.0,3,424.16
run_1789873238,rnd_task_003,robot_3,South,North,6.0,0,2,0.46,4,2,0.03,0.01,6,39,0.138,7,206.96,202.96,500.0,3,421.2
run_1789873238,rnd_task_004,robot_4,North,South,6.0,0,2,0.46,4,2,0.11,0.01,10,64,0.14,13,463.72,459.72,500.0,6,714.4
run_1789873238,rnd_task_005,robot_2,South,North,70.73,4,2,0.46,4,2,0.05,0.0,7,33,0.121,7,302.12,298.12,500.0,7,412.14
run_1789873238,rnd_task_006,robot_3,North,Central,0.49,0,2,0.46,4,2,0.0,0.18,7,30,0.128,6,103.46,99.46,500.0,6,328.46
run_1789873238,rnd_task_007,robot_1,North,North,27.79,2,0,0.46,4,1,0.23,0.09,6,29,0.159,6,196.72,192.72,500.0,4,275.88
run_1789873238,rnd_task_008,robot_4,North,South,6.0,0,2,0.46,4,2,0.01,0.0,9,62,0.12,18,521.5,517.5,500.0,9,799.94
run_1789873238,rnd_task_009,robot_1,South,North,49.13,4,2,0.46,4,2,0.07,0.0,7,42,0.13,6,323.92,319.92,500.0,7,476.4
run_1789873238,rnd_task_010,robot_3,North,South,52.21,4,2,0.46,4,2,0.07,0.08,6,32,0.124,6,290.54,286.54,500.0,4,370.7
run_1789873238,rnd_task_011,robot_2,Central,South,6.0,0,2,0.46,4,2,0.03,0.0,7,39,0.165,3,177.7,173.7,500.0,4,351.14
run_1789873238,rnd_task_012,robot_3,South,North,6.0,1,2,0.46,4,2,0.03,0.1,7,49,0.12,18,444.14,440.14,500.0,8,618.88
run_1789873238,rnd_task_013,robot_2,Central,North,24.44,2,0,0.46,4,2,0.02,0.09,5,25,0.091,12,191.02,187.02,500.0,5,373.78
run_1789873238,rnd_task_014,robot_1,North,South,6.0,0,2,0.46,4,2,0.0,0.0,5,32,0.124,12,213.92,209.92,500.0,5,403.52
run_1789873238,rnd_task_015,robot_4,South,North,74.42,4,2,0.46,4,2,0.04,0.02,8,53,0.16,13,260.12,256.12,500.0,7,499.88
run_1789873238,rnd_task_016,robot_2,Central,North,6.0,0,2,0.46,4,2,0.07,0.0,5,25,0.118,12,175.02,171.02,500.0,5,321.3
run_1789873238,rnd_task_017,robot_1,Central,North,26.07,2,0,0.46,4,2,0.07,0.31,6,35,0.145,13,217.58,213.58,500.0,5,345.6
run_1789873238,rnd_task_018,robot_3,South,South,47.64,2,1,0.46,4,1,0.01,0.0,9,52,0.171,6,156.98,152.98,500.0,5,455.22
run_1789873238,rnd_task_019,robot_2,North,North,28.7,2,1,0.46,4,1,0.03,0.0,8,48,0.193,16,196.94,192.94,500.0,4,383.38
run_1789873238,rnd_task_021,robot_4,North,South,72.98,4,2,0.46,4,2,0.0,0.18,6,31,0.162,15,174.28,170.28,500.0,2,270.8
run_1789802813,rnd_task_001,robot_1,North,South,54.74,4,2,0.46,4,2,0.02,0.0,6,39,0.115,10,413.32,409.32,500.0,5,504.56
run_1789802813,rnd_task_002,robot_2,Central,North,0.67,0,2,0.46,4,2,0.04,0.0,6,39,0.134,10,260.44,256.44,500.0,3,433.06
run_1789802813,rnd_task_003,robot_3,South,North,6.0,0,2,0.46,4,2,0.05,0.05,6,38,0.135,7,195.66,191.66,500.0,3,413.4
run_1789802813,rnd_task_004,robot_4,North,South,88.12,4,2,0.46,4,2,0.05,0.04,9,58,0.13,9,450.12,446.12,500.0,6,693.6
run_1789802813,rnd_task_005,robot_2,South,North,70.73,4,2,0.46,4,2,0.04,0.02,7,33,0.115,6,325.88,321.88,500.0,7,434.0
run_1789802813,rnd_task_006,robot_3,North,Central,63.2,2,1,0.46,4,2,0.0,0.18,7,31,0.137,3,90.76,86.76,500.0,6,321.74
run_1789802813,rnd_task_007,robot_1,North,North,27.79,2,0,0.46,4,1,0.08,0.0,5,28,0.161,3,185.1,181.1,500.0,4,260.46
run_1789802813,rnd_task_008,robot_4,North,South,85.83,4,2,0.46,4,2,0.0,0.18,10,73,0.14,19,535.16,531.16,500.0,9,812.58
run_1789802813,rnd_task_009,robot_1,South,North,6.0,0,2,0.46,4,2,0.12,0.08,7,42,0.132,19,310.58,306.58,500.0,6,468.74
run_1789802813,rnd_task_010,robot_3,North,South,6.0,1,2,0.46,4,2,0.08,0.04,8,41,0.143,19,323.34,319.34,500.0,4,420.42
run_1789802813,rnd_task_011,robot_2,Central,South,6.0,0,2,0.46,4,2,0.06,0.07,7,39,0.157,16,191.62,187.62,500.0,5,369.06
run_1789802813,rnd_task_012,robot_3,South,North,6.0,1,2,0.46,4,2,0.0,0.18,6,38,0.096,12,418.06,414.06,500.0,7,585.52
run_1789802813,rnd_task_013,robot_1,Central,North,6.0,1,2,0.46,4,2,0.0,0.18,4,25,0.104,1,125.56,121.56,500.0,5,328.2
run_1789802813,rnd_task_014,robot_2,North,South,66.35,4,2,0.46,4,2,0.0,0.18,8,49,0.13,12,387.38,383.38,500.0,7,601.02
run_1789802813,rnd_task_015,robot_4,South,North,74.42,4,2,0.46,4,2,0.0,0.18,6,42,0.127,14,249.6,245.6,500.0,7,488.54
run_1789802813,rnd_task_016,robot_1,Central,North,34.8,2,1,0.46,4,2,0.08,0.0,4,23,0.123,10,143.12,139.12,500.0,4,277.5
run_1789802813,rnd_task_017,robot_3,Central,North,26.07,2,0,0.46,4,2,0.0,0.18,5,30,0.159,2,165.82,161.82,500.0,5,263.8
run_1789802813,rnd_task_018,robot_1,South,South,47.64,2,1,0.46,4,1,0.02,0.0,9,49,0.161,8,201.66,197.66,500.0,5,459.86
run_1789802813,rnd_task_019,robot_2,North,North,28.7,2,1,0.46,4,1,0.06,0.0,7,37,0.149,8,267.36,263.36,500.0,4,376.4
run_1789802813,rnd_task_021,robot_3,North,South,72.98,4,2,0.46,4,2,0.02,0.0,8,46,0.178,10,225.9,221.9,500.0,2,382.94
run_1789804035,rnd_task_001,robot_1,North,Central,46.23,2,1,0.46,4,2,0.13,0.11,3,16,0.05,43,341.88,337.88,500.0,4,482.46
run_1789804035,rnd_task_002,robot_4,North,South,77.2,4,2,0.46,4,2,0.12,0.12,6,34,0.08,46,446.86,442.86,500.0,6,624.36
run_1789804035,rnd_task_003,robot_3,North,North,24.06,2,1,0.46,4,1,0.24,0.07,4,22,0.067,43,369.82,365.82,500.0,5,504.0
run_1789804035,rnd_task_004,robot_2,North,Central,39.87,2,1,0.46,4,2,0.13,0.15,3,16,0.055,42,307.1,303.1,500.0,3,437.12
run_1789804035,rnd_task_005,robot_2,North,South,77.31,4,2,0.46,4,2,0.03,0.4,8,41,0.201,7,175.32,171.32,500.0,7,318.0
run_1789804035,rnd_task_006,robot_1,North,North,0.67,0,0,0.46,4,1,0.04,0.0,8,40,0.21,7,103.14,99.14,500.0,5,276.6
run_1789804035,rnd_task_007,robot_3,South,North,67.63,4,2,0.46,4,2,0.06,0.2,10,54,0.16,11,318.16,314.16,500.0,7,525.28
run_1789804035,rnd_task_008,robot_4,South,Central,79.34,4,2,0.46,4,2,0.0,0.18,5,26,0.143,4,116.94,112.94,500.0,5,265.2
run_1789804035,rnd_task_009,robot_1,North,North,0.67,0,1,0.46,4,1,0.09,0.01,10,44,0.126,10,269.76,265.76,500.0,8,524.86
run_1789804035,rnd_task_010,robot_2,North,North,24.58,2,1,0.46,4,1,0.11,0.11,7,31,0.115,7,209.86,205.86,500.0,6,400.38
run_1789804035,rnd_task_011,robot_4,Central,North,0.85,0,2,0.46,4,2,0.01,0.0,5,28,0.157,7,114.66,110.66,500.0,4,254.12
run_1789804035,rnd_task_012,robot_3,North,North,31.97,2,1,0.46,4,1,0.03,0.0,6,24,0.14,6,68.06,64.06,500.0,6,257.52
run_1789804035,rnd_task_013,robot_4,South,North,61.24,4,2,0.46,4,2,0.06,0.02,8,48,0.164,12,303.24,299.24,500.0,8,439.94
run_1789804035,rnd_task_014,robot_2,North,North,2.24,2,0,0.46,4,1,0.02,0.0,6,28,0.191,7,78.28,74.28,500.0,5,208.98
run_1789804035,rnd_task_015,robot_1,North,South,6.0,1,2,0.46,4,2,0.1,0.09,7,53,0.2,16,238.5,234.5,500.0,7,420.44
run_1789804035,rnd_task_016,robot_3,North,North,14.75,2,0,0.46,4,1,0.07,0.09,6,30,0.173,9,105.22,101.22,500.0,4,254.92
run_1789804035,rnd_task_017,robot_2,North,Central,49.67,2,1,0.46,4,2,0.04,0.28,6,44,0.17,12,203.48,199.48,500.0,6,388.22
run_1789804035,rnd_task_018,robot_3,Central,South,68.02,4,2,0.46,4,2,0.05,0.14,7,32,0.154,7,216.02,212.02,500.0,5,297.82
run_1789804035,rnd_task_019,robot_4,North,South,72.39,4,2,0.46,4,2,0.03,0.0,9,52,0.18,8,258.38,254.38,500.0,4,432.9
run_1789804035,rnd_task_020,robot_1,North,North,30.95,2,1,0.46,4,1,0.0,0.18,8,35,0.164,1,167.88,163.88,500.0,3,328.48
run_1789798628,rnd_task_001,robot_4,North,South,6.0,0,2,0.46,4,2,0.02,0.0,7,45,0.127,28,385.06,381.06,500.0,5,533.66
run_1789798628,rnd_task_002,robot_3,North,South,6.0,0,2,0.46,4,2,0.05,0.0,8,58,0.139,27,434.96,430.96,500.0,6,646.8
run_1789798628,rnd_task_003,robot_1,South,Central,6.0,0,2,0.46,4,2,0.06,0.0,4,22,0.14,16,149.94,145.94,500.0,3,214.98
run_1789798628,rnd_task_004,robot_2,South,North,6.0,0,2,0.46,4,2,0.03,0.04,5,35,0.121,26,228.42,224.42,500.0,4,430.6
run_1789798628,rnd_task_005,robot_1,South,North,6.0,0,2,0.46,4,2,0.04,0.16,7,48,0.129,20,270.32,266.32,500.0,6,556.6
run_1789798628,rnd_task_006,robot_2,Central,Central,94.9,4,2,0.46,4,1,0.03,0.0,5,31,0.125,11,158.42,154.42,500.0,5,368.52
run_1789798628,rnd_task_007,robot_4,South,North,6.0,1,2,0.46,4,2,0.0,0.18,8,47,0.123,30,256.94,252.94,500.0,7,566.84
run_1789798628,rnd_task_008,robot_3,North,South,64.59,4,2,0.46,4,2,0.12,0.0,5,25,0.089,30,312.06,308.06,500.0,5,402.24
run_1789798628,rnd_task_009,robot_1,South,South,22.65,2,0,0.46,4,1,0.05,0.12,7,40,0.165,20,187.8,183.8,500.0,5,351.4
run_1789798628,rnd_task_010,robot_2,North,Central,22.65,2,0,0.46,4,2,0.0,0.18,8,35,0.158,20,170.1,166.1,500.0,5,329.62
run_1789798628,rnd_task_011,robot_3,South,North,82.56,4,2,0.46,4,2,0.0,0.18,11,61,0.195,7,331.76,327.76,500.0,7,493.0
run_1789798628,rnd_task_012,robot_4,North,Central,43.07,2,1,0.46,4,2,0.01,0.46,7,41,0.182,6,158.4,154.4,500.0,5,330.24
run_1789798628,rnd_task_013,robot_2,North,South,0.51,0,2,0.46,4,2,0.05,0.28,9,49,0.153,5,268.44,264.44,500.0,7,485.0
run_1789798628,rnd_task_014,robot_1,Central,South,58.31,2,1,0.46,4,2,0.0,0.18,8,43,0.14,5,139.88,135.88,500.0,6,456.54
run_1789798628,rnd_task_015,robot_4,Central,North,21.89,2,0,0.46,4,2,0.0,0.18,4,15,0.113,2,86.56,82.56,500.0,4,177.06
run_1789798628,rnd_task_016,robot_3,South,North,0.99,0,2,0.46,4,2,0.02,0.01,11,63,0.182,22,366.72,362.72,500.0,7,527.6
run_1789798628,rnd_task_017,robot_4,Central,Central,75.93,4,2,0.46,4,1,0.05,0.0,5,29,0.185,10,121.1,117.1,500.0,5,226.96
run_1789798628,rnd_task_018,robot_1,North,South,80.64,4,2,0.46,4,2,0.07,0.19,10,53,0.181,20,292.52,288.52,500.0,5,441.92
run_1789798628,rnd_task_019,robot_2,North,North,6.0,0,0,0.46,4,1,0.0,0.18,8,42,0.173,20,177.0,173.0,500.0,3,357.5
run_1789798628,rnd_task_021,robot_2,North,Central,62.4,4,2,0.46,4,2,0.14,0.05,6,20,0.084,13,175.7,171.7,500.0,2,308.44
run_1789801853,rnd_task_001,robot_1,North,South,0.67,0,2,0.46,4,2,0.05,0.0,5,28,0.094,9,398.0,394.0,500.0,6,467.84
run_1789801853,rnd_task_002,robot_4,North,North,15.92,2,1,0.46,4,1,0.01,0.0,2,12,0.048,8,227.88,223.88,500.0,3,330.72
run_1789801853,rnd_task_003,robot_2,South,Central,97.58,4,2,0.46,4,2,0.05,0.01,4,21,0.072,6,162.22,158.22,500.0,4,391.1
run_1789801853,rnd_task_004,robot_3,North,South,73.75,4,2,0.46,4,2,0.02,0.0,4,22,0.085,6,277.64,273.64,500.0,5,400.34
run_1789801853,rnd_task_005,robot_4,South,South,41.52,2,1,0.46,4,1,0.02,0.0,7,40,0.131,4,240.62,236.62,500.0,8,456.94
run_1789801853,rnd_task_006,robot_2,South,North,64.38,4,2,0.46,4,2,0.0,0.18,4,19,0.103,1,174.54,170.54,500.0,5,272.9
run_1789801853,rnd_task_007,robot_3,Central,North,27.33,2,0,0.46,4,2,0.02,0.0,6,30,0.133,4,188.1,184.1,500.0,5,359.78
run_1789801853,rnd_task_008,robot_1,Central,North,40.86,2,1,0.46,4,2,0.06,0.0,4,23,0.095,3,194.98,190.98,500.0,6,356.16
run_1789801853,rnd_task_009,robot_2,North,South,57.94,4,2,0.46,4,2,0.11,0.0,7,40,0.161,12,244.86,240.86,500.0,7,385.82
run_1789801853,rnd_task_010,robot_3,North,North,26.03,2,1,0.46,4,1,0.06,0.05,7,29,0.154,9,133.16,129.16,500.0,5,272.2
run_1789801853,rnd_task_011,robot_4,North,Central,79.12,4,2,0.46,4,2,0.03,0.0,7,43,0.152,9,293.04,289.04,500.0,8,435.6
run_1789801853,rnd_task_012,robot_1,North,Central,1.01,0,2,0.46,4,2,0.04,0.08,7,42,0.165,9,146.22,142.22,500.0,5,375.12
run_1789801853,rnd_task_013,robot_3,North,North,14.4,2,1,0.46,4,1,0.0,0.18,4,13,0.14,0,35.32,31.32,500.0,4,128.54
run_1789801853,rnd_task_014,robot_2,North,Central,36.41,2,0,0.46,4,2,0.0,0.18,9,43,0.129,7,329.32,325.32,500.0,6,494.54
run_1789801853,rnd_task_015,robot_1,South,Central,59.63,4,2,0.46,4,2,0.08,0.1,10,53,0.154,17,240.08,236.08,500.0,6,518.92
run_1789801853,rnd_task_016,robot_3,North,South,60.29,4,2,0.46,4,2,0.05,0.28,6,30,0.128,7,260.02,256.02,500.0,4,359.24
run_1789801853,rnd_task_017,robot_4,North,Central,40.86,2,1,0.46,4,2,0.0,0.18,5,28,0.118,7,181.34,177.34,500.0,5,356.96
run_1789801853,rnd_task_018,robot_3,South,Central,83.93,4,2,0.46,4,2,0.0,0.18,6,31,0.193,10,114.58,110.58,500.0,4,238.9
run_1789801853,rnd_task_019,robot_2,North,North,11.19,2,0,0.46,4,1,0.18,0.09,6,31,0.211,10,125.54,121.54,500.0,4,208.72
run_1789801853,rnd_task_021,robot_1,Central,North,37.05,2,1,0.46,4,2,0.0,0.18,4,14,0.143,0,62.3,58.3,500.0,2,139.38
run_1789806079,rnd_task_001,robot_4,South,North,1.01,0,2,0.46,4,2,0.1,0.03,4,23,0.111,36,223.48,219.48,500.0,3,305.08
run_1789806079,rnd_task_002,robot_3,Central,South,6.0,0,2,0.46,4,2,0.21,0.03,5,34,0.124,36,217.06,213.06,500.0,5,404.22
run_1789806079,rnd_task_003,robot_2,North,North,6.89,2,0,0.46,4,1,0.35,0.07,4,24,0.118,35,255.72,251.72,500.0,4,305.38
run_1789806079,rnd_task_004,robot_1,North,South,78.18,4,2,0.46,4,2,0.09,0.16,8,51,0.155,42,338.66,334.66,500.0,7,503.68
run_1789806079,rnd_task_005,robot_4,North,South,65.59,4,2,0.46,4,2,0.07,0.41,6,29,0.183,7,180.9,176.9,500.0,7,251.68
run_1789806079,rnd_task_006,robot_2,North,North,24.69,2,0,0.46,4,1,0.0,0.18,5,27,0.21,7,86.22,82.22,500.0,4,180.94
run_1789806079,rnd_task_007,robot_3,North,Central,67.52,2,1,0.46,4,2,0.0,0.18,11,65,0.199,11,218.08,214.08,500.0,8,502.98
run_1789806079,rnd_task_008,robot_2,North,South,6.0,0,2,0.46,4,2,0.0,0.18,11,53,0.196,4,259.04,255.04,500.0,8,428.4
run_1789806079,rnd_task_009,robot_1,South,South,11.72,2,0,0.46,4,1,0.0,0.18,5,24,0.156,1,51.4,47.4,500.0,4,205.44
run_1789806079,rnd_task_010,robot_4,South,Central,68.76,4,2,0.46,4,2,0.0,0.18,6,31,0.17,2,77.44,73.44,500.0,4,258.78
run_1789806079,rnd_task_011,robot_1,South,North,0.91,0,2,0.46,4,2,0.07,0.15,9,49,0.183,3,188.08,184.08,500.0,6,405.42
run_1789806079,rnd_task_012,robot_4,North,South,0.85,0,2,0.46,4,2,0.05,0.2,8,48,0.188,8,287.46,283.46,500.0,6,383.12
run_1789806079,rnd_task_013,robot_3,North,Central,83.07,4,2,0.46,4,2,0.21,0.07,9,44,0.171,13,230.6,226.6,500.0,6,385.14
run_1789806079,rnd_task_014,robot_2,South,North,0.51,0,2,0.46,4,2,0.09,0.04,10,45,0.15,14,208.12,204.12,500.0,6,454.08
run_1789806079,rnd_task_015,robot_1,Central,Central,0.99,0,1,0.46,4,1,0.27,0.08,8,49,0.218,13,166.08,162.08,500.0,6,338.88
run_1789806079,rnd_task_016,robot_4,North,North,16.78,2,0,0.46,4,1,0.02,0.0,9,53,0.233,8,196.84,192.84,500.0,6,343.8
run_1789806079,rnd_task_017,robot_3,South,South,31.82,2,1,0.46,4,1,0.0,0.18,7,40,0.25,1,104.42,100.42,500.0,4,231.9
run_1789806079,rnd_task_018,robot_2,North,Central,58.06,2,1,0.46,4,2,0.01,0.41,7,37,0.2,3,90.24,86.24,500.0,5,270.38
run_1789806079,rnd_task_020,robot_3,Central,Central,81.52,4,2,0.46,4,1,0.0,0.18,2,7,0.07,3,76.76,72.76,500.0,3,142.8
run_1789806079,rnd_task_021,robot_4,Central,Central,80.25,4,2,0.46,4,1,0.0,0.18,6,35,0.203,3,127.62,123.62,500.0,2,246.28
run_1789806986,rnd_task_001,robot_1,South,North,80.12,4,2,0.46,4,2,0.11,0.14,4,22,0.093,29,230.74,226.74,500.0,4,365.96
run_1789806986,rnd_task_002,robot_4,North,North,11.19,2,0,0.46,4,1,0.11,0.1,4,22,0.094,29,306.96,302.96,500.0,4,362.6
run_1789806986,rnd_task_003,robot_2,Central,Central,80.25,4,2,0.46,4,1,0.07,0.11,2,11,0.047,27,167.5,163.5,500.0,3,256.44
run_1789806986,rnd_task_004,robot_3,North,South,66.35,4,2,0.46,4,2,0.03,0.08,7,40,0.109,33,429.8,425.8,500.0,6,584.74
run_1789806986,rnd_task_005,robot_2,South,North,86.08,4,2,0.46,4,2,0.0,0.0,7,47,0.142,6,234.0,230.0,500.0,7,492.0
run_1789806986,rnd_task_006,robot_4,North,South,73.75,4,2,0.46,4,2,0.0,0.18,4,18,0.1,4,159.1,155.1,500.0,4,261.2
run_1789806986,rnd_task_007,robot_1,South,South,9.44,2,0,0.46,4,1,0.01,0.31,6,36,0.123,4,226.28,222.28,500.0,6,423.18
run_1789806986,rnd_task_008,robot_3,North,Central,0.97,0,2,0.46,4,2,0.0,0.18,7,38,0.156,1,166.34,162.34,500.0,7,371.04
run_1789806986,rnd_task_009,robot_4,North,North,7.09,2,0,0.46,4,1,0.01,0.0,6,36,0.19,1,175.98,171.98,500.0,5,274.18
run_1789806986,rnd_task_010,robot_2,South,North,64.83,4,2,0.46,4,2,0.04,0.0,10,60,0.155,6,394.42,390.42,500.0,9,594.6
run_1789806986,rnd_task_011,robot_1,North,South,0.49,0,2,0.46,4,2,0.02,0.0,9,49,0.17,5,338.42,334.42,500.0,7,435.84
run_1789806986,rnd_task_012,robot_4,Central,Central,91.85,4,2,0.46,4,1,0.09,0.0,4,19,0.132,3,103.64,99.64,500.0,4,197.56
run_1789806986,rnd_task_013,robot_3,North,North,0.85,0,1,0.46,4,1,0.09,0.0,5,28,0.197,4,141.68,137.68,500.0,4,222.8
run_1789806986,rnd_task_014,robot_4,North,South,0.67,0,2,0.46,4,2,0.0,0.18,7,34,0.161,2,230.08,226.08,500.0,6,335.16
run_1789806986,rnd_task_015,robot_3,South,North,64.29,4,2,0.46,4,2,0.0,0.18,6,31,0.111,4,287.36,283.36,500.0,6,414.78
run_1789806986,rnd_task_016,robot_1,North,Central,60.35,2,1,0.46,4,2,0.04,0.09,9,54,0.142,12,245.56,241.56,500.0,7,577.56
run_1789806986,rnd_task_017,robot_2,North,South,58.57,4,2,0.46,4,2,0.1,0.0,6,30,0.144,8,189.66,185.66,500.0,5,291.72
run_1789806986,rnd_task_018,robot_4,North,North,9.14,2,0,0.46,4,1,0.0,0.18,5,21,0.13,9,159.18,155.18,500.0,4,230.84
run_1789806986,rnd_task_019,robot_3,South,South,29.01,2,0,0.46,4,1,0.09,0.02,6,30,0.174,8,166.98,162.98,500.0,4,253.26
run_1789806986,rnd_task_021,robot_4,North,South,0.85,0,2,0.46,4,2,0.02,0.0,5,28,0.167,3,168.14,164.14,500.0,2,264.16
run_1789800835,rnd_task_001,robot_4,South,North,6.0,1,2,0.46,4,2,0.03,0.06,6,36,0.157,18,230.26,226.26,500.0,5,356.74
run_1789800835,rnd_task_002,robot_3,North,North,32.25,2,1,0.46,4,1,0.21,0.17,7,41,0.174,18,230.36,226.36,500.0,6,368.68
run_1789800835,rnd_task_003,robot_2,South,Central,74.15,4,2,0.46,4,2,0.29,0.15,6,35,0.19,18,146.76,142.76,500.0,4,273.14
run_1789800835,rnd_task_004,robot_1,South,South,6.72,2,0,0.46,4,1,0.11,0.0,5,27,0.201,18,87.18,83.18,500.0,3,189.2
run_1789800835,rnd_task_005,robot_1,North,North,27.08,2,1,0.46,4,1,0.0,0.18,6,27,0.105,3,219.02,215.02,500.0,7,382.08
run_1789800835,rnd_task_006,robot_2,North,North,6.0,0,0,0.46,4,1,0.0,0.0,3,18,0.106,2,105.52,101.52,500.0,5,207.4
run_1789800835,rnd_task_007,robot_4,South,South,18.82,2,0,0.46,4,1,0.07,0.03,9,52,0.177,4,310.78,306.78,500.0,6,452.88
run_1789800835,rnd_task_008,robot_3,South,North,65.59,4,2,0.46,4,2,0.02,0.0,10,60,0.172,6,403.88,399.88,500.0,8,558.02
run_1789800835,rnd_task_009,robot_2,North,South,57.17,4,2,0.46,4,2,0.02,0.14,7,40,0.18,2,201.64,197.64,500.0,5,322.82
run_1789800835,rnd_task_010,robot_1,North,North,22.54,2,1,0.46,4,1,0.0,0.46,7,39,0.265,1,141.76,137.76,500.0,4,219.2
run_1789800835,rnd_task_011,robot_4,North,South,0.88,0,2,0.46,4,2,0.0,0.18,7,33,0.106,10,336.56,332.56,500.0,8,472.0
run_1789800835,rnd_task_012,robot_1,Central,North,65.99,4,2,0.46,4,2,0.06,0.21,7,32,0.132,4,189.12,185.12,500.0,5,348.98
run_1789800835,rnd_task_013,robot_2,Central,Central,0.97,0,1,0.46,4,1,0.01,0.34,6,30,0.145,4,146.14,142.14,500.0,4,303.82
run_1789800835,rnd_task_014,robot_3,North,South,6.0,0,2,0.46,4,2,0.08,0.01,9,46,0.128,11,308.64,304.64,500.0,6,546.88
run_1789800835,rnd_task_015,robot_2,North,South,60.85,4,2,0.46,4,2,0.11,0.12,7,31,0.093,19,390.12,386.12,500.0,6,495.14
run_1789800835,rnd_task_016,robot_1,South,North,0.49,0,2,0.46,4,2,0.1,0.02,5,36,0.091,23,374.74,370.74,500.0,6,570.4
run_1789800835,rnd_task_017,robot_4,North,North,30.73,2,1,0.46,4,1,0.06,0.0,5,29,0.148,13,179.98,175.98,500.0,4,297.96
run_1789800835,rnd_task_018,robot_3,North,South,73.24,4,2,0.46,4,2,0.08,0.31,6,36,0.12,18,304.24,300.24,500.0,5,464.98
run_1789800835,rnd_task_020,robot_2,North,Central,27.15,2,0,0.46,4,2,0.06,0.09,5,30,0.133,8,233.5,229.5,500.0,3,330.6
run_1789800835,rnd_task_021,robot_1,North,North,18.47,2,1,0.46,4,1,0.01,0.23,4,24,0.142,4,111.52,107.52,500.0,2,238.8
run_1789805073,rnd_task_001,robot_1,Central,South,50.83,2,1,0.46,4,2,0.06,0.0,5,29,0.125,13,155.12,151.12,500.0,4,335.0
run_1789805073,rnd_task_002,robot_4,North,North,14.4,2,1,0.46,4,1,0.15,0.01,5,29,0.136,13,227.5,223.5,500.0,4,323.6
run_1789805073,rnd_task_003,robot_3,North,South,64.83,4,2,0.46,4,2,0.1,0.16,8,46,0.142,15,415.88,411.88,500.0,6,521.44
run_1789805073,rnd_task_004,robot_2,South,South,20.85,2,0,0.46,4,1,0.0,0.18,3,17,0.1,10,108.14,104.14,500.0,3,220.82
run_1789805073,rnd_task_005,robot_2,Central,North,65.22,4,2,0.46,4,2,0.05,0.02,6,31,0.132,9,238.12,234.12,500.0,6,379.2
run_1789805073,rnd_task_006,robot_1,South,South,16.53,2,0,0.46,4,1,0.02,0.44,4,24,0.109,7,163.18,159.18,500.0,4,294.0
run_1789805073,rnd_task_007,robot_4,North,Central,97.08,4,2,0.46,4,2,0.02,0.0,6,30,0.114,8,192.5,188.5,500.0,6,386.16
run_1789805073,rnd_task_008,robot_3,North,South,59.55,4,2,0.46,4,2,0.13,0.2,9,48,0.158,20,292.64,288.64,500.0,7,457.08
run_1789805073,rnd_task_009,robot_2,North,South,0.99,0,2,0.46,4,2,0.1,0.05,9,48,0.141,17,257.0,253.0,500.0,6,525.54
run_1789805073,rnd_task_010,robot_1,North,South,80.16,4,2,0.46,4,2,0.0,0.23,6,35,0.169,16,170.24,166.24,500.0,4,296.54
run_1789805073,rnd_task_011,robot_4,North,Central,6.0,1,2,0.46,4,2,0.04,0.16,9,53,0.173,14,238.28,234.28,500.0,6,461.38
run_1789805073,rnd_task_012,robot_1,North,Central,37.82,2,1,0.46,4,2,0.0,0.18,7,31,0.124,1,177.86,173.86,500.0,6,369.8
run_1789805073,rnd_task_013,robot_3,North,South,0.67,0,2,0.46,4,2,0.06,0.0,7,41,0.125,3,300.64,296.64,500.0,6,479.58
run_1789805073,rnd_task_014,robot_2,Central,South,6.0,0,2,0.46,4,2,0.0,0.18,7,37,0.14,3,195.5,191.5,500.0,6,387.06
run_1789805073,rnd_task_015,robot_4,North,South,87.87,4,2,0.46,4,2,0.04,0.0,9,49,0.123,4,340.22,336.22,500.0,7,599.96
run_1789805073,rnd_task_016,robot_1,Central,North,81.89,4,2,0.46,4,2,0.0,0.18,6,29,0.158,3,150.94,146.94,500.0,5,291.16
run_1789805073,rnd_task_017,robot_3,Central,South,6.0,0,2,0.46,4,2,0.03,0.27,9,41,0.149,6,200.18,196.18,500.0,6,403.4
run_1789805073,rnd_task_018,robot_2,North,North,0.54,0,0,0.46,4,1,0.06,0.37,6,29,0.137,5,189.64,185.64,500.0,5,321.8
run_1789805073,rnd_task_019,robot_1,North,North,36.54,2,1,0.46,4,1,0.02,0.0,6,29,0.145,5,91.88,87.88,500.0,4,303.0
run_1789805073,rnd_task_020,robot_4,South,Central,33.38,2,0,0.46,4,2,0.0,0.18,4,23,0.252,4,58.96,54.96,500.0,3,127.02
run_1789799857,rnd_task_001,robot_1,South,North,71.7,4,2,0.46,4,2,0.07,0.06,5,29,0.139,5,188.52,184.52,500.0,4,315.82
run_1789799857,rnd_task_002,robot_4,Central,North,0.85,0,2,0.46,4,2,0.04,0.02,6,34,0.152,5,225.98,221.98,500.0,6,355.4
run_1789799857,rnd_task_003,robot_2,South,South,4.8,2,0,0.46,4,1,0.11,0.05,4,18,0.12,5,88.26,84.26,500.0,3,199.3
run_1789799857,rnd_task_004,robot_3,South,South,50.15,2,1,0.46,4,1,0.05,0.04,6,29,0.13,5,87.54,83.54,500.0,5,324.02
run_1789799857,rnd_task_005,robot_2,North,North,0.49,0,0,0.46,4,1,0.03,0.0,6,35,0.138,7,191.58,187.58,500.0,6,362.78
run_1789799857,rnd_task_006,robot_1,Central,Central,96.59,4,2,0.46,4,1,0.06,0.0,6,34,0.184,8,140.42,136.42,500.0,5,271.6
run_1789799857,rnd_task_007,robot_3,North,South,62.65,4,2,0.46,4,2,0.24,0.0,7,48,0.166,23,297.92,293.92,500.0,6,434.0
run_1789799857,rnd_task_008,robot_4,South,South,43.06,2,1,0.46,4,1,0.06,0.0,8,55,0.174,23,230.86,226.86,500.0,6,483.42
run_1789799857,rnd_task_009,robot_2,South,North,0.96,0,2,0.46,4,2,0.11,0.1,10,50,0.131,20,270.7,266.7,500.0,8,593.96
run_1789799857,rnd_task_010,robot_1,North,Central,70.73,4,2,0.46,4,2,0.05,0.0,6,33,0.139,15,270.26,266.26,500.0,5,360.0
run_1789799857,rnd_task_011,robot_3,South,South,6.0,0,1,0.46,4,1,0.0,0.18,5,24,0.134,2,114.52,110.52,500.0,5,267.78
run_1789799857,rnd_task_012,robot_4,Central,Central,84.99,4,2,0.46,4,1,0.03,0.0,4,23,0.114,4,178.0,174.0,500.0,5,297.1
run_1789799857,rnd_task_013,robot_1,South,North,66.6,4,2,0.46,4,2,0.02,0.0,7,40,0.144,6,250.24,246.24,500.0,6,429.4
run_1789799857,rnd_task_014,robot_3,North,North,17.74,2,1,0.46,4,1,0.07,0.15,6,32,0.112,6,241.58,237.58,500.0,7,428.82
run_1789799857,rnd_task_015,robot_4,North,North,36.46,2,1,0.46,4,1,0.07,0.24,6,35,0.119,5,250.76,246.76,500.0,6,420.2
run_1789799857,rnd_task_016,robot_2,North,North,29.15,2,1,0.46,4,1,0.03,0.19,5,23,0.153,1,97.48,93.48,500.0,3,209.32
run_1789799857,rnd_task_017,robot_1,Central,North,40.64,2,1,0.46,4,2,0.13,0.18,6,25,0.113,12,185.58,181.58,500.0,4,335.14
run_1789799857,rnd_task_018,robot_2,Central,Central,46.26,2,1,0.46,4,1,0.19,0.14,5,32,0.116,14,246.6,242.6,500.0,5,414.74
run_1789799857,rnd_task_020,robot_4,North,Central,25.99,2,0,0.46,4,2,0.41,0.1,6,40,0.167,22,262.24,258.24,500.0,3,347.42
run_1789799857,rnd_task_021,robot_1,North,Central,42.71,2,0,0.46,4,2,0.26,0.0,4,21,0.192,13,95.72,91.72,500.0,2,167.02
run_1789865010,rnd_task_001,robot_4,North,North,32.23,2,1,0.46,4,1,0.22,0.07,3,29,0.091,53,387.22,383.22,500.0,6,506.56
run_1789865010,rnd_task_002,robot_3,North,North,0.51,0,1,0.46,4,1,0.5,0.03,3,22,0.076,53,249.74,245.74,500.0,4,395.6
run_1789865010,rnd_task_003,robot_2,North,North,11.69,2,0,0.46,4,1,0.36,0.07,3,24,0.091,53,355.84,351.84,500.0,5,441.36
run_1789865010,rnd_task_004,robot_1,North,North,18.25,2,0,0.46,4,1,0.24,0.05,2,12,0.05,53,262.94,258.94,500.0,3,321.72
run_1789865010,rnd_task_005,robot_1,North,South,6.0,0,2,0.46,4,2,0.05,0.25,5,35,0.14,8,217.86,213.86,500.0,7,371.18
run_1789865010,rnd_task_006,robot_3,North,South,60.85,4,2,0.46,4,2,0.06,0.06,7,42,0.137,9,239.52,235.52,500.0,8,452.26
run_1789865010,rnd_task_007,robot_2,North,Central,73.25,4,2,0.46,4,2,0.09,0.13,3,14,0.111,6,115.32,111.32,500.0,4,180.92
run_1789865010,rnd_task_008,robot_4,Central,North,35.54,2,1,0.46,4,2,0.0,0.18,4,23,0.123,9,175.9,171.9,500.0,5,276.38
run_1789865010,rnd_task_009,robot_2,North,Central,0.51,0,2,0.46,4,2,0.0,0.18,8,45,0.157,6,272.22,268.22,500.0,6,431.92
run_1789865010,rnd_task_010,robot_1,North,South,48.39,4,2,0.46,4,2,0.01,0.12,8,48,0.169,4,313.06,309.06,500.0,6,425.84
run_1789865010,rnd_task_011,robot_4,South,North,0.61,0,2,0.46,4,2,0.02,0.36,8,48,0.151,7,338.56,334.56,500.0,6,491.44
run_1789865010,rnd_task_012,robot_3,South,South,63.45,2,1,0.46,4,1,0.09,0.04,6,36,0.126,7,171.02,167.02,500.0,5,413.86
run_1789865010,rnd_task_013,robot_2,North,South,6.0,0,2,0.46,4,2,0.18,0.05,11,54,0.129,14,403.08,399.08,500.0,7,636.72
run_1789865010,rnd_task_014,robot_1,North,North,27.33,2,1,0.46,4,1,0.21,0.0,8,46,0.128,14,336.92,332.92,500.0,6,561.8
run_1789865010,rnd_task_015,robot_4,North,Central,40.86,2,1,0.46,4,2,0.36,0.01,6,30,0.12,10,231.8,227.8,500.0,4,366.4
run_1789865010,rnd_task_016,robot_3,South,South,35.89,2,1,0.46,4,1,0.0,0.18,4,19,0.105,9,53.38,49.38,500.0,3,227.84
run_1789865010,rnd_task_017,robot_3,North,Central,64.44,4,2,0.46,4,2,0.04,0.02,3,19,0.106,3,206.42,202.42,500.0,5,283.42
run_1789865010,rnd_task_019,robot_2,Central,Central,48.64,2,0,0.46,4,1,0.0,0.18,2,7,0.052,1,62.98,58.98,500.0,3,153.7
run_1789865010,rnd_task_020,robot_1,North,North,31.7,2,1,0.46,4,1,0.05,0.0,5,23,0.138,6,117.58,113.58,500.0,3,246.14
run_1789865010,rnd_task_021,robot_3,North,North,28.38,2,1,0.46,4,1,0.03,0.0,5,29,0.145,5,189.96,185.96,500.0,2,302.9
run_1789861656,rnd_task_001,robot_4,South,North,71.48,4,2,0.46,4,2,0.08,0.0,4,22,0.11,15,160.66,156.66,500.0,3,289.6
run_1789861656,rnd_task_002,robot_3,North,North,4.48,2,0,0.46,4,1,0.2,0.07,5,28,0.124,15,236.6,232.6,500.0,4,321.88
run_1789861656,rnd_task_003,robot_1,North,North,41.52,2,1,0.46,4,1,0.07,0.09,10,57,0.16,22,367.48,363.48,500.0,7,551.0
run_1789861656,rnd_task_004,robot_2,South,North,75.16,4,2,0.46,4,2,0.03,0.0,7,41,0.152,18,219.14,215.14,500.0,5,407.28
run_1789861656,rnd_task_005,robot_4,Central,North,92.52,4,2,0.46,4,2,0.05,0.0,8,35,0.196,7,141.74,137.74,500.0,6,265.58
run_1789861656,rnd_task_006,robot_3,North,North,6.0,0,1,0.46,4,1,0.0,0.18,4,19,0.155,5,95.4,91.4,500.0,4,180.48
run_1789861656,rnd_task_007,robot_2,Central,North,72.77,4,2,0.46,4,2,0.0,0.18,6,36,0.193,8,202.3,198.3,500.0,6,290.0
run_1789861656,rnd_task_008,robot_3,South,North,6.0,1,2,0.46,4,2,0.04,0.13,10,66,0.161,18,409.8,405.8,500.0,9,644.66
run_1789861656,rnd_task_009,robot_1,North,North,27.63,2,1,0.46,4,1,0.0,0.18,5,21,0.148,7,71.62,67.62,500.0,4,202.88
run_1789861656,rnd_task_010,robot_4,North,North,39.48,2,1,0.46,4,1,0.05,0.02,7,36,0.138,10,211.76,207.76,500.0,5,376.76
run_1789861656,rnd_task_011,robot_2,North,North,32.7,2,1,0.46,4,1,0.05,0.0,4,24,0.127,4,109.94,105.94,500.0,5,266.74
run_1789861656,rnd_task_012,robot_1,South,North,61.01,4,2,0.46,4,2,0.02,0.0,8,41,0.114,13,368.88,364.88,500.0,6,563.46
run_1789861656,rnd_task_013,robot_4,North,South,71.09,4,2,0.46,4,2,0.12,0.03,5,29,0.101,10,240.44,236.44,500.0,6,397.0
run_1789861656,rnd_task_014,robot_2,North,Central,40.64,2,1,0.46,4,2,0.06,0.0,5,24,0.096,10,177.18,173.18,500.0,5,374.0
run_1789861656,rnd_task_015,robot_3,North,Central,88.55,4,2,0.46,4,2,0.04,0.46,4,17,0.096,2,119.9,115.9,500.0,4,249.28
run_1789861656,rnd_task_016,robot_1,North,North,55.29,2,1,0.46,4,1,0.04,0.0,6,30,0.112,5,165.74,161.74,500.0,4,393.06
run_1789861656,rnd_task_019,robot_3,North,North,6.0,0,0,0.46,4,1,0.09,0.01,6,24,0.115,5,205.82,201.82,500.0,1,295.0
run_1789861656,rnd_task_020,robot_1,South,North,6.01,1,2,0.46,4,2,0.06,0.0,3,19,0.049,6,330.48,326.48,500.0,1,485.92
run_1789861656,rnd_task_021,robot_3,South,North,6.0,0,2,0.46,4,2,0.01,0.28,5,25,0.067,7,269.92,265.92,500.0,2,509.78
run_1789861656,rnd_task_022,robot_1,North,Central,59.11,2,1,0.46,4,2,0.02,0.37,4,18,0.068,2,178.82,174.82,500.0,1,325.58
run_1789850981,rnd_task_001,robot_1,South,North,6.0,0,2,0.46,4,2,0.04,0.28,5,28,0.093,25,250.42,246.42,500.0,4,431.06
run_1789850981,rnd_task_002,robot_2,South,North,6.0,0,2,0.46,4,2,0.07,0.25,6,35,0.106,25,288.08,284.08,500.0,5,492.32
run_1789850981,rnd_task_003,robot_4,North,North,1.01,0,1,0.46,4,1,0.15,0.01,7,41,0.108,20,301.18,297.18,500.0,6,572.56
run_1789850981,rnd_task_004,robot_3,Central,South,6.0,0,2,0.46,4,2,0.15,0.0,5,26,0.115,11,244.12,240.12,500.0,3,346.36
run_1789850981,rnd_task_005,robot_3,North,Central,53.26,2,1,0.46,4,2,0.0,0.18,9,43,0.125,8,280.94,276.94,500.0,6,510.96
run_1789850981,rnd_task_006,robot_1,Central,South,6.0,0,2,0.46,4,2,0.02,0.32,9,42,0.131,6,209.78,205.78,500.0,5,471.66
run_1789850981,rnd_task_007,robot_2,South,South,42.25,2,1,0.46,4,1,0.01,0.0,7,40,0.128,6,203.2,199.2,500.0,7,452.52
run_1789850981,rnd_task_008,robot_4,South,North,69.31,4,2,0.46,4,2,0.0,0.18,6,34,0.176,5,183.68,179.68,500.0,3,306.56
run_1789850981,rnd_task_009,robot_4,South,South,38.6,2,1,0.46,4,1,0.0,0.18,10,43,0.162,5,254.8,250.8,500.0,7,418.56
run_1789850981,rnd_task_010,robot_1,South,North,6.0,0,2,0.46,4,2,0.02,0.46,8,37,0.141,5,200.88,196.88,500.0,6,383.46
run_1789850981,rnd_task_011,robot_3,Central,Central,0.47,0,0,0.46,4,1,0.0,0.0,3,9,0.102,1,40.56,36.56,500.0,4,137.36
run_1789850981,rnd_task_012,robot_2,North,Central,23.83,2,0,0.46,4,2,0.03,0.38,10,55,0.18,6,272.24,268.24,500.0,7,466.6
run_1789850981,rnd_task_013,robot_3,Central,Central,37.97,2,0,0.46,4,1,0.0,0.18,5,27,0.183,1,100.18,96.18,500.0,3,208.2
run_1789850981,rnd_task_014,robot_3,Central,South,83.07,4,2,0.46,4,2,0.0,0.18,5,25,0.147,3,117.76,113.76,500.0,6,231.14
run_1789850981,rnd_task_015,robot_1,Central,Central,73.89,4,2,0.46,4,1,0.0,0.18,9,48,0.212,2,204.9,200.9,500.0,7,340.2
run_1789850981,rnd_task_016,robot_4,Central,South,54.39,2,1,0.46,4,2,0.0,0.0,8,36,0.19,2,96.06,92.06,500.0,5,294.0
run_1789850981,rnd_task_017,robot_2,North,North,28.9,2,1,0.46,4,1,0.0,0.18,7,42,0.202,3,111.42,107.42,500.0,5,316.4
run_1789850981,rnd_task_018,robot_3,South,Central,0.49,0,2,0.46,4,2,0.0,0.28,6,35,0.226,3,104.66,100.66,500.0,5,221.6
run_1789850981,rnd_task_019,robot_4,North,Central,43.07,2,1,0.46,4,2,0.0,0.0,7,26,0.142,5,150.58,146.58,500.0,4,266.72
run_1789850981,rnd_task_021,robot_2,North,North,24.38,2,0,0.46,4,1,0.03,0.0,6,31,0.141,13,265.48,261.48,500.0,2,341.0
run_1789844043,rnd_task_001,robot_1,Central,South,50.83,2,1,0.46,4,2,0.02,0.0,5,29,0.128,7,149.28,145.28,500.0,4,329.2
run_1789844043,rnd_task_002,robot_4,North,North,14.4,2,1,0.46,4,1,0.07,0.0,5,29,0.136,7,226.48,222.48,500.0,4,322.6
run_1789844043,rnd_task_003,robot_3,North,South,0.67,0,2,0.46,4,2,0.07,0.0,8,46,0.144,10,410.74,406.74,500.0,6,515.4
run_1789844043,rnd_task_004,robot_2,South,South,20.85,2,0,0.46,4,1,0.01,0.0,3,17,0.101,6,107.0,103.0,500.0,3,217.2
run_1789844043,rnd_task_005,robot_2,Central,North,65.22,4,2,0.46,4,2,0.03,0.0,6,31,0.135,12,230.16,226.16,500.0,6,370.58
run_1789844043,rnd_task_006,robot_1,South,South,16.53,2,0,0.46,4,1,0.0,0.18,4,24,0.11,11,153.56,149.56,500.0,5,291.26
run_1789844043,rnd_task_007,robot_4,North,Central,97.08,4,2,0.46,4,2,0.01,0.0,6,30,0.121,11,175.98,171.98,500.0,6,363.2
run_1789844043,rnd_task_008,robot_3,North,South,6.0,0,2,0.46,4,2,0.0,0.46,9,49,0.155,11,297.54,293.54,500.0,7,476.34
run_1789844043,rnd_task_009,robot_2,North,South,6.0,0,2,0.46,4,2,0.0,0.18,9,53,0.155,6,259.26,255.26,500.0,7,529.94
run_1789844043,rnd_task_010,robot_1,North,South,80.16,4,2,0.46,4,2,0.04,0.01,7,40,0.19,3,179.16,175.16,500.0,4,305.82
run_1789844043,rnd_task_011,robot_4,North,Central,85.35,4,2,0.46,4,2,0.05,0.0,8,47,0.166,6,196.38,192.38,500.0,5,421.76
run_1789844043,rnd_task_012,robot_1,North,Central,37.82,2,1,0.46,4,2,0.01,0.06,7,32,0.124,5,195.36,191.36,500.0,6,385.96
run_1789844043,rnd_task_013,robot_3,North,South,6.0,0,2,0.46,4,2,0.0,0.18,8,47,0.144,4,302.36,298.36,500.0,6,484.78
run_1789844043,rnd_task_014,robot_2,Central,South,55.04,2,1,0.46,4,2,0.0,0.18,7,36,0.133,2,195.0,191.0,500.0,5,391.72
run_1789844043,rnd_task_015,robot_4,North,South,6.0,0,2,0.46,4,2,0.0,0.0,10,55,0.143,2,323.86,319.86,500.0,7,587.2
run_1789844043,rnd_task_016,robot_1,Central,North,81.89,4,2,0.46,4,2,0.0,0.18,6,29,0.157,0,155.84,151.84,500.0,5,293.6
run_1789844043,rnd_task_017,robot_3,Central,South,61.4,2,1,0.46,4,2,0.0,0.18,7,36,0.13,2,209.2,205.2,500.0,6,400.5
run_1789844043,rnd_task_018,robot_2,North,North,21.89,2,0,0.46,4,1,0.05,0.08,7,36,0.156,2,226.16,222.16,500.0,5,358.6
run_1789844043,rnd_task_019,robot_1,North,North,0.67,0,1,0.46,4,1,0.07,0.21,6,30,0.135,3,121.1,117.1,500.0,4,340.5
run_1789844043,rnd_task_020,robot_4,South,Central,0.54,0,2,0.46,4,2,0.0,0.18,2,12,0.107,0,58.26,54.26,500.0,3,130.4
run_1789850033,rnd_task_001,robot_4,Central,North,37.82,2,1,0.46,4,2,0.24,0.01,3,17,0.084,20,193.22,189.22,500.0,3,311.3
run_1789850033,rnd_task_002,robot_3,North,North,0.67,0,1,0.46,4,1,0.26,0.07,6,33,0.125,20,274.32,270.32,500.0,4,383.74
run_1789850033,rnd_task_003,robot_2,North,North,14.5,2,0,0.46,4,1,0.15,0.08,8,46,0.156,21,294.16,290.16,500.0,6,449.56
run_1789850033,rnd_task_004,robot_1,South,Central,90.97,4,2,0.46,4,2,0.07,0.0,6,33,0.129,20,140.92,136.92,500.0,4,371.16
run_1789850033,rnd_task_005,robot_4,North,North,0.91,0,1,0.46,4,1,0.0,0.18,7,41,0.26,3,90.72,86.72,500.0,6,230.42
run_1789850033,rnd_task_006,robot_1,South,North,56.04,4,2,0.46,4,2,0.0,0.18,9,49,0.19,12,304.24,300.24,500.0,6,389.82
run_1789850033,rnd_task_007,robot_3,North,South,59.05,4,2,0.46,4,2,0.09,0.02,12,78,0.177,13,473.84,469.84,500.0,9,690.58
run_1789850033,rnd_task_008,robot_2,North,North,29.68,2,1,0.46,4,1,0.0,0.18,4,19,0.164,2,50.58,46.58,500.0,4,170.78
run_1789850033,rnd_task_009,robot_4,North,South,46.84,4,2,0.46,4,2,0.1,0.0,6,37,0.135,9,276.88,272.88,500.0,5,398.8
run_1789850033,rnd_task_010,robot_2,Central,North,50.83,2,1,0.46,4,2,0.02,0.0,8,46,0.164,10,147.72,143.72,500.0,5,414.62
run_1789850033,rnd_task_011,robot_1,Central,South,63.2,2,1,0.46,4,2,0.0,0.18,10,55,0.188,1,174.24,170.24,500.0,6,445.88
run_1789850033,rnd_task_012,robot_4,Central,North,40.64,2,1,0.46,4,2,0.05,0.31,8,48,0.2,1,190.66,186.66,500.0,6,370.22
run_1789850033,rnd_task_013,robot_2,North,North,48.94,2,1,0.46,4,1,0.03,0.41,10,48,0.221,1,120.82,116.82,500.0,7,325.66
run_1789850033,rnd_task_014,robot_3,South,Central,65.74,4,2,0.46,4,2,0.0,0.18,7,32,0.171,0,135.24,131.24,500.0,5,268.72
run_1789850033,rnd_task_015,robot_1,Central,North,0.49,0,2,0.46,4,2,0.02,0.45,6,41,0.196,3,189.36,185.36,500.0,6,306.6
run_1789850033,rnd_task_016,robot_4,North,Central,68.02,4,2,0.46,4,2,0.03,0.06,8,42,0.228,3,174.2,170.2,500.0,6,280.94
run_1789850033,rnd_task_017,robot_3,North,Central,23.95,2,0,0.46,4,2,0.07,0.0,7,48,0.243,3,203.82,199.82,500.0,6,296.8
run_1789850033,rnd_task_018,robot_2,North,North,0.85,0,0,0.46,4,1,0.02,0.45,7,31,0.19,2,88.04,84.04,500.0,5,231.88
run_1789850033,rnd_task_019,robot_1,North,South,66.63,4,2,0.46,4,2,0.0,0.18,6,31,0.177,4,155.52,151.52,500.0,4,259.5
run_1789850033,rnd_task_020,robot_4,Central,South,50.07,2,1,0.46,4,2,0.18,0.0,5,24,0.172,4,55.18,51.18,500.0,3,209.4
run_1789854350,rnd_task_001,robot_4,North,South,46.1,4,2,0.46,4,2,0.0,0.18,7,41,0.113,11,375.46,371.46,500.0,6,548.86
run_1789854350,rnd_task_002,robot_1,North,North,30.67,2,1,0.46,4,1,0.11,0.07,7,40,0.119,11,297.62,293.62,500.0,5,520.54
run_1789854350,rnd_task_003,robot_2,North,Central,85.45,4,2,0.46,4,2,0.01,0.05,7,40,0.128,11,291.1,287.1,500.0,4,483.6
run_1789854350,rnd_task_004,robot_3,Central,South,41.38,2,1,0.46,4,2,0.0,0.18,5,27,0.123,9,216.56,212.56,500.0,3,309.2
run_1789854350,rnd_task_005,robot_3,South,North,6.0,0,2,0.46,4,2,0.02,0.0,7,31,0.107,4,195.94,191.94,500.0,6,409.4
run_1789854350,rnd_task_006,robot_2,North,North,9.66,2,0,0.46,4,1,0.0,0.0,5,17,0.109,3,164.8,160.8,500.0,5,237.46
run_1789854350,rnd_task_007,robot_1,South,South,37.45,2,1,0.46,4,1,0.03,0.0,8,35,0.147,3,203.7,199.7,500.0,6,353.22
run_1789854350,rnd_task_008,robot_4,North,North,0.67,0,0,0.46,4,1,0.1,0.18,6,42,0.153,3,240.3,236.3,500.0,6,404.16
run_1789854350,rnd_task_009,robot_2,North,Central,32.0,2,1,0.46,4,2,0.12,0.03,5,31,0.17,1,171.3,167.3,500.0,5,259.04
run_1789854350,rnd_task_010,robot_3,South,North,83.8,4,2,0.46,4,2,0.03,0.0,14,85,0.208,4,352.38,348.38,500.0,10,644.16
run_1789854350,rnd_task_011,robot_1,North,Central,0.85,0,2,0.46,4,2,0.0,0.18,8,50,0.179,4,282.36,278.36,500.0,6,424.38
run_1789854350,rnd_task_012,robot_4,North,North,14.51,2,0,0.46,4,1,0.0,0.18,3,18,0.231,1,35.32,31.32,500.0,4,104.06
run_1789854350,rnd_task_013,robot_2,South,South,6.02,0,1,0.46,4,1,0.0,0.18,8,52,0.234,3,136.7,132.7,500.0,5,333.74
run_1789854350,rnd_task_014,robot_4,North,South,6.0,0,2,0.46,4,2,0.0,0.18,9,46,0.222,2,229.22,225.22,500.0,5,315.88
run_1789854350,rnd_task_015,robot_1,Central,Central,86.26,4,2,0.46,4,1,0.0,0.18,4,23,0.27,0,42.94,38.94,500.0,6,118.62
run_1789854350,rnd_task_016,robot_2,North,North,37.44,2,1,0.46,4,1,0.03,0.0,9,45,0.134,10,309.02,305.02,500.0,7,507.8
run_1789854350,rnd_task_017,robot_4,North,North,23.33,2,1,0.46,4,1,0.0,0.18,5,21,0.081,8,260.6,256.6,500.0,6,368.1
run_1789854350,rnd_task_018,robot_3,Central,North,63.7,4,2,0.46,4,2,0.1,0.04,5,26,0.099,8,299.26,295.26,500.0,5,424.48
run_1789854350,rnd_task_019,robot_1,North,North,24.38,2,0,0.46,4,1,0.0,0.18,4,13,0.098,2,107.72,103.72,500.0,3,184.38
run_1789854350,rnd_task_020,robot_1,Central,South,36.32,2,1,0.46,4,2,0.09,0.0,6,36,0.152,9,246.42,242.42,500.0,3,355.78
run_1789847019,rnd_task_001,robot_4,South,North,78.74,4,2,0.46,4,2,0.02,0.4,7,40,0.124,20,258.2,254.2,500.0,6,482.36
run_1789847019,rnd_task_002,robot_1,Central,Central,82.53,4,2,0.46,4,1,0.26,0.01,5,28,0.113,19,253.04,249.04,500.0,3,352.6
run_1789847019,rnd_task_003,robot_2,North,North,0.67,0,1,0.46,4,1,0.02,0.0,6,34,0.126,18,298.38,294.38,500.0,5,428.24
run_1789847019,rnd_task_004,robot_3,Central,Central,0.49,0,0,0.46,4,1,0.17,0.03,5,28,0.109,16,265.84,261.84,500.0,4,366.08
run_1789847019,rnd_task_005,robot_1,North,North,26.89,2,1,0.46,4,1,0.02,0.46,9,53,0.204,4,166.06,162.06,500.0,7,401.9
run_1789847019,rnd_task_006,robot_3,Central,South,31.22,2,0,0.46,4,2,0.0,0.18,5,24,0.19,2,83.34,79.34,500.0,5,189.8
run_1789847019,rnd_task_007,robot_2,North,South,6.0,0,2,0.46,4,2,0.0,0.18,8,47,0.203,4,210.0,206.0,500.0,6,345.4
run_1789847019,rnd_task_008,robot_4,North,Central,26.72,2,0,0.46,4,2,0.0,0.18,7,53,0.203,4,239.1,235.1,500.0,7,393.28
run_1789847019,rnd_task_009,robot_3,South,South,11.19,2,0,0.46,4,1,0.0,0.18,5,23,0.149,2,97.68,93.68,500.0,4,201.6
run_1789847019,rnd_task_010,robot_1,North,South,0.67,0,2,0.46,4,2,0.03,0.0,8,37,0.129,9,254.34,250.34,500.0,7,433.0
run_1789847019,rnd_task_011,robot_3,North,South,64.29,4,2,0.46,4,2,0.04,0.0,7,44,0.15,13,288.38,284.38,500.0,6,466.76
run_1789847019,rnd_task_012,robot_2,South,South,42.5,2,1,0.46,4,1,0.0,0.18,5,25,0.124,7,51.08,47.08,500.0,4,274.34
run_1789847019,rnd_task_013,robot_4,South,Central,83.19,4,2,0.46,4,2,0.15,0.03,6,37,0.12,18,268.02,264.02,500.0,6,465.0
run_1789847019,rnd_task_014,robot_2,North,South,0.85,0,2,0.46,4,2,0.0,0.18,7,41,0.144,17,298.96,294.96,500.0,7,443.84
run_1789847019,rnd_task_015,robot_1,Central,South,93.01,4,2,0.46,4,2,0.15,0.04,7,36,0.134,18,228.06,224.06,500.0,7,388.6
run_1789847019,rnd_task_016,robot_3,South,North,71.4,4,2,0.46,4,2,0.02,0.0,9,53,0.161,14,196.76,192.76,500.0,7,507.94
run_1789847019,rnd_task_017,robot_4,Central,North,23.83,2,0,0.46,4,2,0.0,0.18,1,1,0.014,6,94.28,90.28,500.0,3,146.56
run_1789847019,rnd_task_018,robot_4,North,North,4.48,2,0,0.46,4,1,0.0,0.18,6,29,0.261,4,31.62,27.62,500.0,5,161.2
run_1789847019,rnd_task_019,robot_2,South,South,10.42,2,0,0.46,4,1,0.0,0.18,6,25,0.152,3,80.62,76.62,500.0,4,224.0
run_1789847019,rnd_task_020,robot_1,Central,North,58.33,4,2,0.46,4,2,0.06,0.03,8,41,0.179,5,190.62,186.62,500.0,3,335.68
run_1789859079,rnd_task_001,robot_1,North,South,0.67,0,2,0.46,4,2,0.0,0.14,4,28,0.076,402,367.9,363.9,500.0,5,526.6
run_1789859079,rnd_task_002,robot_4,North,North,0.67,0,1,0.46,4,1,0.15,0.14,3,23,0.075,363,349.82,345.82,500.0,3,479.06
run_1789859079,rnd_task_003,robot_2,North,North,15.65,2,0,0.46,4,1,0.12,0.06,2,12,0.056,201,217.04,213.04,500.0,2,286.16
run_1789859079,rnd_task_005,robot_2,North,North,26.38,2,1,0.46,4,1,0.12,0.0,3,16,0.119,162,37.16,33.16,500.0,2,184.2
run_1789859079,rnd_task_006,robot_4,North,South,51.16,4,2,0.46,4,2,0.04,0.0,4,18,0.079,252,181.12,177.12,500.0,3,279.96
run_1789859079,rnd_task_007,robot_2,South,South,24.2,2,0,0.46,4,1,0.74,0.01,15,84,0.085,1485,1375.94,1371.94,500.0,8,1581.6
run_1789859079,rnd_task_008,robot_1,North,North,29.18,2,0,0.46,4,1,0.03,0.0,4,31,0.127,328,231.26,227.26,500.0,3,361.02
run_1789859079,rnd_task_009,robot_4,South,Central,65.99,4,2,0.46,4,2,0.0,0.18,4,19,0.107,208,106.68,102.68,500.0,3,225.02
run_1789859079,rnd_task_010,robot_1,North,North,0.67,0,1,0.46,4,1,0.0,0.18,2,10,0.104,126,40.42,36.42,500.0,3,135.0
run_1789859079,rnd_task_011,robot_4,North,North,8.95,2,0,0.46,4,1,0.05,0.46,4,19,0.056,404,181.28,177.28,500.0,3,428.6
run_1789859079,rnd_task_012,robot_1,Central,Central,115.91,4,2,0.46,4,1,0.64,0.01,9,49,0.067,1055,716.38,712.38,500.0,4,1109.3
run_1789859079,rnd_task_013,robot_4,North,Central,59.63,4,2,0.46,4,2,0.0,0.18,2,12,0.055,200,137.32,133.32,500.0,2,216.4
run_1789859079,rnd_task_015,robot_2,North,North,32.98,2,1,0.46,4,1,0.0,0.0,3,14,0.069,234,144.78,140.78,500.0,2,262.76
run_1789859079,rnd_task_016,robot_1,South,North,74.11,4,2,0.46,4,2,0.11,0.0,4,30,0.059,648,451.3,447.3,500.0,2,714.6
run_1789859079,rnd_task_017,robot_2,Central,Central,0.67,0,1,0.46,4,1,0.0,0.18,2,11,0.057,263,151.28,147.28,500.0,1,282.8
run_1789855374,rnd_task_001,robot_4,North,North,19.36,2,0,0.46,4,1,0.04,0.0,8,46,0.171,9,227.54,223.54,500.0,6,408.8
run_1789855374,rnd_task_002,robot_1,North,North,12.71,2,0,0.46,4,1,0.02,0.08,6,34,0.143,9,226.32,222.32,500.0,5,349.26
run_1789855374,rnd_task_003,robot_3,South,South,15.48,2,0,0.46,4,1,0.12,0.0,4,21,0.122,9,78.8,74.8,500.0,3,230.18
run_1789855374,rnd_task_004,robot_2,Central,South,73.5,4,2,0.46,4,2,0.18,0.07,5,28,0.148,8,218.04,214.04,500.0,4,298.0
run_1789855374,rnd_task_005,robot_3,North,North,30.84,2,1,0.46,4,1,0.04,0.46,9,50,0.184,2,278.7,274.7,500.0,8,413.84
run_1789855374,rnd_task_006,robot_2,Central,Central,88.3,4,2,0.46,4,1,0.0,0.18,6,36,0.24,1,121.7,117.7,500.0,6,233.58
run_1789855374,rnd_task_007,robot_1,North,North,10.67,2,0,0.46,4,1,0.0,0.18,5,19,0.197,0,32.88,28.88,500.0,4,121.6
run_1789855374,rnd_task_008,robot_4,Central,South,0.67,0,2,0.46,4,2,0.05,0.21,6,31,0.148,2,204.22,200.22,500.0,6,325.2
run_1789855374,rnd_task_009,robot_1,South,Central,96.03,4,2,0.46,4,2,0.03,0.06,10,66,0.169,20,295.04,291.04,500.0,8,603.74
run_1789855374,rnd_task_010,robot_2,North,South,58.58,4,2,0.46,4,2,0.1,0.01,7,46,0.149,19,199.38,195.38,500.0,6,456.94
run_1789855374,rnd_task_011,robot_3,Central,North,89.42,4,2,0.46,4,2,0.0,0.18,6,35,0.161,17,177.52,173.52,500.0,4,309.9
run_1789855374,rnd_task_012,robot_4,North,North,0.67,0,0,0.46,4,1,0.02,0.03,7,40,0.161,18,228.6,224.6,500.0,6,373.42
run_1789855374,rnd_task_013,robot_3,North,Central,6.0,1,2,0.46,4,2,0.0,0.18,7,37,0.143,8,204.2,200.2,500.0,6,391.3
run_1789855374,rnd_task_014,robot_2,North,South,54.59,4,2,0.46,4,2,0.07,0.14,10,50,0.121,18,413.34,409.34,500.0,7,629.34
run_1789855374,rnd_task_015,robot_1,South,North,0.79,0,2,0.46,4,2,0.14,0.12,8,44,0.096,18,504.18,500.18,500.0,7,710.46
run_1789855374,rnd_task_016,robot_4,Central,South,53.26,2,1,0.46,4,2,0.01,0.46,5,30,0.111,8,185.74,181.74,500.0,4,378.2
run_1789855374,rnd_task_017,robot_3,South,North,63.33,4,2,0.46,4,2,0.15,0.0,7,41,0.111,15,411.9,407.9,500.0,6,575.32
run_1789855374,rnd_task_018,robot_4,North,North,32.7,2,1,0.46,4,1,0.06,0.3,5,36,0.102,15,315.28,311.28,500.0,5,547.18
run_1789855374,rnd_task_019,robot_2,South,South,13.76,2,0,0.46,4,1,0.0,0.18,3,18,0.082,3,88.16,84.16,500.0,4,267.7
run_1789855374,rnd_task_020,robot_1,North,Central,103.68,4,2,0.46,4,2,0.04,0.1,6,29,0.111,7,143.26,139.26,500.0,3,378.98
run_1789852213,rnd_task_001,robot_1,North,South,67.9,4,2,0.46,4,2,0.02,0.0,5,35,0.103,15,409.4,405.4,500.0,5,545.82
run_1789852213,rnd_task_002,robot_2,North,North,17.2,2,1,0.46,4,1,0.03,0.0,3,18,0.077,15,231.04,227.04,500.0,4,335.68
run_1789852213,rnd_task_003,robot_3,North,North,39.48,2,1,0.46,4,1,0.07,0.0,6,41,0.104,16,412.38,408.38,500.0,6,594.02
run_1789852213,rnd_task_004,robot_4,South,South,11.19,2,0,0.46,4,1,0.11,0.0,2,11,0.072,5,97.48,93.48,500.0,3,167.2
run_1789852213,rnd_task_005,robot_4,North,Central,0.85,0,2,0.46,4,2,0.03,0.0,5,35,0.114,8,286.86,282.86,500.0,6,439.88
run_1789852213,rnd_task_006,robot_2,Central,South,0.85,0,2,0.46,4,2,0.02,0.0,6,30,0.129,7,212.7,208.7,500.0,6,371.52
run_1789852213,rnd_task_007,robot_1,North,North,17.74,2,1,0.46,4,1,0.11,0.09,7,41,0.178,11,220.18,216.18,500.0,6,348.8
run_1789852213,rnd_task_008,robot_3,South,South,15.8,2,0,0.46,4,1,0.01,0.45,8,48,0.2,9,261.32,257.32,500.0,7,359.3
run_1789852213,rnd_task_009,robot_4,South,Central,59.36,2,1,0.46,4,2,0.02,0.46,11,65,0.203,12,217.32,213.32,500.0,8,491.66
run_1789852213,rnd_task_010,robot_2,South,South,0.88,0,1,0.46,4,1,0.0,0.18,5,30,0.21,4,111.28,107.28,500.0,4,209.44
run_1789852213,rnd_task_011,robot_1,North,North,27.11,2,1,0.46,4,1,0.0,0.18,6,24,0.174,0,92.24,88.24,500.0,5,194.96
run_1789852213,rnd_task_012,robot_2,South,South,8.95,2,0,0.46,4,1,0.0,0.18,8,39,0.243,3,107.18,103.18,500.0,6,238.94
run_1789852213,rnd_task_013,robot_3,Central,South,6.0,0,2,0.46,4,2,0.09,0.12,9,53,0.211,17,205.18,201.18,500.0,6,379.42
run_1789852213,rnd_task_014,robot_1,North,South,84.62,4,2,0.46,4,2,0.0,0.0,9,54,0.261,17,167.52,163.52,500.0,6,314.66
run_1789852213,rnd_task_015,robot_4,South,South,0.67,0,1,0.46,4,1,0.18,0.24,9,37,0.194,14,123.54,119.54,500.0,6,277.96
run_1789852213,rnd_task_016,robot_2,Central,South,17.12,2,0,0.46,4,2,0.13,0.0,9,37,0.211,13,124.9,120.9,500.0,5,256.5
run_1789852213,rnd_task_017,robot_3,Central,South,83.94,4,2,0.46,4,2,0.09,0.07,7,41,0.146,13,227.16,223.16,500.0,5,438.4
run_1789852213,rnd_task_018,robot_1,Central,North,1.3,1,2,0.46,4,2,0.0,0.18,4,19,0.077,13,221.32,217.32,500.0,4,310.8
run_1789852213,rnd_task_020,robot_2,Central,South,0.49,0,2,0.46,4,2,0.05,0.04,5,24,0.09,13,263.8,259.8,500.0,2,399.94
run_1789852213,rnd_task_023,robot_2,South,South,20.62,2,0,0.46,4,1,0.07,0.0,5,24,0.144,6,106.24,102.24,500.0,0,221.88
run_1789845058,rnd_task_001,robot_4,South,North,52.88,4,2,0.46,4,2,0.12,0.0,4,23,0.11,35,227.98,223.98,500.0,3,310.2
run_1789845058,rnd_task_002,robot_3,Central,South,6.0,0,2,0.46,4,2,0.13,0.01,5,34,0.124,36,211.66,207.66,500.0,5,404.64
run_1789845058,rnd_task_003,robot_2,North,North,6.89,2,0,0.46,4,1,0.24,0.02,4,24,0.118,35,252.6,248.6,500.0,4,305.96
run_1789845058,rnd_task_004,robot_1,North,South,78.18,4,2,0.46,4,2,0.05,0.09,8,51,0.154,35,343.72,339.72,500.0,6,506.0
run_1789845058,rnd_task_005,robot_4,North,South,0.99,0,2,0.46,4,2,0.02,0.45,6,29,0.179,4,188.32,184.32,500.0,7,256.66
run_1789845058,rnd_task_006,robot_2,North,North,6.01,1,0,0.46,4,1,0.0,0.18,5,27,0.21,1,83.9,79.9,500.0,4,181.38
run_1789845058,rnd_task_007,robot_3,North,Central,67.52,2,1,0.46,4,2,0.02,0.46,11,65,0.202,4,207.34,203.34,500.0,8,495.4
run_1789845058,rnd_task_008,robot_2,North,South,60.02,4,2,0.46,4,2,0.0,0.18,11,53,0.194,3,267.64,263.64,500.0,7,431.9
run_1789845058,rnd_task_009,robot_1,South,South,11.72,2,0,0.46,4,1,0.01,0.46,5,24,0.155,0,54.48,50.48,500.0,4,205.8
run_1789845058,rnd_task_010,robot_4,South,Central,68.76,4,2,0.46,4,2,0.0,0.18,6,31,0.168,0,81.36,77.36,500.0,4,261.26
run_1789845058,rnd_task_011,robot_1,South,North,80.64,4,2,0.46,4,2,0.02,0.0,9,49,0.186,7,178.38,174.38,500.0,6,397.62
run_1789845058,rnd_task_012,robot_4,North,South,46.35,4,2,0.46,4,2,0.11,0.08,10,55,0.189,16,360.82,356.82,500.0,7,443.68
run_1789845058,rnd_task_013,robot_3,North,Central,83.07,4,2,0.46,4,2,0.0,0.0,8,37,0.172,14,165.24,161.24,500.0,5,313.62
run_1789845058,rnd_task_014,robot_2,South,North,55.23,4,2,0.46,4,2,0.14,0.0,12,59,0.191,20,231.34,227.34,500.0,6,471.5
run_1789845058,rnd_task_015,robot_1,Central,Central,0.49,0,1,0.46,4,1,0.01,0.27,9,48,0.228,14,145.28,141.28,500.0,6,315.42
run_1789845058,rnd_task_016,robot_3,North,North,16.78,2,0,0.46,4,1,0.12,0.01,8,41,0.226,6,118.34,114.34,500.0,6,266.0
run_1789845058,rnd_task_017,robot_4,South,South,31.82,2,1,0.46,4,1,0.0,0.18,4,21,0.233,4,27.58,23.58,500.0,3,128.86
run_1789845058,rnd_task_019,robot_2,Central,North,46.74,2,1,0.46,4,2,0.05,0.13,7,36,0.185,3,171.68,167.68,500.0,4,292.68
run_1789845058,rnd_task_020,robot_1,Central,Central,81.52,4,2,0.46,4,1,0.0,0.18,1,7,0.096,0,17.96,13.96,500.0,3,104.32
run_1789845058,rnd_task_021,robot_3,Central,Central,0.67,0,0,0.46,4,1,0.0,0.18,5,24,0.133,3,137.14,133.14,500.0,2,240.96
run_1789867704,rnd_task_001,robot_1,South,North,75.16,4,2,0.46,4,2,0.03,0.0,6,34,0.15,19,201.18,197.18,500.0,4,334.32
run_1789867704,rnd_task_002,robot_2,North,Central,25.99,2,0,0.46,4,2,0.2,0.03,8,46,0.178,19,318.0,314.0,500.0,5,394.36
run_1789867704,rnd_task_003,robot_4,North,Central,65.74,4,2,0.46,4,2,0.12,0.0,10,63,0.172,24,376.24,372.24,500.0,6,568.72
run_1789867704,rnd_task_004,robot_3,South,South,15.48,2,0,0.46,4,1,0.0,0.18,4,22,0.117,16,98.9,94.9,500.0,3,257.16
run_1789867704,rnd_task_005,robot_3,North,South,75.79,4,2,0.46,4,2,0.0,0.0,9,49,0.157,5,239.16,235.16,500.0,8,485.38
run_1789867704,rnd_task_006,robot_1,North,South,45.43,4,2,0.46,4,2,0.0,0.18,8,43,0.165,5,199.46,195.46,500.0,6,387.82
run_1789867704,rnd_task_007,robot_2,North,North,20.76,2,1,0.46,4,1,0.04,0.46,4,20,0.113,5,125.54,121.54,500.0,4,247.4
run_1789867704,rnd_task_008,robot_4,South,North,0.88,0,2,0.46,4,2,0.0,0.18,7,38,0.129,4,346.32,342.32,500.0,7,448.96
run_1789867704,rnd_task_009,robot_2,Central,Central,98.88,4,2,0.46,4,1,0.02,0.0,5,34,0.139,4,172.24,168.24,500.0,5,330.56
run_1789867704,rnd_task_010,robot_1,North,North,33.44,2,1,0.46,4,1,0.03,0.0,9,51,0.191,9,189.34,185.34,500.0,7,419.76
run_1789867704,rnd_task_011,robot_3,South,South,41.76,2,1,0.46,4,1,0.01,0.0,8,46,0.194,9,123.56,119.56,500.0,5,360.42
run_1789867704,rnd_task_012,robot_2,Central,Central,80.25,4,2,0.46,4,1,0.0,0.18,6,28,0.251,5,56.8,52.8,500.0,5,151.6
run_1789867704,rnd_task_013,robot_4,North,North,12.71,2,0,0.46,4,1,0.0,0.18,7,35,0.275,4,85.14,81.14,500.0,6,188.9
run_1789867704,rnd_task_014,robot_3,Central,South,51.71,2,1,0.46,4,2,0.12,0.02,9,39,0.14,9,217.76,213.76,500.0,6,414.64
run_1789867704,rnd_task_015,robot_2,South,North,71.09,4,2,0.46,4,2,0.08,0.13,11,56,0.163,9,349.46,345.46,500.0,6,528.5
run_1789867704,rnd_task_016,robot_1,Central,North,43.19,2,1,0.46,4,2,0.02,0.29,8,38,0.142,9,189.46,185.46,500.0,5,407.4
run_1789867704,rnd_task_017,robot_4,Central,Central,100.92,4,2,0.46,4,1,0.08,0.11,7,41,0.146,9,225.82,221.82,500.0,5,410.58
run_1789867704,rnd_task_018,robot_3,North,Central,32.73,2,1,0.46,4,2,0.06,0.22,6,41,0.169,1,248.2,244.2,500.0,5,354.44
run_1789867704,rnd_task_019,robot_1,North,North,17.96,2,1,0.46,4,1,0.0,0.18,4,18,0.192,0,54.62,50.62,500.0,3,135.72
run_1789867704,rnd_task_022,robot_1,North,North,28.63,2,1,0.46,4,1,0.05,0.03,7,35,0.191,1,141.04,137.04,500.0,1,272.5
run_1789849107,rnd_task_001,robot_1,North,South,44.8,4,2,0.46,4,2,0.07,0.03,7,40,0.131,24,350.9,346.9,500.0,6,457.98
run_1789849107,rnd_task_002,robot_4,Central,North,26.72,2,0,0.46,4,2,0.01,0.05,5,29,0.128,20,186.88,182.88,500.0,4,327.8
run_1789849107,rnd_task_003,robot_2,North,South,78.12,4,2,0.46,4,2,0.07,0.03,5,29,0.144,19,226.2,222.2,500.0,3,304.92
run_1789849107,rnd_task_004,robot_3,Central,North,30.7,2,1,0.46,4,2,0.08,0.0,5,29,0.123,21,265.08,261.08,500.0,5,356.74
run_1789849107,rnd_task_005,robot_2,North,North,11.19,2,0,0.46,4,1,0.06,0.0,5,24,0.135,6,179.76,175.76,500.0,6,251.06
run_1789849107,rnd_task_006,robot_4,North,Central,46.96,2,1,0.46,4,2,0.0,0.18,5,30,0.143,6,93.72,89.72,500.0,6,308.04
run_1789849107,rnd_task_007,robot_3,North,Central,0.67,0,2,0.46,4,2,0.0,0.18,6,30,0.191,2,158.12,154.12,500.0,5,251.72
run_1789849107,rnd_task_008,robot_1,Central,Central,56.59,2,1,0.46,4,1,0.01,0.0,8,49,0.158,7,266.86,262.86,500.0,7,467.0
run_1789849107,rnd_task_009,robot_2,North,North,11.91,2,0,0.46,4,1,0.0,0.18,2,13,0.123,0,72.28,68.28,500.0,5,129.94
run_1789849107,rnd_task_010,robot_3,South,Central,51.96,2,1,0.46,4,2,0.01,0.0,8,47,0.173,9,187.0,183.0,500.0,7,403.56
run_1789849107,rnd_task_011,robot_4,North,Central,29.51,2,0,0.46,4,2,0.07,0.19,5,31,0.168,6,154.54,150.54,500.0,5,308.76
run_1789849107,rnd_task_012,robot_2,North,South,0.67,0,2,0.46,4,2,0.0,0.18,7,39,0.19,8,154.42,150.42,500.0,5,304.6
run_1789849107,rnd_task_013,robot_1,Central,South,34.9,2,0,0.46,4,2,0.15,0.18,3,17,0.212,3,45.1,41.1,500.0,5,103.64
run_1789849107,rnd_task_014,robot_4,North,Central,80.61,4,2,0.46,4,2,0.02,0.09,8,46,0.211,4,173.64,169.64,500.0,7,349.9
run_1789849107,rnd_task_015,robot_2,North,North,26.33,2,1,0.46,4,1,0.05,0.27,7,31,0.161,1,141.62,137.62,500.0,6,286.32
run_1789849107,rnd_task_016,robot_1,South,North,71.18,4,2,0.46,4,2,0.03,0.0,10,48,0.157,3,277.78,273.78,500.0,5,446.14
run_1789849107,rnd_task_017,robot_3,North,North,17.82,2,0,0.46,4,1,0.0,0.18,4,18,0.139,1,110.82,106.82,500.0,3,201.62
run_1789849107,rnd_task_018,robot_3,North,Central,26.72,2,0,0.46,4,2,0.07,0.37,8,36,0.209,2,100.44,96.44,500.0,4,258.28
run_1789849107,rnd_task_019,robot_2,Central,South,74.38,4,2,0.46,4,2,0.08,0.31,8,35,0.166,2,205.28,201.28,500.0,3,312.52
run_1789849107,rnd_task_022,robot_3,Central,South,0.85,0,2,0.46,4,2,0.04,0.0,4,24,0.138,5,135.84,131.84,500.0,1,260.76
run_1789838816,rnd_task_001,robot_4,North,South,6.05,0,2,0.46,4,2,0.02,0.0,7,46,0.126,28,398.86,394.86,500.0,5,554.58
run_1789838816,rnd_task_002,robot_3,North,South,6.0,0,2,0.46,4,2,0.03,0.0,8,53,0.132,29,420.38,416.38,500.0,6,621.2
run_1789838816,rnd_task_003,robot_1,South,Central,6.0,0,2,0.46,4,2,0.05,0.05,4,22,0.138,20,148.02,144.02,500.0,3,217.96
run_1789838816,rnd_task_004,robot_2,South,North,6.0,0,2,0.46,4,2,0.04,0.01,6,40,0.135,27,243.46,239.46,500.0,4,445.5
run_1789838816,rnd_task_005,robot_1,South,North,81.77,4,2,0.46,4,2,0.01,0.38,7,49,0.128,20,287.36,283.36,500.0,6,579.8
run_1789838816,rnd_task_006,robot_2,Central,Central,94.9,4,2,0.46,4,1,0.03,0.0,5,31,0.131,12,136.56,132.56,500.0,6,352.06
run_1789838816,rnd_task_007,robot_4,South,North,6.0,1,2,0.46,4,2,0.0,0.0,8,47,0.137,21,219.18,215.18,500.0,7,509.68
run_1789838816,rnd_task_008,robot_3,North,South,0.88,0,2,0.46,4,2,0.14,0.04,5,30,0.11,20,311.84,307.84,500.0,5,399.06
run_1789838816,rnd_task_009,robot_1,South,South,22.65,2,0,0.46,4,1,0.1,0.02,7,40,0.166,13,182.8,178.8,500.0,6,348.46
run_1789838816,rnd_task_010,robot_2,North,Central,22.65,2,0,0.46,4,2,0.0,0.18,8,35,0.161,13,166.38,162.38,500.0,5,323.5
run_1789838816,rnd_task_011,robot_3,South,North,82.56,4,2,0.46,4,2,0.0,0.46,11,62,0.194,13,339.72,335.72,500.0,7,504.46
run_1789838816,rnd_task_012,robot_4,North,Central,43.07,2,1,0.46,4,2,0.0,0.18,8,42,0.182,9,178.62,174.62,500.0,5,341.42
run_1789838816,rnd_task_013,robot_2,North,South,51.16,4,2,0.46,4,2,0.03,0.4,9,44,0.139,10,259.68,255.68,500.0,7,474.54
run_1789838816,rnd_task_014,robot_1,Central,South,6.0,0,2,0.46,4,2,0.0,0.0,8,43,0.143,10,132.0,128.0,500.0,6,448.16
run_1789838816,rnd_task_015,robot_4,Central,North,21.89,2,0,0.46,4,2,0.0,0.18,5,20,0.154,4,97.14,93.14,500.0,4,182.28
run_1789838816,rnd_task_016,robot_3,South,North,77.44,4,2,0.46,4,2,0.02,0.3,11,63,0.183,18,364.56,360.56,500.0,7,523.44
run_1789838816,rnd_task_017,robot_4,Central,Central,75.93,4,2,0.46,4,1,0.08,0.0,5,24,0.151,8,118.56,114.56,500.0,5,225.26
run_1789838816,rnd_task_018,robot_1,North,South,80.64,4,2,0.46,4,2,0.0,0.0,10,54,0.178,16,292.12,288.12,500.0,5,460.0
run_1789838816,rnd_task_019,robot_2,North,North,0.67,0,0,0.46,4,1,0.03,0.19,9,47,0.19,16,175.86,171.86,500.0,4,367.46
run_1789838816,rnd_task_020,robot_4,South,North,60.98,4,2,0.46,4,2,0.04,0.0,7,38,0.131,12,233.38,229.38,500.0,3,443.14
run_1789843008,rnd_task_001,robot_1,North,Central,46.23,2,1,0.46,4,2,0.05,0.23,3,16,0.05,15,338.6,334.6,500.0,4,477.22
run_1789843008,rnd_task_002,robot_4,North,South,0.85,0,2,0.46,4,2,0.0,0.28,6,34,0.081,18,435.9,431.9,500.0,6,615.56
run_1789843008,rnd_task_003,robot_3,North,North,24.06,2,1,0.46,4,1,0.09,0.08,4,22,0.068,14,358.72,354.72,500.0,5,496.42
run_1789843008,rnd_task_004,robot_2,North,Central,6.0,0,2,0.46,4,2,0.1,0.1,3,16,0.054,14,311.08,307.08,500.0,3,442.2
run_1789843008,rnd_task_005,robot_2,North,South,77.31,4,2,0.46,4,2,0.09,0.27,8,41,0.201,8,173.98,169.98,500.0,7,318.62
run_1789843008,rnd_task_006,robot_1,North,North,10.43,2,0,0.46,4,1,0.02,0.0,8,40,0.211,8,104.32,100.32,500.0,5,275.1
run_1789843008,rnd_task_007,robot_3,South,North,67.63,4,2,0.46,4,2,0.05,0.33,10,54,0.157,12,329.56,325.56,500.0,7,534.84
run_1789843008,rnd_task_008,robot_4,South,Central,79.34,4,2,0.46,4,2,0.0,0.18,5,26,0.149,5,109.04,105.04,500.0,5,254.56
run_1789843008,rnd_task_009,robot_1,North,North,42.81,2,1,0.46,4,1,0.08,0.04,8,38,0.109,14,261.2,257.2,500.0,8,514.62
run_1789843008,rnd_task_010,robot_2,North,North,24.58,2,1,0.46,4,1,0.2,0.15,7,32,0.122,9,212.94,208.94,500.0,6,392.08
run_1789843008,rnd_task_011,robot_4,Central,North,0.85,0,2,0.46,4,2,0.21,0.08,5,28,0.165,7,105.74,101.74,500.0,4,241.7
run_1789843008,rnd_task_012,robot_3,North,North,31.97,2,1,0.46,4,1,0.07,0.0,6,24,0.141,10,71.62,67.62,500.0,6,255.28
run_1789843008,rnd_task_013,robot_4,South,North,61.24,4,2,0.46,4,2,0.05,0.07,8,47,0.162,9,295.6,291.6,500.0,7,431.98
run_1789843008,rnd_task_014,robot_2,North,North,2.24,2,0,0.46,4,1,0.04,0.15,6,29,0.201,6,73.22,69.22,500.0,5,209.38
run_1789843008,rnd_task_015,robot_1,North,South,6.0,1,2,0.46,4,2,0.04,0.25,6,43,0.178,8,213.8,209.8,500.0,7,382.58
run_1789843008,rnd_task_016,robot_3,North,North,14.75,2,0,0.46,4,1,0.09,0.24,7,35,0.212,3,94.62,90.62,500.0,4,244.94
run_1789843008,rnd_task_017,robot_2,North,Central,0.67,0,2,0.46,4,2,0.09,0.13,6,43,0.173,11,186.6,182.6,500.0,6,370.0
run_1789843008,rnd_task_018,robot_3,Central,South,68.02,4,2,0.46,4,2,0.2,0.23,7,32,0.141,15,241.72,237.72,500.0,4,326.78
run_1789843008,rnd_task_019,robot_4,North,South,72.39,4,2,0.46,4,2,0.1,0.06,9,53,0.178,20,273.22,269.22,500.0,4,449.6
run_1789843008,rnd_task_020,robot_1,North,North,30.95,2,1,0.46,4,1,0.08,0.17,8,40,0.179,12,178.98,174.98,500.0,3,346.6
run_1789841967,rnd_task_001,robot_1,North,South,61.27,4,2,0.46,4,2,0.01,0.0,5,28,0.094,10,401.4,397.4,500.0,6,470.58
run_1789841967,rnd_task_002,robot_4,North,North,15.92,2,1,0.46,4,1,0.0,0.18,2,12,0.047,9,229.76,225.76,500.0,3,337.5
run_1789841967,rnd_task_003,robot_2,South,Central,97.58,4,2,0.46,4,2,0.08,0.07,4,22,0.074,10,177.74,173.74,500.0,4,407.12
run_1789841967,rnd_task_004,robot_3,North,South,73.75,4,2,0.46,4,2,0.01,0.46,4,22,0.084,10,286.64,282.64,500.0,4,405.4
run_1789841967,rnd_task_005,robot_4,South,South,41.52,2,1,0.46,4,1,0.03,0.0,7,40,0.129,9,243.88,239.88,500.0,7,464.2
run_1789841967,rnd_task_006,robot_2,South,North,64.38,4,2,0.46,4,2,0.0,0.18,4,19,0.104,4,167.7,163.7,500.0,4,268.32
run_1789841967,rnd_task_007,robot_3,Central,North,27.33,2,0,0.46,4,2,0.04,0.0,6,25,0.11,8,188.3,184.3,500.0,5,364.24
run_1789841967,rnd_task_008,robot_1,Central,North,0.49,0,2,0.46,4,2,0.09,0.0,5,24,0.096,8,210.38,206.38,500.0,6,374.86
run_1789841967,rnd_task_009,robot_2,North,South,57.94,4,2,0.46,4,2,0.21,0.08,7,40,0.148,17,275.96,271.96,500.0,7,419.6
run_1789841967,rnd_task_010,robot_3,North,North,26.03,2,1,0.46,4,1,0.08,0.01,7,29,0.148,13,149.62,145.62,500.0,4,284.26
run_1789841967,rnd_task_011,robot_4,North,Central,79.12,4,2,0.46,4,2,0.09,0.05,7,44,0.148,14,307.58,303.58,500.0,8,459.3
run_1789841967,rnd_task_012,robot_1,North,Central,6.0,1,2,0.46,4,2,0.04,0.3,7,42,0.166,13,141.82,137.82,500.0,5,373.44
run_1789841967,rnd_task_013,robot_3,North,North,14.4,2,1,0.46,4,1,0.0,0.18,4,13,0.143,1,35.84,31.84,500.0,4,125.56
run_1789841967,rnd_task_014,robot_2,North,Central,36.41,2,0,0.46,4,2,0.04,0.0,8,42,0.129,6,318.26,314.26,500.0,7,481.2
run_1789841967,rnd_task_015,robot_1,South,Central,0.99,0,2,0.46,4,2,0.1,0.15,8,42,0.125,14,215.48,211.48,500.0,6,497.26
run_1789841967,rnd_task_016,robot_3,North,South,60.29,4,2,0.46,4,2,0.08,0.13,6,30,0.132,5,242.76,238.76,500.0,4,349.38
run_1789841967,rnd_task_017,robot_4,North,Central,40.86,2,1,0.46,4,2,0.0,0.18,5,29,0.121,5,183.04,179.04,500.0,5,364.82
run_1789841967,rnd_task_018,robot_3,South,Central,83.93,4,2,0.46,4,2,0.0,0.18,6,31,0.193,21,116.24,112.24,500.0,5,238.02
run_1789841967,rnd_task_019,robot_2,North,North,11.19,2,0,0.46,4,1,0.31,0.03,7,36,0.211,22,129.98,125.98,500.0,4,245.92
run_1789841967,rnd_task_021,robot_1,Central,North,37.05,2,1,0.46,4,2,0.0,0.18,5,24,0.274,11,53.06,49.06,500.0,2,131.54
run_1789853261,rnd_task_001,robot_4,South,Central,83.07,4,2,0.46,4,2,0.13,0.0,3,17,0.081,34,138.78,134.78,500.0,3,273.2
run_1789853261,rnd_task_002,robot_3,North,North,42.16,2,1,0.46,4,1,0.17,0.02,9,58,0.171,39,328.42,324.42,500.0,7,537.34
run_1789853261,rnd_task_003,robot_2,North,North,14.74,2,0,0.46,4,1,0.16,0.05,8,52,0.178,35,325.78,321.78,500.0,5,449.56
run_1789853261,rnd_task_004,robot_1,South,Central,41.38,2,1,0.46,4,2,0.12,0.06,7,38,0.166,32,160.46,156.46,500.0,4,338.2
run_1789853261,rnd_task_005,robot_4,Central,North,0.54,0,2,0.46,4,2,0.03,0.46,5,30,0.196,5,113.64,109.64,500.0,5,214.78
run_1789853261,rnd_task_006,robot_1,North,North,6.84,2,0,0.46,4,1,0.0,0.18,7,32,0.195,5,131.86,127.86,500.0,6,235.8
run_1789853261,rnd_task_007,robot_2,South,South,35.27,2,1,0.46,4,1,0.27,0.04,14,84,0.132,32,823.62,819.62,500.0,11,998.82
run_1789853261,rnd_task_008,robot_4,North,North,0.67,0,1,0.46,4,1,0.35,0.02,15,84,0.135,32,755.88,751.88,500.0,10,981.04
run_1789853261,rnd_task_009,robot_3,Central,Central,56.42,2,1,0.46,4,1,0.02,0.0,4,18,0.088,4,98.74,94.74,500.0,4,297.12
run_1789853261,rnd_task_010,robot_1,Central,South,0.85,0,2,0.46,4,2,0.04,0.03,3,13,0.034,11,182.34,178.34,500.0,4,410.14
run_1789853261,rnd_task_011,robot_3,South,South,0.85,0,1,0.46,4,1,0.03,0.04,8,41,0.129,12,231.88,227.88,500.0,5,479.16
run_1789853261,rnd_task_012,robot_1,North,North,14.46,2,0,0.46,4,1,0.0,0.46,3,18,0.105,2,174.66,170.66,500.0,3,229.46
run_1789853261,rnd_task_013,robot_1,North,North,16.44,2,1,0.46,4,1,0.0,0.18,5,24,0.311,2,57.06,53.06,500.0,4,109.2
run_1789853261,rnd_task_014,robot_3,Central,North,0.98,0,2,0.46,4,2,0.07,0.26,8,42,0.2,22,159.94,155.94,500.0,6,320.18
run_1789853261,rnd_task_015,robot_1,Central,North,32.34,2,0,0.46,4,2,0.13,0.32,6,35,0.176,16,185.08,181.08,500.0,6,284.5
run_1789853261,rnd_task_016,robot_2,Central,South,102.13,4,2,0.46,4,2,0.0,0.18,6,31,0.122,9,145.9,141.9,500.0,5,360.64
run_1789853261,rnd_task_017,robot_4,North,North,13.21,2,0,0.46,4,1,0.09,0.08,5,25,0.162,8,99.96,95.96,500.0,4,246.2
run_1789853261,rnd_task_018,robot_3,South,North,49.12,4,2,0.46,4,2,0.06,0.12,8,36,0.134,5,310.72,306.72,500.0,5,402.72
run_1789853261,rnd_task_020,robot_4,Central,Central,71.34,2,1,0.46,4,1,0.02,0.38,9,47,0.177,9,169.98,165.98,500.0,3,406.04
run_1789853261,rnd_task_021,robot_2,South,South,0.51,0,1,0.46,4,1,0.0,0.18,5,24,0.169,2,39.98,35.98,500.0,2,213.06
run_1789860586,rnd_task_001,robot_1,North,South,6.0,1,2,0.46,4,2,0.04,0.0,5,29,0.085,19,408.52,404.52,500.0,6,538.72
run_1789860586,rnd_task_002,robot_4,Central,Central,40.25,2,0,0.46,4,1,0.02,0.0,2,11,0.076,10,141.72,137.72,500.0,3,209.2
run_1789860586,rnd_task_003,robot_3,South,Central,0.51,0,2,0.46,4,2,0.07,0.04,3,17,0.067,11,127.92,123.92,500.0,4,329.24
run_1789860586,rnd_task_004,robot_2,North,North,0.97,0,0,0.46,4,1,0.04,0.05,4,23,0.087,15,312.6,308.6,500.0,5,439.0
run_1789860586,rnd_task_005,robot_4,Central,North,57.08,2,1,0.46,4,2,0.03,0.3,5,30,0.088,13,230.46,226.46,500.0,6,475.42
run_1789860586,rnd_task_006,robot_3,North,South,52.46,4,2,0.46,4,2,0.07,0.0,7,48,0.114,13,392.78,388.78,500.0,8,629.04
run_1789860586,rnd_task_007,robot_2,South,South,11.72,2,0,0.46,4,1,0.03,0.0,7,35,0.133,5,204.62,200.62,500.0,6,390.66
run_1789860586,rnd_task_008,robot_1,Central,North,73.75,4,2,0.46,4,2,0.0,0.18,5,29,0.147,4,148.38,144.38,500.0,4,298.36
run_1789860586,rnd_task_009,robot_4,North,North,15.17,2,1,0.46,4,1,0.05,0.07,5,43,0.143,9,287.3,283.3,500.0,6,461.84
run_1789860586,rnd_task_010,robot_1,North,North,40.22,2,1,0.46,4,1,0.05,0.17,7,36,0.124,13,143.26,139.26,500.0,6,419.96
run_1789860586,rnd_task_011,robot_2,Central,Central,105.23,4,2,0.46,4,1,0.04,0.0,6,37,0.125,13,200.18,196.18,500.0,6,430.52
run_1789860586,rnd_task_012,robot_3,Central,South,48.03,2,1,0.46,4,2,0.06,0.31,6,35,0.147,9,174.98,170.98,500.0,6,368.22
run_1789860586,rnd_task_013,robot_4,South,North,57.6,4,2,0.46,4,2,0.05,0.08,6,39,0.181,6,251.46,247.46,500.0,7,353.36
run_1789860586,rnd_task_014,robot_1,North,North,23.33,2,1,0.46,4,1,0.05,0.0,5,31,0.153,4,109.9,105.9,500.0,7,300.62
run_1789860586,rnd_task_015,robot_2,Central,Central,76.18,4,2,0.46,4,1,0.15,0.09,5,28,0.214,3,80.48,76.48,500.0,4,177.34
run_1789860586,rnd_task_016,robot_3,North,North,52.92,2,1,0.46,4,1,0.1,0.2,6,41,0.152,11,129.8,125.8,500.0,6,393.52
run_1789860586,rnd_task_017,robot_2,North,North,44.21,2,1,0.46,4,1,0.15,0.15,9,55,0.149,30,320.08,316.08,500.0,6,565.62
run_1789860586,rnd_task_018,robot_4,South,South,0.85,0,1,0.46,4,1,0.07,0.37,8,37,0.144,16,217.88,213.88,500.0,5,388.24
run_1789860586,rnd_task_019,robot_1,North,Central,48.55,2,1,0.46,4,2,0.06,0.19,6,29,0.181,7,130.84,126.84,500.0,4,231.8
run_1789860586,rnd_task_020,robot_3,North,Central,52.1,2,1,0.46,4,2,0.04,0.1,6,36,0.184,22,120.26,116.26,500.0,3,304.02
run_1789862929,rnd_task_001,robot_4,South,North,70.1,4,2,0.46,4,2,0.02,0.01,6,34,0.134,30,235.34,231.34,500.0,4,374.22
run_1789862929,rnd_task_002,robot_3,South,North,60.37,4,2,0.46,4,2,0.08,0.06,4,22,0.101,27,161.7,157.7,500.0,3,296.8
run_1789862929,rnd_task_003,robot_2,North,South,6.0,0,2,0.46,4,2,0.0,0.26,8,47,0.129,29,377.94,373.94,500.0,5,559.56
run_1789862929,rnd_task_004,robot_1,North,Central,55.04,2,1,0.46,4,2,0.03,0.13,10,58,0.152,29,358.06,354.06,500.0,6,593.66
run_1789862929,rnd_task_005,robot_3,Central,Central,0.85,0,1,0.46,4,1,0.0,0.18,7,36,0.164,7,116.2,112.2,500.0,5,317.32
run_1789862929,rnd_task_006,robot_4,Central,North,30.73,2,1,0.46,4,2,0.04,0.2,8,42,0.205,6,182.96,178.96,500.0,6,321.2
run_1789862929,rnd_task_007,robot_2,South,South,0.85,0,1,0.46,4,1,0.0,0.18,8,47,0.279,5,66.74,62.74,500.0,6,251.02
run_1789862929,rnd_task_008,robot_1,North,Central,45.1,2,1,0.46,4,2,0.06,0.46,7,31,0.211,5,91.46,87.46,500.0,4,208.1
run_1789862929,rnd_task_009,robot_3,South,North,74.91,4,2,0.46,4,2,0.01,0.03,10,50,0.189,10,269.08,265.08,500.0,6,401.74
run_1789862929,rnd_task_010,robot_4,North,Central,0.67,0,2,0.46,4,2,0.02,0.46,12,66,0.22,10,243.24,239.24,500.0,8,462.94
run_1789862929,rnd_task_011,robot_1,North,South,63.92,4,2,0.46,4,2,0.01,0.0,7,36,0.235,7,170.86,166.86,500.0,5,238.6
run_1789862929,rnd_task_012,robot_2,South,Central,19.36,2,0,0.46,4,2,0.01,0.0,5,24,0.157,5,156.34,152.34,500.0,4,203.88
run_1789862929,rnd_task_013,robot_3,North,Central,26.07,2,0,0.46,4,2,0.0,0.18,6,36,0.187,6,230.0,226.0,500.0,6,277.78
run_1789862929,rnd_task_014,robot_2,Central,North,50.97,2,1,0.46,4,2,0.0,0.18,7,48,0.232,6,127.58,123.58,500.0,6,310.58
run_1789862929,rnd_task_015,robot_1,North,North,22.79,2,1,0.46,4,1,0.0,0.18,6,38,0.175,5,202.92,198.92,500.0,6,332.14
run_1789862929,rnd_task_016,robot_4,South,Central,51.71,2,1,0.46,4,2,0.05,0.12,7,42,0.144,12,180.9,176.9,500.0,6,429.96
run_1789862929,rnd_task_017,robot_3,South,Central,71.22,4,2,0.46,4,2,0.1,0.1,6,26,0.128,8,168.68,164.68,500.0,5,297.72
run_1789862929,rnd_task_018,robot_2,South,Central,0.67,0,2,0.46,4,2,0.02,0.01,8,48,0.139,17,295.28,291.28,500.0,5,518.8
run_1789862929,rnd_task_019,robot_1,North,North,24.29,2,1,0.46,4,1,0.0,0.18,4,22,0.148,7,67.4,63.4,500.0,3,216.74
run_1789862929,rnd_task_022,robot_1,Central,Central,58.88,2,1,0.46,4,1,0.11,0.12,5,35,0.14,23,216.52,212.52,500.0,1,372.16
run_1789840923,rnd_task_001,robot_4,South,North,66.13,4,2,0.46,4,2,0.11,0.1,6,36,0.156,18,228.32,224.32,500.0,5,359.02
run_1789840923,rnd_task_002,robot_3,North,North,32.25,2,1,0.46,4,1,0.22,0.17,6,36,0.154,18,220.08,216.08,500.0,6,364.1
run_1789840923,rnd_task_003,robot_2,South,Central,0.85,0,2,0.46,4,2,0.24,0.09,6,35,0.186,18,156.6,152.6,500.0,4,278.96
run_1789840923,rnd_task_004,robot_1,South,South,6.72,2,0,0.46,4,1,0.12,0.01,5,27,0.207,18,82.76,78.76,500.0,3,183.18
run_1789840923,rnd_task_005,robot_1,North,North,27.08,2,1,0.46,4,1,0.0,0.18,6,27,0.108,2,215.34,211.34,500.0,7,372.08
run_1789840923,rnd_task_006,robot_2,North,North,8.95,2,0,0.46,4,1,0.04,0.0,3,18,0.107,2,105.58,101.58,500.0,5,205.2
run_1789840923,rnd_task_007,robot_4,South,South,18.82,2,0,0.46,4,1,0.05,0.21,9,57,0.198,7,302.96,298.96,500.0,6,444.5
run_1789840923,rnd_task_008,robot_3,South,North,65.59,4,2,0.46,4,2,0.04,0.04,11,65,0.181,13,420.5,416.5,500.0,8,574.2
run_1789840923,rnd_task_009,robot_2,North,South,6.1,1,2,0.46,4,2,0.08,0.18,7,40,0.186,5,194.52,190.52,500.0,5,311.88
run_1789840923,rnd_task_010,robot_1,North,North,22.54,2,1,0.46,4,1,0.04,0.46,7,39,0.263,5,143.54,139.54,500.0,3,220.6
run_1789840923,rnd_task_011,robot_1,North,South,67.93,4,2,0.46,4,2,0.01,0.04,7,31,0.143,22,226.8,222.8,500.0,5,322.6
run_1789840923,rnd_task_012,robot_4,Central,North,65.99,4,2,0.46,4,2,0.07,0.32,7,32,0.123,22,233.64,229.64,500.0,6,375.16
run_1789840923,rnd_task_013,robot_2,Central,Central,0.97,0,1,0.46,4,1,0.1,0.06,7,31,0.151,21,145.84,141.84,500.0,4,305.2
run_1789840923,rnd_task_014,robot_3,North,South,6.0,0,2,0.46,4,2,0.09,0.0,9,42,0.125,22,290.96,286.96,500.0,6,513.22
run_1789840923,rnd_task_015,robot_2,North,South,60.85,4,2,0.46,4,2,0.1,0.14,7,36,0.121,9,331.66,327.66,500.0,5,445.34
run_1789840923,rnd_task_016,robot_1,South,North,0.49,0,2,0.46,4,2,0.05,0.0,7,36,0.123,9,268.12,264.12,500.0,5,440.28
run_1789840923,rnd_task_017,robot_4,North,North,6.24,1,1,0.46,4,1,0.05,0.0,5,35,0.14,8,176.38,172.38,500.0,4,371.54
run_1789840923,rnd_task_018,robot_3,North,South,73.24,4,2,0.46,4,2,0.17,0.21,8,46,0.123,14,407.18,403.18,500.0,5,584.66
run_1789840923,rnd_task_020,robot_1,North,Central,27.15,2,0,0.46,4,2,0.03,0.0,3,14,0.084,8,118.54,114.54,500.0,2,213.3
run_1789840923,rnd_task_021,robot_2,North,North,18.47,2,1,0.46,4,1,0.03,0.15,3,14,0.068,10,162.8,158.8,500.0,2,265.74
run_1789845970,rnd_task_001,robot_1,South,North,6.0,0,2,0.46,4,2,0.09,0.08,4,22,0.093,34,235.42,231.42,500.0,4,367.4
run_1789845970,rnd_task_002,robot_4,North,North,6.0,0,0,0.46,4,1,0.11,0.02,4,22,0.091,34,308.96,304.96,500.0,4,371.8
run_1789845970,rnd_task_003,robot_2,Central,Central,80.25,4,2,0.46,4,1,0.11,0.01,2,11,0.046,32,161.06,157.06,500.0,3,258.38
run_1789845970,rnd_task_004,robot_3,North,South,66.35,4,2,0.46,4,2,0.06,0.14,6,35,0.09,42,467.24,463.24,500.0,6,621.2
run_1789845970,rnd_task_005,robot_2,South,North,6.0,0,2,0.46,4,2,0.08,0.0,7,41,0.123,13,233.12,229.12,500.0,7,486.0
run_1789845970,rnd_task_006,robot_4,North,South,73.75,4,2,0.46,4,2,0.09,0.08,4,19,0.091,9,200.18,196.18,500.0,4,308.5
run_1789845970,rnd_task_007,robot_1,South,South,9.44,2,0,0.46,4,1,0.04,0.02,5,35,0.116,12,221.58,217.58,500.0,6,430.34
run_1789845970,rnd_task_008,robot_3,North,Central,0.97,0,2,0.46,4,2,0.0,0.18,8,43,0.169,5,178.62,174.62,500.0,7,390.16
run_1789845970,rnd_task_009,robot_4,North,North,7.09,2,0,0.46,4,1,0.04,0.0,6,30,0.154,5,172.04,168.04,500.0,5,272.2
run_1789845970,rnd_task_010,robot_2,South,North,64.83,4,2,0.46,4,2,0.02,0.17,9,60,0.157,9,388.76,384.76,500.0,9,586.04
run_1789845970,rnd_task_011,robot_1,North,South,6.0,0,2,0.46,4,2,0.0,0.0,8,47,0.158,7,343.86,339.86,500.0,6,441.96
run_1789845970,rnd_task_012,robot_4,Central,Central,91.85,4,2,0.46,4,1,0.02,0.18,4,20,0.138,2,107.12,103.12,500.0,4,202.2
run_1789845970,rnd_task_013,robot_3,North,North,20.51,2,1,0.46,4,1,0.02,0.0,5,23,0.16,5,140.3,136.3,500.0,4,224.8
run_1789845970,rnd_task_014,robot_4,North,South,0.67,0,2,0.46,4,2,0.0,0.18,6,34,0.16,2,229.76,225.76,500.0,6,337.4
run_1789845970,rnd_task_015,robot_3,South,North,6.0,1,2,0.46,4,2,0.0,0.0,7,36,0.125,9,299.06,295.06,500.0,6,431.74
run_1789845970,rnd_task_016,robot_1,North,Central,60.35,2,1,0.46,4,2,0.03,0.18,11,65,0.164,14,276.84,272.84,500.0,7,610.74
run_1789845970,rnd_task_017,robot_2,North,South,58.57,4,2,0.46,4,2,0.07,0.0,5,29,0.124,7,202.96,198.96,500.0,4,323.22
run_1789845970,rnd_task_018,robot_4,North,North,9.14,2,0,0.46,4,1,0.0,0.18,4,20,0.12,12,158.58,154.58,500.0,4,232.66
run_1789845970,rnd_task_019,robot_2,South,South,29.01,2,0,0.46,4,1,0.0,0.18,6,29,0.217,5,105.4,101.4,500.0,4,184.6
run_1789845970,rnd_task_021,robot_4,North,South,62.03,4,2,0.46,4,2,0.02,0.0,5,24,0.143,4,169.04,165.04,500.0,2,266.3
run_1789856460,rnd_task_001,robot_1,North,Central,59.63,4,2,0.46,4,2,0.05,0.03,3,18,0.085,9,306.96,302.96,500.0,4,353.0
run_1789856460,rnd_task_002,robot_4,North,North,6.72,2,0,0.46,4,1,0.07,0.17,3,16,0.081,9,235.98,231.98,500.0,3,294.66
run_1789856460,rnd_task_003,robot_2,North,Central,35.79,2,1,0.46,4,2,0.08,0.05,4,23,0.076,12,268.6,264.6,500.0,6,448.34
run_1789856460,rnd_task_004,robot_3,North,South,55.56,4,2,0.46,4,2,0.03,0.0,4,23,0.077,8,294.64,290.64,500.0,5,413.48
run_1789856460,rnd_task_005,robot_4,South,North,48.88,4,2,0.46,4,2,0.15,0.15,8,48,0.158,7,364.32,360.32,500.0,8,456.62
run_1789856460,rnd_task_006,robot_1,North,North,14.49,2,0,0.46,4,1,0.14,0.02,6,34,0.158,6,217.78,213.78,500.0,5,316.4
run_1789856460,rnd_task_007,robot_3,North,North,35.41,2,1,0.46,4,1,0.02,0.46,9,59,0.161,6,295.68,291.68,500.0,7,559.34
run_1789856460,rnd_task_008,robot_2,North,Central,22.65,2,0,0.46,4,2,0.05,0.0,6,29,0.189,3,130.84,126.84,500.0,4,222.5
run_1789856460,rnd_task_009,robot_1,South,North,6.0,1,2,0.46,4,2,0.0,0.0,8,49,0.132,7,330.62,326.62,500.0,7,561.72
run_1789856460,rnd_task_010,robot_2,North,Central,78.57,4,2,0.46,4,2,0.17,0.37,5,30,0.145,1,151.68,147.68,500.0,4,303.2
run_1789856460,rnd_task_011,robot_4,South,North,85.58,4,2,0.46,4,2,0.04,0.23,8,45,0.116,7,360.12,356.12,500.0,6,587.76
run_1789856460,rnd_task_012,robot_2,South,North,66.38,4,2,0.46,4,2,0.0,0.18,6,27,0.098,9,280.78,276.78,500.0,5,427.66
run_1789856460,rnd_task_013,robot_3,South,South,0.51,0,1,0.46,4,1,0.0,0.0,8,41,0.122,9,255.94,251.94,500.0,6,490.6
run_1789856460,rnd_task_014,robot_1,North,South,84.05,4,2,0.46,4,2,0.05,0.13,9,49,0.126,9,241.68,237.68,500.0,8,588.94
run_1789856460,rnd_task_015,robot_4,North,Central,0.85,0,2,0.46,4,2,0.04,0.33,6,35,0.113,6,225.14,221.14,500.0,6,443.08
run_1789856460,rnd_task_016,robot_2,North,North,30.42,2,1,0.46,4,1,0.07,0.19,4,24,0.128,4,124.38,120.38,500.0,4,281.4
run_1789856460,rnd_task_017,robot_3,Central,North,23.95,2,0,0.46,4,2,0.02,0.11,8,36,0.126,6,175.2,171.2,500.0,6,411.82
run_1789856460,rnd_task_018,robot_2,South,South,5.05,2,0,0.46,4,1,0.0,0.18,5,28,0.175,2,140.34,136.34,500.0,5,251.32
run_1789856460,rnd_task_019,robot_4,North,North,35.27,2,1,0.46,4,1,0.01,0.46,7,37,0.154,1,123.7,119.7,500.0,4,363.04
run_1789856460,rnd_task_020,robot_1,South,Central,0.97,0,2,0.46,4,2,0.0,0.18,3,17,0.179,0,74.44,70.44,500.0,3,145.16
run_1789848088,rnd_task_001,robot_4,South,North,0.85,0,2,0.46,4,2,0.08,0.02,5,29,0.111,22,237.8,233.8,500.0,3,377.36
run_1789848088,rnd_task_002,robot_3,North,Central,0.97,0,2,0.46,4,2,0.07,0.14,5,30,0.093,27,346.9,342.9,500.0,6,492.92
run_1789848088,rnd_task_003,robot_1,North,Central,36.59,2,0,0.46,4,2,0.03,0.05,5,30,0.109,23,363.08,359.08,500.0,4,421.8
run_1789848088,rnd_task_004,robot_2,North,Central,42.64,2,1,0.46,4,2,0.05,0.01,5,30,0.102,25,259.34,255.34,500.0,5,448.94
run_1789848088,rnd_task_005,robot_4,Central,North,64.69,4,2,0.46,4,2,0.02,0.14,5,28,0.127,17,217.62,213.62,500.0,6,299.88
run_1789848088,rnd_task_006,robot_1,Central,South,19.36,2,0,0.46,4,2,0.02,0.01,6,41,0.146,17,249.64,245.64,500.0,8,423.6
run_1789848088,rnd_task_007,robot_2,South,South,0.49,0,1,0.46,4,1,0.08,0.28,5,28,0.18,13,128.48,124.48,500.0,5,244.84
run_1789848088,rnd_task_008,robot_3,South,North,42.77,4,2,0.46,4,2,0.02,0.3,7,47,0.157,12,291.98,287.98,500.0,7,458.96
run_1789848088,rnd_task_009,robot_4,North,North,11.97,2,0,0.46,4,1,0.0,0.18,3,13,0.133,1,42.76,38.76,500.0,4,135.6
run_1789848088,rnd_task_010,robot_2,South,North,73.38,4,2,0.46,4,2,0.02,0.03,4,25,0.106,6,199.76,195.76,500.0,6,359.8
run_1789848088,rnd_task_011,robot_4,South,South,6.0,0,1,0.46,4,1,0.02,0.0,7,37,0.111,10,245.06,241.06,500.0,7,487.2
run_1789848088,rnd_task_012,robot_1,North,South,54.18,4,2,0.46,4,2,0.01,0.0,7,41,0.13,11,364.92,360.92,500.0,7,493.66
run_1789848088,rnd_task_013,robot_3,North,North,33.95,2,1,0.46,4,1,0.0,0.18,3,18,0.11,4,81.88,77.88,500.0,4,237.38
run_1789848088,rnd_task_014,robot_2,Central,North,57.33,2,1,0.46,4,2,0.05,0.15,6,36,0.132,6,188.34,184.34,500.0,7,394.12
run_1789848088,rnd_task_015,robot_3,Central,South,6.0,1,2,0.46,4,2,0.06,0.04,4,24,0.158,6,116.62,112.62,500.0,5,240.78
run_1789848088,rnd_task_016,robot_4,South,Central,82.16,4,2,0.46,4,2,0.0,0.15,5,36,0.117,2,213.92,209.92,500.0,6,463.46
run_1789848088,rnd_task_017,robot_1,North,South,6.0,0,2,0.46,4,2,0.02,0.33,8,46,0.137,2,252.02,248.02,500.0,6,496.3
run_1789848088,rnd_task_018,robot_3,South,South,51.45,2,1,0.46,4,1,0.0,0.18,5,24,0.103,2,100.1,96.1,500.0,4,328.68
run_1789848088,rnd_task_019,robot_2,Central,North,66.41,4,2,0.46,4,2,0.0,0.18,6,40,0.163,2,228.34,224.34,500.0,4,379.74
run_1789848088,rnd_task_020,robot_4,North,North,0.65,0,1,0.46,4,1,0.0,0.18,4,19,0.142,1,82.76,78.76,500.0,2,196.54
run_1789863969,rnd_task_001,robot_4,Central,South,28.76,2,0,0.46,4,2,0.19,0.06,5,28,0.145,29,166.54,162.54,500.0,4,276.3
run_1789863969,rnd_task_002,robot_3,South,South,32.0,2,1,0.46,4,1,0.37,0.16,6,41,0.187,30,280.86,276.86,500.0,6,353.16
run_1789863969,rnd_task_003,robot_2,North,North,22.01,2,1,0.46,4,1,0.2,0.12,6,40,0.189,30,199.28,195.28,500.0,5,328.32
run_1789863969,rnd_task_004,robot_1,South,South,13.51,2,0,0.46,4,1,0.14,0.01,2,11,0.103,25,35.78,31.78,500.0,3,116.48
run_1789863969,rnd_task_005,robot_1,South,Central,90.58,4,2,0.46,4,2,0.07,0.01,7,41,0.19,8,166.24,162.24,500.0,6,316.04
run_1789863969,rnd_task_006,robot_4,North,South,0.85,0,2,0.46,4,2,0.03,0.16,9,53,0.149,12,338.34,334.34,500.0,7,536.8
run_1789863969,rnd_task_007,robot_2,North,Central,57.08,2,1,0.46,4,2,0.1,0.07,8,41,0.132,11,292.12,288.12,500.0,6,469.18
run_1789863969,rnd_task_008,robot_3,Central,South,94.39,4,2,0.46,4,2,0.05,0.46,4,25,0.09,11,222.42,218.42,500.0,4,400.02
run_1789863969,rnd_task_009,robot_1,North,North,28.63,2,1,0.46,4,1,0.14,0.0,6,29,0.118,7,170.08,166.08,500.0,6,374.4
run_1789863969,rnd_task_010,robot_3,North,North,0.97,0,0,0.46,4,1,0.22,0.02,6,34,0.196,4,145.22,141.22,500.0,6,265.66
run_1789863969,rnd_task_011,robot_2,North,North,47.13,2,1,0.46,4,1,0.15,0.08,10,50,0.147,17,261.9,257.9,500.0,8,518.54
run_1789863969,rnd_task_012,robot_4,Central,North,51.96,2,1,0.46,4,2,0.06,0.23,7,31,0.105,9,173.76,169.76,500.0,6,419.46
run_1789863969,rnd_task_013,robot_1,South,North,56.3,4,2,0.46,4,2,0.07,0.08,7,31,0.13,9,243.44,239.44,500.0,4,384.54
run_1789863969,rnd_task_014,robot_3,North,North,7.09,2,0,0.46,4,1,0.21,0.19,7,28,0.155,12,118.38,114.38,500.0,5,258.02
run_1789863969,rnd_task_015,robot_1,North,South,73.86,4,2,0.46,4,2,0.15,0.06,8,36,0.179,13,168.12,164.12,500.0,6,301.12
run_1789863969,rnd_task_016,robot_4,North,North,22.76,2,1,0.46,4,1,0.01,0.3,7,37,0.173,13,123.0,119.0,500.0,5,323.02
run_1789863969,rnd_task_017,robot_3,North,South,72.23,4,2,0.46,4,2,0.0,0.18,7,37,0.148,9,282.56,278.56,500.0,6,392.74
run_1789863969,rnd_task_018,robot_2,Central,South,76.18,4,2,0.46,4,2,0.05,0.3,5,29,0.133,8,152.74,148.74,500.0,4,301.5
run_1789863969,rnd_task_020,robot_4,North,South,48.39,4,2,0.46,4,2,0.14,0.01,6,36,0.125,15,298.94,294.94,500.0,3,431.68
run_1789863969,rnd_task_021,robot_2,South,Central,80.39,4,2,0.46,4,2,0.02,0.15,5,25,0.095,12,239.42,235.42,500.0,2,380.56
run_1789866198,rnd_task_001,robot_4,Central,South,34.77,2,1,0.46,4,2,0.28,0.11,3,17,0.109,11,152.04,148.04,500.0,3,201.4
run_1789866198,rnd_task_002,robot_3,North,South,85.35,4,2,0.46,4,2,0.2,0.02,10,63,0.205,17,278.08,274.08,500.0,6,477.4
run_1789866198,rnd_task_003,robot_1,South,Central,88.55,4,2,0.46,4,2,0.16,0.03,4,23,0.14,12,134.02,130.02,500.0,4,243.4
run_1789866198,rnd_task_004,robot_2,North,North,6.84,2,0,0.46,4,1,0.0,0.07,8,46,0.215,15,215.5,211.5,500.0,5,325.22
run_1789866198,rnd_task_005,robot_4,Central,Central,60.92,2,1,0.46,4,1,0.0,0.0,6,36,0.221,5,107.8,103.8,500.0,5,235.52
run_1789866198,rnd_task_006,robot_1,Central,Central,0.85,0,1,0.46,4,1,0.02,0.45,8,41,0.272,5,96.44,92.44,500.0,4,227.62
run_1789866198,rnd_task_007,robot_2,North,North,0.85,0,1,0.46,4,1,0.0,0.18,5,25,0.22,7,43.96,39.96,500.0,4,172.44
run_1789866198,rnd_task_010,robot_1,North,Central,6.0,1,2,0.46,4,2,0.0,0.18,8,42,0.277,5,122.74,118.74,500.0,3,223.96
run_1789866198,rnd_task_011,robot_2,North,North,7.4,2,0,0.46,4,1,0.0,0.18,5,29,0.251,0,60.46,56.46,500.0,1,159.6
run_1789866198,rnd_task_012,robot_2,Central,North,51.71,2,1,0.46,4,2,0.0,0.18,5,20,0.059,3,207.38,203.38,500.0,2,439.66
run_1789866198,rnd_task_013,robot_1,South,Central,95.04,4,2,0.46,4,2,0.0,0.18,5,25,0.066,3,234.26,230.26,500.0,2,511.66
run_1789866198,rnd_task_014,robot_2,North,Central,6.0,0,2,0.46,4,2,0.0,0.18,4,24,0.067,2,146.26,142.26,500.0,2,480.24
run_1789866198,rnd_task_015,robot_1,North,South,6.0,0,2,0.46,4,2,0.0,0.18,5,29,0.077,3,246.86,242.86,500.0,2,521.02
run_1789866198,rnd_task_016,robot_2,North,North,26.33,2,1,0.46,4,1,0.0,0.18,2,13,0.071,1,88.3,84.3,500.0,2,226.2
run_1789866198,rnd_task_017,robot_1,North,Central,41.03,2,1,0.46,4,2,0.03,0.0,4,19,0.066,2,172.74,168.74,500.0,2,363.04
run_1789866198,rnd_task_018,robot_2,Central,South,0.85,0,2,0.46,4,2,0.1,0.0,4,22,0.103,2,174.16,170.16,500.0,1,290.84
run_1789839970,rnd_task_001,robot_1,South,North,71.7,4,2,0.46,4,2,0.1,0.06,5,29,0.14,8,184.32,180.32,500.0,4,314.6
run_1789839970,rnd_task_002,robot_4,Central,North,34.25,2,1,0.46,4,2,0.07,0.0,6,34,0.152,9,226.4,222.4,500.0,6,355.5
run_1789839970,rnd_task_003,robot_2,South,South,4.8,2,0,0.46,4,1,0.21,0.0,4,18,0.12,7,91.66,87.66,500.0,3,200.2
run_1789839970,rnd_task_004,robot_3,South,South,50.15,2,1,0.46,4,1,0.0,0.0,6,29,0.132,7,89.68,85.68,500.0,5,318.28
run_1789839970,rnd_task_005,robot_2,North,North,14.74,2,0,0.46,4,1,0.0,0.18,5,30,0.113,8,201.58,197.58,500.0,6,370.96
run_1789839970,rnd_task_006,robot_1,Central,Central,96.59,4,2,0.46,4,1,0.11,0.1,6,34,0.165,8,177.4,173.4,500.0,6,303.62
run_1789839970,rnd_task_007,robot_3,North,South,62.65,4,2,0.46,4,2,0.1,0.04,8,53,0.169,17,339.66,335.66,500.0,6,473.4
run_1789839970,rnd_task_008,robot_4,South,South,43.06,2,1,0.46,4,1,0.09,0.07,8,53,0.167,17,224.1,220.1,500.0,6,479.24
run_1789839970,rnd_task_009,robot_2,South,North,75.47,4,2,0.46,4,2,0.03,0.19,10,61,0.157,11,291.52,287.52,500.0,9,613.36
run_1789839970,rnd_task_010,robot_1,North,Central,70.73,4,2,0.46,4,2,0.04,0.38,6,33,0.14,11,242.42,238.42,500.0,5,358.2
run_1789839970,rnd_task_011,robot_3,South,South,35.05,2,1,0.46,4,1,0.0,0.18,5,19,0.107,1,110.96,106.96,500.0,5,262.34
run_1789839970,rnd_task_012,robot_4,Central,Central,84.99,4,2,0.46,4,1,0.0,0.18,5,23,0.115,1,178.94,174.94,500.0,5,296.08
run_1789839970,rnd_task_013,robot_1,South,North,66.6,4,2,0.46,4,2,0.13,0.02,7,40,0.141,4,255.72,251.72,500.0,7,438.64
run_1789839970,rnd_task_014,robot_3,North,North,17.74,2,1,0.46,4,1,0.12,0.07,6,32,0.109,9,253.52,249.52,500.0,7,441.0
run_1789839970,rnd_task_015,robot_4,North,North,36.46,2,1,0.46,4,1,0.09,0.31,8,37,0.127,9,259.72,255.72,500.0,6,424.84
run_1789839970,rnd_task_016,robot_2,North,North,29.15,2,1,0.46,4,1,0.02,0.26,3,17,0.121,2,83.92,79.92,500.0,3,181.54
run_1789839970,rnd_task_017,robot_2,Central,North,40.64,2,1,0.46,4,2,0.09,0.1,6,47,0.161,18,205.98,201.98,500.0,6,448.16
run_1789839970,rnd_task_018,robot_1,Central,Central,46.26,2,1,0.46,4,1,0.0,0.18,6,24,0.181,6,120.96,116.96,500.0,4,199.36
run_1789839970,rnd_task_020,robot_4,North,Central,25.99,2,0,0.46,4,2,0.16,0.14,4,29,0.171,7,149.54,145.54,500.0,3,233.34
run_1789839970,rnd_task_021,robot_1,North,Central,0.85,0,2,0.46,4,2,0.13,0.03,4,17,0.172,6,79.44,75.44,500.0,2,151.32
run_1789857573,rnd_task_001,robot_4,Central,North,28.67,2,1,0.46,4,2,1.19,0.05,9,65,0.038,78,2629.06,2625.06,500.0,6,2725.38
run_1789857573,rnd_task_002,robot_3,Central,North,61.67,4,2,0.46,4,2,1.25,0.04,10,70,0.04,79,2650.16,2646.16,500.0,6,2751.46
run_1789857573,rnd_task_003,robot_1,North,North,10.96,2,0,0.46,4,1,0.22,0.01,4,23,0.139,17,227.06,223.06,500.0,3,258.5
run_1789857573,rnd_task_004,robot_2,Central,Central,0.85,0,1,0.46,4,1,0.02,0.0,6,34,0.159,17,191.16,187.16,500.0,4,315.0
run_1789857573,rnd_task_005,robot_1,North,North,10.42,2,0,0.46,4,1,0.0,0.18,3,18,0.141,5,33.26,29.26,500.0,4,155.8
run_1789857573,rnd_task_006,robot_2,North,North,9.44,2,0,0.46,4,1,0.11,0.0,4,19,0.096,7,136.46,132.46,500.0,3,249.6
run_1789857573,rnd_task_008,robot_2,Central,North,57.33,2,1,0.46,4,2,1.23,0.04,3,17,0.009,54,1892.04,1888.04,500.0,2,2146.5
run_1789788458,rnd_task_001,robot_1,North,South,54.74,4,2,0.46,4,2,0.05,0.0,6,40,0.124,8,392.68,388.68,500.0,5,482.84
run_1789788458,rnd_task_002,robot_2,Central,North,22.65,2,0,0.46,4,2,0.0,0.0,6,38,0.134,8,248.92,244.92,500.0,3,419.42
run_1789788458,rnd_task_003,robot_3,South,North,89.91,4,2,0.46,4,2,0.01,0.0,6,39,0.135,6,212.8,208.8,500.0,4,430.72
run_1789788458,rnd_task_004,robot_4,North,South,6.0,0,2,0.46,4,2,0.06,0.03,9,59,0.131,21,448.12,444.12,500.0,6,704.12
run_1789788458,rnd_task_005,robot_2,South,North,0.48,0,2,0.46,4,2,0.09,0.03,7,33,0.119,16,312.86,308.86,500.0,8,419.32
run_1789788458,rnd_task_006,robot_3,North,Central,63.2,2,1,0.46,4,2,0.0,0.18,7,30,0.127,16,103.62,99.62,500.0,6,331.82
run_1789788458,rnd_task_007,robot_1,North,North,27.79,2,0,0.46,4,1,0.09,0.0,6,29,0.162,15,188.76,184.76,500.0,4,272.0
run_1789788458,rnd_task_008,robot_4,North,South,85.83,4,2,0.46,4,2,0.01,0.01,9,62,0.122,21,515.72,511.72,500.0,9,789.88
run_1789788458,rnd_task_009,robot_1,South,North,49.13,4,2,0.46,4,2,0.02,0.0,7,42,0.133,10,314.58,310.58,500.0,7,466.56
run_1789788458,rnd_task_010,robot_3,North,South,52.21,4,2,0.46,4,2,0.06,0.0,6,32,0.128,10,278.2,274.2,500.0,4,358.68
run_1789788458,rnd_task_011,robot_2,Central,South,68.02,4,2,0.46,4,2,0.05,0.0,7,39,0.167,10,180.42,176.42,500.0,4,348.3
run_1789788458,rnd_task_012,robot_3,South,North,6.0,1,2,0.46,4,2,0.0,0.46,7,48,0.123,14,416.02,412.02,500.0,8,587.72
run_1789788458,rnd_task_013,robot_2,Central,North,6.0,1,2,0.46,4,2,0.07,0.14,5,25,0.091,11,187.38,183.38,500.0,5,375.6
run_1789788458,rnd_task_014,robot_1,North,South,6.0,0,2,0.46,4,2,0.0,0.0,5,32,0.123,12,216.4,212.4,500.0,5,407.24
run_1789788458,rnd_task_015,robot_4,South,North,6.05,1,2,0.46,4,2,0.0,0.0,8,52,0.155,8,257.04,253.04,500.0,7,502.54
run_1789788458,rnd_task_016,robot_2,Central,North,34.8,2,1,0.46,4,2,0.02,0.23,5,24,0.126,3,146.72,142.72,500.0,5,286.2
run_1789788458,rnd_task_017,robot_1,Central,North,0.85,0,2,0.46,4,2,0.0,0.18,6,35,0.143,7,218.94,214.94,500.0,4,350.24
run_1789788458,rnd_task_018,robot_3,South,South,47.64,2,1,0.46,4,1,0.01,0.0,7,42,0.128,16,186.06,182.06,500.0,4,485.86
run_1789788458,rnd_task_020,robot_1,South,Central,61.92,4,2,0.46,4,2,0.16,0.08,6,25,0.09,28,296.94,292.94,500.0,2,378.6
run_1789788458,rnd_task_023,robot_1,North,North,9.13,2,0,0.46,4,1,0.08,0.0,1,7,0.042,12,132.44,128.44,500.0,0,190.9
run_1789786403,rnd_task_001,robot_4,South,North,66.13,4,2,0.46,4,2,0.11,0.0,6,36,0.156,18,233.24,229.24,500.0,5,358.9
run_1789786403,rnd_task_002,robot_3,North,North,32.25,2,1,0.46,4,1,0.36,0.09,7,41,0.173,18,230.02,226.02,500.0,6,369.7
run_1789786403,rnd_task_003,robot_2,South,Central,74.15,4,2,0.46,4,2,0.57,0.08,6,35,0.191,17,147.6,143.6,500.0,4,272.64
run_1789786403,rnd_task_004,robot_1,South,South,6.72,2,0,0.46,4,1,0.2,0.01,5,27,0.2,16,87.9,83.9,500.0,3,189.76
run_1789786403,rnd_task_005,robot_1,North,North,27.08,2,1,0.46,4,1,0.0,0.0,6,27,0.105,5,216.46,212.46,500.0,7,380.36
run_1789786403,rnd_task_006,robot_2,North,North,8.95,2,0,0.46,4,1,0.04,0.0,3,18,0.105,4,106.68,102.68,500.0,5,208.6
run_1789786403,rnd_task_007,robot_4,South,South,18.82,2,0,0.46,4,1,0.05,0.04,8,48,0.165,4,308.02,304.02,500.0,6,449.66
run_1789786403,rnd_task_008,robot_3,South,North,65.59,4,2,0.46,4,2,0.04,0.0,9,55,0.16,8,400.56,396.56,500.0,8,550.36
run_1789786403,rnd_task_009,robot_2,North,South,57.17,4,2,0.46,4,2,0.01,0.12,7,40,0.178,1,207.52,203.52,500.0,5,326.56
run_1789786403,rnd_task_010,robot_1,North,North,22.54,2,1,0.46,4,1,0.0,0.18,7,39,0.251,1,153.84,149.84,500.0,4,231.22
run_1789786403,rnd_task_011,robot_4,North,South,67.93,4,2,0.46,4,2,0.03,0.02,7,33,0.106,14,339.74,335.74,500.0,8,473.44
run_1789786403,rnd_task_012,robot_1,Central,North,65.99,4,2,0.46,4,2,0.0,0.0,6,31,0.129,12,186.86,182.86,500.0,5,342.18
run_1789786403,rnd_task_013,robot_2,Central,Central,0.97,0,1,0.46,4,1,0.0,0.02,6,31,0.152,12,153.08,149.08,500.0,4,302.56
run_1789786403,rnd_task_014,robot_3,North,South,6.0,0,2,0.46,4,2,0.0,0.18,9,51,0.155,10,279.1,275.1,500.0,6,503.98
run_1789786403,rnd_task_015,robot_2,North,South,60.85,4,2,0.46,4,2,0.06,0.07,6,30,0.095,7,372.7,368.7,500.0,6,465.36
run_1789786403,rnd_task_016,robot_1,South,North,54.24,4,2,0.46,4,2,0.03,0.0,5,36,0.092,8,362.24,358.24,500.0,6,568.04
run_1789786403,rnd_task_017,robot_4,North,North,30.73,2,1,0.46,4,1,0.0,0.18,5,29,0.157,5,165.76,161.76,500.0,4,279.66
run_1789786403,rnd_task_018,robot_3,North,South,73.24,4,2,0.46,4,2,0.02,0.02,8,37,0.122,9,312.54,308.54,500.0,5,476.0
run_1789786403,rnd_task_020,robot_2,North,Central,27.15,2,0,0.46,4,2,0.03,0.0,5,30,0.133,4,226.58,222.58,500.0,3,331.48
run_1789786403,rnd_task_021,robot_1,North,North,18.47,2,1,0.46,4,1,0.08,0.43,4,24,0.151,3,99.32,95.32,500.0,2,225.2
run_1789785478,rnd_task_001,robot_1,South,North,0.96,0,2,0.46,4,2,0.18,0.12,5,29,0.14,10,185.96,181.96,500.0,4,314.2
run_1789785478,rnd_task_002,robot_4,Central,North,34.25,2,1,0.46,4,2,0.08,0.04,6,34,0.151,10,232.8,228.8,500.0,6,356.8
run_1789785478,rnd_task_003,robot_2,South,South,4.8,2,0,0.46,4,1,0.21,0.0,4,18,0.121,10,86.14,82.14,500.0,3,198.5
run_1789785478,rnd_task_004,robot_3,South,South,50.15,2,1,0.46,4,1,0.05,0.46,6,29,0.129,10,97.0,93.0,500.0,5,326.68
run_1789785478,rnd_task_005,robot_2,North,North,14.74,2,0,0.46,4,1,0.02,0.0,6,40,0.16,2,196.22,192.22,500.0,6,362.02
run_1789785478,rnd_task_006,robot_1,Central,Central,96.59,4,2,0.46,4,1,0.01,0.0,6,34,0.187,2,135.1,131.1,500.0,5,267.0
run_1789785478,rnd_task_007,robot_3,North,South,62.65,4,2,0.46,4,2,0.02,0.0,7,43,0.161,3,276.18,272.18,500.0,6,398.06
run_1789785478,rnd_task_008,robot_4,South,South,43.06,2,1,0.46,4,1,0.08,0.0,9,55,0.183,8,209.96,205.96,500.0,7,458.84
run_1789785478,rnd_task_009,robot_1,South,North,75.47,4,2,0.46,4,2,0.0,0.46,9,44,0.149,10,177.34,173.34,500.0,8,457.22
run_1789785478,rnd_task_010,robot_2,North,Central,70.73,4,2,0.46,4,2,0.0,0.18,6,25,0.214,6,122.04,118.04,500.0,4,187.02
run_1789785478,rnd_task_011,robot_3,South,South,35.05,2,1,0.46,4,1,0.03,0.33,5,30,0.171,9,113.6,109.6,500.0,6,269.2
run_1789785478,rnd_task_012,robot_2,Central,Central,0.67,0,1,0.46,4,1,0.0,0.18,5,17,0.144,4,104.42,100.42,500.0,4,180.2
run_1789785478,rnd_task_013,robot_4,South,North,66.6,4,2,0.46,4,2,0.0,0.18,6,36,0.128,6,217.16,213.16,500.0,7,423.06
run_1789785478,rnd_task_014,robot_2,North,North,17.74,2,1,0.46,4,1,0.07,0.0,5,20,0.111,2,164.88,160.88,500.0,5,252.56
run_1789785478,rnd_task_015,robot_3,North,North,36.46,2,1,0.46,4,1,0.02,0.3,7,47,0.122,12,331.96,327.96,500.0,7,574.14
run_1789785478,rnd_task_016,robot_1,North,North,29.15,2,1,0.46,4,1,0.01,0.0,4,18,0.13,2,85.88,81.88,500.0,4,185.32
run_1789785478,rnd_task_017,robot_2,Central,North,40.64,2,1,0.46,4,2,0.11,0.13,5,29,0.124,10,194.52,190.52,500.0,5,355.82
run_1789785478,rnd_task_018,robot_4,Central,Central,46.26,2,1,0.46,4,1,0.06,0.02,4,19,0.12,2,133.5,129.5,500.0,3,233.46
run_1789785478,rnd_task_019,robot_1,Central,North,68.76,4,2,0.46,4,2,0.09,0.02,6,42,0.133,16,231.52,227.52,500.0,4,465.42
run_1789785478,rnd_task_021,robot_2,North,Central,42.71,2,0,0.46,4,2,0.11,0.0,5,19,0.177,8,100.86,96.86,500.0,1,169.4
run_1789789725,rnd_task_001,robot_1,North,Central,46.23,2,1,0.46,4,2,0.13,0.21,3,16,0.051,32,333.42,329.42,500.0,4,472.44
run_1789789725,rnd_task_002,robot_4,North,South,0.85,0,2,0.46,4,2,0.02,0.3,6,34,0.081,40,439.18,435.18,500.0,6,620.0
run_1789789725,rnd_task_003,robot_3,North,North,24.06,2,1,0.46,4,1,0.09,0.21,4,21,0.066,31,347.4,343.4,500.0,5,482.14
run_1789789725,rnd_task_004,robot_2,North,Central,39.87,2,1,0.46,4,2,0.12,0.18,3,16,0.056,31,303.64,299.64,500.0,3,430.28
run_1789789725,rnd_task_005,robot_2,North,South,77.31,4,2,0.46,4,2,0.11,0.23,8,41,0.199,10,174.36,170.36,500.0,7,320.84
run_1789789725,rnd_task_006,robot_1,North,North,0.67,0,0,0.46,4,1,0.06,0.0,8,40,0.215,10,101.78,97.78,500.0,5,269.94
run_1789789725,rnd_task_007,robot_3,South,North,67.63,4,2,0.46,4,2,0.04,0.07,9,49,0.158,13,293.44,289.44,500.0,7,481.22
run_1789789725,rnd_task_008,robot_4,South,Central,79.34,4,2,0.46,4,2,0.0,0.18,5,26,0.15,2,108.96,104.96,500.0,5,252.52
run_1789789725,rnd_task_009,robot_1,North,North,42.81,2,1,0.46,4,1,0.08,0.15,11,49,0.148,16,255.88,251.88,500.0,9,501.56
run_1789789725,rnd_task_010,robot_2,North,North,24.58,2,1,0.46,4,1,0.1,0.1,7,33,0.13,14,211.4,207.4,500.0,6,385.64
run_1789789725,rnd_task_011,robot_4,Central,North,43.07,2,1,0.46,4,2,0.11,0.0,5,28,0.169,13,102.88,98.88,500.0,4,236.52
run_1789789725,rnd_task_012,robot_3,North,North,31.97,2,1,0.46,4,1,0.06,0.06,5,24,0.152,13,52.76,48.76,500.0,5,236.14
run_1789789725,rnd_task_013,robot_4,South,North,61.24,4,2,0.46,4,2,0.12,0.01,10,60,0.184,23,363.4,359.4,500.0,8,501.36
run_1789789725,rnd_task_014,robot_2,North,North,2.24,2,0,0.46,4,1,0.17,0.12,6,33,0.247,5,69.14,65.14,500.0,5,194.6
run_1789789725,rnd_task_015,robot_3,North,South,69.15,4,2,0.46,4,2,0.13,0.0,9,60,0.208,20,328.6,324.6,500.0,7,453.0
run_1789789725,rnd_task_016,robot_1,North,North,14.75,2,0,0.46,4,1,0.08,0.07,6,31,0.179,10,79.24,75.24,500.0,4,245.4
run_1789789725,rnd_task_017,robot_2,North,Central,49.67,2,1,0.46,4,2,0.0,0.0,6,43,0.18,16,165.26,161.26,500.0,6,354.6
run_1789789725,rnd_task_018,robot_1,Central,South,68.02,4,2,0.46,4,2,0.0,0.23,7,37,0.18,9,216.26,212.26,500.0,5,300.36
run_1789789725,rnd_task_019,robot_4,North,South,72.39,4,2,0.46,4,2,0.03,0.0,9,48,0.174,4,242.44,238.44,500.0,4,413.56
run_1789789725,rnd_task_020,robot_3,North,North,0.67,0,1,0.46,4,1,0.0,0.18,6,35,0.164,4,163.82,159.82,500.0,3,328.64
run_1789787405,rnd_task_001,robot_1,North,South,61.27,4,2,0.46,4,2,0.03,0.0,5,28,0.094,12,396.44,392.44,500.0,6,467.22
run_1789787405,rnd_task_002,robot_4,North,North,6.0,0,1,0.46,4,1,0.06,0.02,2,12,0.047,12,237.82,233.82,500.0,3,339.0
run_1789787405,rnd_task_003,robot_2,South,Central,6.0,0,2,0.46,4,2,0.05,0.01,4,22,0.075,12,171.7,167.7,500.0,4,397.54
run_1789787405,rnd_task_004,robot_3,North,South,73.75,4,2,0.46,4,2,0.02,0.0,4,22,0.086,9,273.2,269.2,500.0,4,397.4
run_1789787405,rnd_task_005,robot_4,South,South,41.52,2,1,0.46,4,1,0.03,0.0,7,40,0.131,3,237.06,233.06,500.0,8,457.2
run_1789787405,rnd_task_006,robot_2,South,North,64.38,4,2,0.46,4,2,0.0,0.18,4,19,0.105,2,169.6,165.6,500.0,4,266.04
run_1789787405,rnd_task_007,robot_3,Central,North,27.33,2,0,0.46,4,2,0.04,0.0,6,30,0.132,3,191.04,187.04,500.0,5,364.9
run_1789787405,rnd_task_008,robot_1,Central,North,40.86,2,1,0.46,4,2,0.03,0.0,5,24,0.1,3,196.64,192.64,500.0,6,359.28
run_1789787405,rnd_task_009,robot_2,North,South,57.94,4,2,0.46,4,2,0.06,0.14,7,40,0.169,2,231.84,227.84,500.0,6,366.42
run_1789787405,rnd_task_010,robot_3,North,North,26.03,2,1,0.46,4,1,0.07,0.02,7,29,0.159,1,123.64,119.64,500.0,5,263.42
run_1789787405,rnd_task_011,robot_4,North,Central,79.12,4,2,0.46,4,2,0.0,0.37,7,44,0.157,2,268.1,264.1,500.0,8,432.4
run_1789787405,rnd_task_012,robot_1,North,Central,98.06,4,2,0.46,4,2,0.01,0.01,7,42,0.161,2,147.48,143.48,500.0,6,384.08
run_1789787405,rnd_task_013,robot_3,North,North,14.4,2,1,0.46,4,1,0.04,0.0,3,8,0.08,1,32.96,28.96,500.0,3,124.24
run_1789787405,rnd_task_014,robot_2,North,Central,0.99,0,2,0.46,4,2,0.0,0.18,8,37,0.109,3,331.64,327.64,500.0,6,495.18
run_1789787405,rnd_task_015,robot_3,South,Central,0.49,0,2,0.46,4,2,0.06,0.04,9,47,0.126,11,328.5,324.5,500.0,7,555.38
run_1789787405,rnd_task_016,robot_1,North,South,60.29,4,2,0.46,4,2,0.07,0.06,9,47,0.133,11,373.36,369.36,500.0,6,557.28
run_1789787405,rnd_task_017,robot_4,North,Central,0.47,0,2,0.46,4,2,0.0,0.18,4,23,0.095,2,181.88,177.88,500.0,4,357.94
run_1789787405,rnd_task_018,robot_2,South,Central,83.93,4,2,0.46,4,2,0.1,0.06,5,31,0.166,10,121.02,117.02,500.0,5,277.84
run_1789787405,rnd_task_019,robot_4,North,North,11.19,2,0,0.46,4,1,0.02,0.0,6,28,0.215,9,125.18,121.18,500.0,4,186.28
run_1789787405,rnd_task_021,robot_1,Central,North,37.05,2,1,0.46,4,2,0.04,0.0,6,31,0.144,5,205.28,201.28,500.0,2,305.02
run_1789780384,rnd_task_001,robot_4,South,North,78.74,4,2,0.46,4,2,0.09,0.06,7,40,0.12,33,269.92,265.92,500.0,6,499.4
run_1789780384,rnd_task_002,robot_1,Central,Central,82.53,4,2,0.46,4,1,0.28,0.03,6,33,0.117,32,307.82,303.82,500.0,3,408.8
run_1789780384,rnd_task_003,robot_2,North,North,33.77,2,1,0.46,4,1,0.06,0.04,6,33,0.125,32,289.18,285.18,500.0,4,417.38
run_1789780384,rnd_task_004,robot_3,Central,Central,6.0,0,0,0.46,4,1,0.28,0.08,6,33,0.115,31,317.42,313.42,500.0,4,417.34
run_1789780384,rnd_task_005,robot_1,North,North,26.89,2,1,0.46,4,1,0.05,0.4,7,37,0.139,6,175.86,171.86,500.0,7,403.16
run_1789780384,rnd_task_006,robot_2,Central,South,31.22,2,0,0.46,4,2,0.09,0.23,6,24,0.129,5,133.5,129.5,500.0,4,278.78
run_1789780384,rnd_task_007,robot_3,North,South,50.42,4,2,0.46,4,2,0.04,0.02,10,59,0.181,6,265.02,261.02,500.0,7,496.4
run_1789780384,rnd_task_008,robot_4,North,Central,26.72,2,0,0.46,4,2,0.03,0.02,8,52,0.19,5,255.28,251.28,500.0,5,411.12
run_1789780384,rnd_task_009,robot_2,South,South,11.19,2,0,0.46,4,1,0.0,0.18,6,35,0.244,1,98.74,94.74,500.0,5,204.7
run_1789780384,rnd_task_010,robot_1,North,South,77.44,4,2,0.46,4,2,0.04,0.0,9,48,0.184,7,214.02,210.02,500.0,6,402.52
run_1789780384,rnd_task_011,robot_4,North,South,64.29,4,2,0.46,4,2,0.04,0.0,7,33,0.128,7,303.34,299.34,500.0,7,405.46
run_1789780384,rnd_task_012,robot_2,South,South,42.5,2,1,0.46,4,1,0.0,0.0,7,26,0.115,7,49.82,45.82,500.0,4,314.36
run_1789780384,rnd_task_013,robot_3,South,Central,83.19,4,2,0.46,4,2,0.0,0.18,6,32,0.127,7,146.18,142.18,500.0,5,377.2
run_1789780384,rnd_task_014,robot_1,North,South,6.05,1,2,0.46,4,2,0.04,0.09,6,30,0.113,18,299.66,295.66,500.0,7,406.98
run_1789780384,rnd_task_015,robot_2,Central,South,0.49,0,2,0.46,4,2,0.0,0.0,7,36,0.124,19,207.06,203.06,500.0,7,418.24
run_1789780384,rnd_task_016,robot_3,South,North,71.4,4,2,0.46,4,2,0.04,0.0,8,41,0.143,19,224.0,220.0,500.0,5,446.52
run_1789780384,rnd_task_017,robot_4,Central,North,23.83,2,0,0.46,4,2,0.1,0.0,2,13,0.076,14,167.14,163.14,500.0,3,261.98
run_1789780384,rnd_task_018,robot_4,North,North,4.48,2,0,0.46,4,1,0.0,0.18,5,28,0.248,3,30.52,26.52,500.0,4,161.58
run_1789780384,rnd_task_019,robot_1,South,South,10.42,2,0,0.46,4,1,0.0,0.18,6,30,0.189,3,78.14,74.14,500.0,4,222.34
run_1789780384,rnd_task_021,robot_3,North,South,64.04,4,2,0.46,4,2,0.08,0.0,7,30,0.242,3,125.02,121.02,500.0,1,198.58
run_1789778350,rnd_task_001,robot_4,South,North,0.51,0,2,0.46,4,2,0.04,0.11,4,23,0.111,33,225.36,221.36,500.0,3,306.74
run_1789778350,rnd_task_002,robot_3,Central,South,60.37,4,2,0.46,4,2,0.04,0.0,5,34,0.126,33,218.28,214.28,500.0,5,397.84
run_1789778350,rnd_task_003,robot_2,North,North,6.89,2,0,0.46,4,1,0.2,0.1,4,24,0.124,33,239.28,235.28,500.0,4,291.16
run_1789778350,rnd_task_004,robot_1,North,South,78.18,4,2,0.46,4,2,0.13,0.18,8,50,0.159,33,312.76,308.76,500.0,6,477.98
run_1789778350,rnd_task_005,robot_4,North,South,65.59,4,2,0.46,4,2,0.0,0.18,5,28,0.183,1,172.04,168.04,500.0,7,240.54
run_1789778350,rnd_task_006,robot_2,North,North,24.69,2,0,0.46,4,1,0.0,0.18,5,26,0.207,0,77.68,73.68,500.0,4,173.52
run_1789778350,rnd_task_007,robot_3,North,Central,0.99,0,2,0.46,4,2,0.01,0.46,11,65,0.207,2,210.26,206.26,500.0,8,482.14
run_1789778350,rnd_task_008,robot_2,North,South,60.02,4,2,0.46,4,2,0.0,0.18,12,55,0.206,1,267.26,263.26,500.0,7,428.22
run_1789778350,rnd_task_009,robot_1,South,South,11.72,2,0,0.46,4,1,0.03,0.46,6,25,0.169,0,51.18,47.18,500.0,4,201.06
run_1789778350,rnd_task_010,robot_4,South,Central,68.76,4,2,0.46,4,2,0.0,0.18,6,35,0.2,0,80.06,76.06,500.0,4,249.7
run_1789778350,rnd_task_011,robot_1,South,North,0.91,0,2,0.46,4,2,0.04,0.0,9,49,0.19,2,179.4,175.4,500.0,6,389.8
run_1789778350,rnd_task_012,robot_4,North,South,46.35,4,2,0.46,4,2,0.13,0.16,10,55,0.193,6,357.56,353.56,500.0,7,434.38
run_1789778350,rnd_task_013,robot_3,North,Central,83.07,4,2,0.46,4,2,0.01,0.46,8,37,0.181,5,158.96,154.96,500.0,5,298.68
run_1789778350,rnd_task_014,robot_2,South,North,55.23,4,2,0.46,4,2,0.21,0.08,12,60,0.199,13,229.46,225.46,500.0,6,461.82
run_1789778350,rnd_task_015,robot_1,Central,Central,105.23,4,2,0.46,4,1,0.01,0.0,8,40,0.21,12,112.74,108.74,500.0,5,276.76
run_1789778350,rnd_task_016,robot_3,North,North,16.78,2,0,0.46,4,1,0.21,0.02,8,42,0.24,11,115.8,111.8,500.0,6,258.0
run_1789778350,rnd_task_017,robot_4,South,South,0.67,0,1,0.46,4,1,0.0,0.18,3,16,0.17,6,30.98,26.98,500.0,3,129.08
run_1789778350,rnd_task_019,robot_2,Central,North,46.74,2,1,0.46,4,2,0.04,0.0,5,20,0.1,6,165.1,161.1,500.0,3,279.62
run_1789778350,rnd_task_020,robot_1,Central,Central,81.52,4,2,0.46,4,1,0.0,0.18,4,14,0.217,0,22.4,18.4,500.0,3,101.38
run_1789778350,rnd_task_021,robot_3,Central,Central,80.25,4,2,0.46,4,1,0.11,0.02,5,24,0.105,3,199.18,195.18,500.0,2,303.36
run_1789774032,rnd_task_001,robot_1,North,South,61.27,4,2,0.46,4,2,0.06,0.03,5,28,0.094,13,396.26,392.26,500.0,6,466.28
run_1789774032,rnd_task_002,robot_4,North,North,15.92,2,1,0.46,4,1,0.0,0.18,2,12,0.048,13,229.64,225.64,500.0,3,334.86
run_1789774032,rnd_task_003,robot_2,South,Central,0.49,0,2,0.46,4,2,0.04,0.01,3,17,0.056,13,169.94,165.94,500.0,4,393.82
run_1789774032,rnd_task_004,robot_3,North,South,6.01,1,2,0.46,4,2,0.03,0.1,4,22,0.084,12,277.08,273.08,500.0,5,402.52
run_1789774032,rnd_task_005,robot_4,South,South,41.52,2,1,0.46,4,1,0.0,0.0,7,40,0.129,7,239.72,235.72,500.0,8,463.82
run_1789774032,rnd_task_006,robot_2,South,North,64.38,4,2,0.46,4,2,0.0,0.18,4,19,0.102,2,174.58,170.58,500.0,5,275.22
run_1789774032,rnd_task_007,robot_3,Central,North,27.33,2,0,0.46,4,2,0.01,0.0,5,25,0.11,7,189.42,185.42,500.0,5,364.2
run_1789774032,rnd_task_008,robot_1,Central,North,40.86,2,1,0.46,4,2,0.07,0.16,5,29,0.114,7,220.04,216.04,500.0,6,384.4
run_1789774032,rnd_task_009,robot_2,North,South,57.94,4,2,0.46,4,2,0.12,0.08,7,40,0.164,11,230.98,226.98,500.0,7,378.98
run_1789774032,rnd_task_010,robot_3,North,North,26.03,2,1,0.46,4,1,0.02,0.46,7,30,0.174,6,117.9,113.9,500.0,5,252.58
run_1789774032,rnd_task_011,robot_4,North,Central,0.97,0,2,0.46,4,2,0.04,0.09,7,43,0.154,6,286.94,282.94,500.0,7,429.8
run_1789774032,rnd_task_012,robot_1,North,Central,6.0,1,2,0.46,4,2,0.02,0.0,6,37,0.142,6,144.9,140.9,500.0,6,379.8
run_1789774032,rnd_task_013,robot_3,North,North,0.85,0,1,0.46,4,1,0.0,0.0,3,8,0.079,0,35.5,31.5,500.0,4,127.02
run_1789774032,rnd_task_014,robot_2,North,Central,36.41,2,0,0.46,4,2,0.0,0.0,8,37,0.111,7,323.86,319.86,500.0,6,485.4
run_1789774032,rnd_task_015,robot_3,South,Central,0.49,0,2,0.46,4,2,0.09,0.0,10,58,0.149,19,359.4,355.4,500.0,7,590.74
run_1789774032,rnd_task_016,robot_4,North,South,60.29,4,2,0.46,4,2,0.12,0.13,10,51,0.16,19,385.96,381.96,500.0,5,511.04
run_1789774032,rnd_task_017,robot_1,North,Central,40.86,2,1,0.46,4,2,0.02,0.07,4,24,0.101,9,180.64,176.64,500.0,4,336.34
run_1789774032,rnd_task_018,robot_2,South,Central,83.93,4,2,0.46,4,2,0.21,0.0,6,31,0.165,12,120.58,116.58,500.0,5,279.44
run_1789774032,rnd_task_019,robot_1,North,North,11.19,2,0,0.46,4,1,0.0,0.0,6,28,0.235,9,112.94,108.94,500.0,3,170.46
run_1789774032,rnd_task_021,robot_1,Central,North,0.54,0,2,0.46,4,2,0.0,0.18,5,24,0.104,16,207.2,203.2,500.0,1,307.36
run_1789776290,rnd_task_001,robot_1,North,Central,46.23,2,1,0.46,4,2,0.26,0.09,3,16,0.05,11,340.88,336.88,500.0,3,484.0
run_1789776290,rnd_task_002,robot_4,North,South,0.85,0,2,0.46,4,2,0.05,0.09,6,34,0.077,12,472.76,468.76,500.0,6,651.98
run_1789776290,rnd_task_003,robot_3,North,North,24.06,2,1,0.46,4,1,0.15,0.03,4,21,0.063,11,375.04,371.04,500.0,5,509.92
run_1789776290,rnd_task_004,robot_2,North,Central,39.87,2,1,0.46,4,2,0.27,0.13,3,16,0.05,11,331.2,327.2,500.0,4,477.6
run_1789776290,rnd_task_005,robot_1,North,South,77.31,4,2,0.46,4,2,0.09,0.35,8,41,0.2,8,157.9,153.9,500.0,7,319.4
run_1789776290,rnd_task_006,robot_2,North,North,10.43,2,0,0.46,4,1,0.0,0.18,8,35,0.183,8,115.2,111.2,500.0,5,272.86
run_1789776290,rnd_task_007,robot_3,South,North,67.63,4,2,0.46,4,2,0.1,0.34,9,49,0.144,12,310.16,306.16,500.0,7,527.2
run_1789776290,rnd_task_008,robot_4,South,Central,79.34,4,2,0.46,4,2,0.0,0.18,5,26,0.144,7,119.56,115.56,500.0,5,263.0
run_1789776290,rnd_task_009,robot_2,North,North,0.67,0,1,0.46,4,1,0.1,0.12,9,43,0.119,18,282.02,278.02,500.0,8,537.44
run_1789776290,rnd_task_010,robot_1,North,North,24.58,2,1,0.46,4,1,0.19,0.14,7,31,0.118,11,202.82,198.82,500.0,6,390.82
run_1789776290,rnd_task_011,robot_4,Central,North,0.85,0,2,0.46,4,2,0.06,0.22,5,28,0.156,11,109.52,105.52,500.0,4,255.6
run_1789776290,rnd_task_012,robot_3,North,North,31.97,2,1,0.46,4,1,0.06,0.0,6,24,0.142,13,65.08,61.08,500.0,5,254.36
run_1789776290,rnd_task_013,robot_4,South,North,61.24,4,2,0.46,4,2,0.09,0.05,9,53,0.181,14,296.96,292.96,500.0,8,442.48
run_1789776290,rnd_task_014,robot_1,North,North,2.24,2,0,0.46,4,1,0.0,0.18,5,24,0.173,10,67.36,63.36,500.0,5,196.5
run_1789776290,rnd_task_015,robot_3,North,South,69.15,4,2,0.46,4,2,0.02,0.0,8,49,0.205,9,249.34,245.34,500.0,6,370.6
run_1789776290,rnd_task_016,robot_2,North,North,14.75,2,0,0.46,4,1,0.05,0.02,7,41,0.235,7,80.1,76.1,500.0,4,255.4
run_1789776290,rnd_task_017,robot_1,North,Central,49.67,2,1,0.46,4,2,0.05,0.04,6,49,0.183,11,215.12,211.12,500.0,6,404.18
run_1789776290,rnd_task_018,robot_2,Central,South,68.02,4,2,0.46,4,2,0.14,0.15,7,32,0.151,10,224.0,220.0,500.0,5,305.4
run_1789776290,rnd_task_019,robot_4,North,South,72.39,4,2,0.46,4,2,0.03,0.0,9,52,0.183,11,251.8,247.8,500.0,4,426.22
run_1789776290,rnd_task_020,robot_3,North,North,0.67,0,1,0.46,4,1,0.01,0.0,8,45,0.203,9,184.12,180.12,500.0,3,345.36
run_1789783393,rnd_task_001,robot_1,North,South,6.0,0,2,0.46,4,2,0.02,0.02,7,40,0.138,11,329.4,325.4,500.0,6,434.02
run_1789783393,rnd_task_002,robot_4,Central,North,26.72,2,0,0.46,4,2,0.04,0.04,5,29,0.128,10,184.48,180.48,500.0,4,328.82
run_1789783393,rnd_task_003,robot_2,North,South,78.12,4,2,0.46,4,2,0.09,0.05,5,29,0.143,10,226.9,222.9,500.0,3,307.88
run_1789783393,rnd_task_004,robot_3,Central,North,30.7,2,1,0.46,4,2,0.1,0.0,5,29,0.136,10,237.28,233.28,500.0,5,324.6
run_1789783393,rnd_task_005,robot_2,North,North,11.19,2,0,0.46,4,1,0.0,0.18,5,24,0.14,1,171.68,167.68,500.0,6,243.04
run_1789783393,rnd_task_006,robot_4,North,Central,46.96,2,1,0.46,4,2,0.09,0.01,5,30,0.146,1,91.0,87.0,500.0,7,302.22
run_1789783393,rnd_task_007,robot_3,North,Central,36.84,2,1,0.46,4,2,0.07,0.25,6,30,0.186,1,164.08,160.08,500.0,5,257.48
run_1789783393,rnd_task_008,robot_1,Central,Central,56.59,2,1,0.46,4,1,0.08,0.09,8,49,0.158,4,264.88,260.88,500.0,7,467.38
run_1789783393,rnd_task_009,robot_2,North,North,11.91,2,0,0.46,4,1,0.0,0.18,2,8,0.06,0,73.96,69.96,500.0,5,132.4
run_1789783393,rnd_task_010,robot_3,South,Central,51.96,2,1,0.46,4,2,0.07,0.09,8,47,0.172,6,187.62,183.62,500.0,7,408.06
run_1789783393,rnd_task_011,robot_4,North,Central,29.51,2,0,0.46,4,2,0.05,0.0,5,30,0.167,6,145.92,141.92,500.0,5,298.52
run_1789783393,rnd_task_012,robot_2,North,South,62.65,4,2,0.46,4,2,0.04,0.0,7,40,0.201,6,145.84,141.84,500.0,5,299.16
run_1789783393,rnd_task_013,robot_1,Central,South,34.9,2,0,0.46,4,2,0.02,0.26,3,17,0.199,2,55.22,51.22,500.0,4,110.8
run_1789783393,rnd_task_014,robot_4,North,Central,80.61,4,2,0.46,4,2,0.05,0.1,6,35,0.168,3,156.74,152.74,500.0,7,333.0
run_1789783393,rnd_task_015,robot_1,North,North,26.33,2,1,0.46,4,1,0.06,0.0,5,18,0.108,3,101.56,97.56,500.0,3,241.8
run_1789783393,rnd_task_016,robot_3,South,North,71.18,4,2,0.46,4,2,0.0,0.18,7,36,0.119,8,281.24,277.24,500.0,5,436.8
run_1789783393,rnd_task_017,robot_2,North,North,17.82,2,0,0.46,4,1,0.01,0.0,5,24,0.128,3,153.6,149.6,500.0,5,295.82
run_1789783393,rnd_task_018,robot_1,North,Central,26.72,2,0,0.46,4,2,0.03,0.2,6,24,0.153,5,95.56,91.56,500.0,4,221.74
run_1789783393,rnd_task_019,robot_4,Central,South,74.38,4,2,0.46,4,2,0.03,0.0,7,41,0.142,8,241.74,237.74,500.0,4,421.42
run_1789783393,rnd_task_022,robot_1,Central,South,36.07,2,1,0.46,4,2,0.0,0.18,5,23,0.134,3,126.24,122.24,500.0,1,254.24
run_1789779350,rnd_task_001,robot_1,South,North,6.0,0,2,0.46,4,2,0.13,0.0,4,22,0.092,33,228.08,224.08,500.0,4,368.6
run_1789779350,rnd_task_002,robot_4,North,North,6.0,0,0,0.46,4,1,0.12,0.0,4,22,0.091,33,312.28,308.28,500.0,4,374.76
run_1789779350,rnd_task_003,robot_2,Central,Central,0.85,0,0,0.46,4,1,0.08,0.0,2,11,0.047,27,160.0,156.0,500.0,3,256.88
run_1789779350,rnd_task_004,robot_3,North,South,66.35,4,2,0.46,4,2,0.04,0.08,7,40,0.103,38,466.4,462.4,500.0,6,619.4
run_1789779350,rnd_task_005,robot_2,South,North,86.08,4,2,0.46,4,2,0.04,0.0,7,47,0.144,10,233.68,229.68,500.0,7,486.48
run_1789779350,rnd_task_006,robot_1,North,South,73.75,4,2,0.46,4,2,0.04,0.0,5,24,0.115,8,182.54,178.54,500.0,4,312.6
run_1789779350,rnd_task_007,robot_4,South,South,6.0,0,0,0.46,4,1,0.03,0.46,6,36,0.134,9,269.78,265.78,500.0,5,386.78
run_1789779350,rnd_task_008,robot_3,North,Central,47.28,2,1,0.46,4,2,0.0,0.0,8,38,0.157,5,173.02,169.02,500.0,7,369.24
run_1789779350,rnd_task_009,robot_1,North,North,0.67,0,0,0.46,4,1,0.04,0.0,6,30,0.158,4,169.86,165.86,500.0,5,266.42
run_1789779350,rnd_task_010,robot_2,South,North,64.83,4,2,0.46,4,2,0.02,0.21,9,55,0.145,11,380.02,376.02,500.0,8,580.58
run_1789779350,rnd_task_011,robot_4,North,South,6.0,0,2,0.46,4,2,0.0,0.01,9,48,0.156,10,356.58,352.58,500.0,6,462.58
run_1789779350,rnd_task_012,robot_1,Central,Central,91.85,4,2,0.46,4,1,0.04,0.0,4,20,0.146,6,99.74,95.74,500.0,4,191.52
run_1789779350,rnd_task_013,robot_3,North,North,6.0,1,1,0.46,4,1,0.07,0.0,4,22,0.153,6,142.04,138.04,500.0,4,222.4
run_1789779350,rnd_task_014,robot_1,North,South,62.79,4,2,0.46,4,2,0.0,0.18,6,34,0.165,1,225.36,221.36,500.0,6,327.46
run_1789779350,rnd_task_015,robot_3,South,North,64.29,4,2,0.46,4,2,0.02,0.0,6,31,0.112,5,283.22,279.22,500.0,5,410.78
run_1789779350,rnd_task_016,robot_4,North,Central,60.35,2,1,0.46,4,2,0.05,0.26,10,60,0.151,6,269.16,265.16,500.0,7,608.64
run_1789779350,rnd_task_017,robot_2,North,South,58.57,4,2,0.46,4,2,0.05,0.0,5,29,0.124,4,202.66,198.66,500.0,5,323.0
run_1789779350,rnd_task_018,robot_1,North,North,9.14,2,0,0.46,4,1,0.0,0.18,4,20,0.119,5,164.34,160.34,500.0,4,235.64
run_1789779350,rnd_task_019,robot_3,South,South,29.01,2,0,0.46,4,1,0.05,0.44,6,30,0.181,3,155.24,151.24,500.0,4,242.66
run_1789779350,rnd_task_021,robot_1,North,South,62.03,4,2,0.46,4,2,0.06,0.0,5,28,0.171,2,159.14,155.14,500.0,2,256.56
run_1789784317,rnd_task_001,robot_4,Central,North,37.82,2,1,0.46,4,2,0.14,0.0,4,22,0.104,7,216.76,212.76,500.0,3,328.22
run_1789784317,rnd_task_002,robot_3,North,North,0.67,0,1,0.46,4,1,0.28,0.07,6,33,0.127,7,275.44,271.44,500.0,4,378.88
run_1789784317,rnd_task_003,robot_2,North,North,0.85,0,0,0.46,4,1,0.23,0.06,7,40,0.147,7,285.38,281.38,500.0,6,408.0
run_1789784317,rnd_task_004,robot_1,South,Central,90.97,4,2,0.46,4,2,0.05,0.0,6,34,0.135,7,137.8,133.8,500.0,5,369.4
run_1789784317,rnd_task_005,robot_4,North,North,44.48,2,1,0.46,4,1,0.03,0.03,7,36,0.224,6,94.82,90.82,500.0,6,231.78
run_1789784317,rnd_task_006,robot_3,South,North,0.49,0,2,0.46,4,2,0.0,0.46,10,60,0.183,18,407.7,403.7,500.0,7,503.0
run_1789784317,rnd_task_007,robot_1,North,South,59.05,4,2,0.46,4,2,0.04,0.18,12,77,0.191,18,426.38,422.38,500.0,8,629.4
run_1789784317,rnd_task_008,robot_2,North,North,29.68,2,1,0.46,4,1,0.0,0.18,4,14,0.117,9,51.1,47.1,500.0,4,170.34
run_1789784317,rnd_task_009,robot_4,North,South,46.84,4,2,0.46,4,2,0.0,0.18,6,35,0.158,9,196.1,192.1,500.0,4,316.6
run_1789784317,rnd_task_010,robot_2,Central,North,0.91,0,2,0.46,4,2,0.05,0.19,9,52,0.189,9,149.54,145.54,500.0,5,412.18
run_1789784317,rnd_task_011,robot_4,Central,South,63.2,2,1,0.46,4,2,0.02,0.0,8,42,0.203,2,122.4,118.4,500.0,5,305.98
run_1789784317,rnd_task_012,robot_3,Central,North,40.64,2,1,0.46,4,2,0.02,0.46,11,61,0.217,3,201.78,197.78,500.0,7,441.62
run_1789784317,rnd_task_013,robot_2,North,North,0.85,0,1,0.46,4,1,0.0,0.0,9,44,0.209,3,113.28,109.28,500.0,5,316.0
run_1789784317,rnd_task_014,robot_1,South,Central,65.74,4,2,0.46,4,2,0.0,0.18,8,37,0.205,2,129.5,125.5,500.0,4,263.06
run_1789784317,rnd_task_015,robot_4,Central,North,28.27,2,0,0.46,4,2,0.0,0.18,7,42,0.199,2,198.94,194.94,500.0,6,310.86
run_1789784317,rnd_task_016,robot_1,North,Central,68.02,4,2,0.46,4,2,0.14,0.09,8,55,0.231,4,232.98,228.98,500.0,7,363.04
run_1789784317,rnd_task_017,robot_3,North,Central,23.95,2,0,0.46,4,2,0.15,0.15,5,29,0.209,1,108.76,104.76,500.0,4,201.4
run_1789784317,rnd_task_018,robot_2,North,North,0.85,0,0,0.46,4,1,0.0,0.18,6,35,0.223,2,85.66,81.66,500.0,5,224.02
run_1789784317,rnd_task_019,robot_4,North,South,0.88,0,2,0.46,4,2,0.11,0.18,5,25,0.138,4,156.96,152.96,500.0,4,261.16
run_1789784317,rnd_task_020,robot_3,Central,South,50.07,2,1,0.46,4,2,0.36,0.15,7,37,0.171,6,147.42,143.42,500.0,3,339.6
run_1789773022,rnd_task_001,robot_4,South,North,66.13,4,2,0.46,4,2,0.06,0.02,6,36,0.157,26,228.06,224.06,500.0,5,356.6
run_1789773022,rnd_task_002,robot_3,North,North,32.25,2,1,0.46,4,1,0.33,0.11,7,41,0.175,26,225.66,221.66,500.0,6,365.6
run_1789773022,rnd_task_003,robot_2,South,Central,74.15,4,2,0.46,4,2,0.45,0.17,6,35,0.192,26,147.1,143.1,500.0,4,270.78
run_1789773022,rnd_task_004,robot_1,South,South,6.72,2,0,0.46,4,1,0.15,0.0,5,27,0.201,26,84.26,80.26,500.0,3,188.94
run_1789773022,rnd_task_005,robot_1,North,North,27.08,2,1,0.46,4,1,0.0,0.0,6,27,0.106,2,218.56,214.56,500.0,7,378.4
run_1789773022,rnd_task_006,robot_2,North,North,8.95,2,0,0.46,4,1,0.0,0.18,3,18,0.105,0,107.98,103.98,500.0,5,209.76
run_1789773022,rnd_task_007,robot_4,South,South,18.82,2,0,0.46,4,1,0.05,0.0,8,52,0.178,4,307.66,303.66,500.0,6,449.4
run_1789773022,rnd_task_008,robot_3,South,North,65.59,4,2,0.46,4,2,0.03,0.0,9,55,0.159,7,402.18,398.18,500.0,8,553.44
run_1789773022,rnd_task_009,robot_2,North,South,57.17,4,2,0.46,4,2,0.01,0.23,7,40,0.182,4,196.44,192.44,500.0,5,318.5
run_1789773022,rnd_task_010,robot_1,North,North,22.54,2,1,0.46,4,1,0.0,0.18,7,34,0.218,1,148.62,144.62,500.0,4,229.5
run_1789773022,rnd_task_011,robot_4,North,South,67.93,4,2,0.46,4,2,0.03,0.02,7,33,0.103,11,347.68,343.68,500.0,8,483.72
run_1789773022,rnd_task_012,robot_1,Central,North,65.99,4,2,0.46,4,2,0.01,0.46,6,31,0.125,7,193.9,189.9,500.0,5,352.44
run_1789773022,rnd_task_013,robot_2,Central,Central,84.99,4,2,0.46,4,1,0.01,0.0,6,30,0.147,7,141.2,137.2,500.0,4,299.26
run_1789773022,rnd_task_014,robot_3,North,South,77.44,4,2,0.46,4,2,0.02,0.38,9,51,0.149,11,292.86,288.86,500.0,6,523.28
run_1789773022,rnd_task_015,robot_2,North,South,60.85,4,2,0.46,4,2,0.02,0.07,7,31,0.102,15,353.26,349.26,500.0,6,450.94
run_1789773022,rnd_task_016,robot_1,South,North,54.24,4,2,0.46,4,2,0.01,0.0,5,36,0.094,15,347.82,343.82,500.0,6,550.36
run_1789773022,rnd_task_017,robot_4,North,North,30.73,2,1,0.46,4,1,0.06,0.0,5,29,0.15,11,178.18,174.18,500.0,4,293.0
run_1789773022,rnd_task_018,robot_3,North,South,73.24,4,2,0.46,4,2,0.04,0.02,8,37,0.12,12,324.28,320.28,500.0,5,482.96
run_1789773022,rnd_task_020,robot_2,North,Central,27.15,2,0,0.46,4,2,0.09,0.05,5,30,0.127,5,242.58,238.58,500.0,3,346.36
run_1789773022,rnd_task_021,robot_1,North,North,18.47,2,1,0.46,4,1,0.0,0.15,4,24,0.148,5,104.7,100.7,500.0,2,229.82
run_1789775087,rnd_task_001,robot_1,North,South,0.99,0,2,0.46,4,2,0.03,0.0,6,40,0.124,21,388.98,384.98,500.0,5,484.0
run_1789775087,rnd_task_002,robot_2,Central,North,6.0,0,2,0.46,4,2,0.03,0.0,6,38,0.133,18,246.94,242.94,500.0,3,420.7
run_1789775087,rnd_task_003,robot_3,South,North,6.0,0,2,0.46,4,2,0.06,0.0,6,39,0.138,16,200.6,196.6,500.0,3,420.76
run_1789775087,rnd_task_004,robot_4,North,South,88.12,4,2,0.46,4,2,0.03,0.06,9,58,0.132,31,429.92,425.92,500.0,6,683.52
run_1789775087,rnd_task_005,robot_2,South,North,0.48,0,2,0.46,4,2,0.04,0.0,7,33,0.115,27,326.4,322.4,500.0,7,433.2
run_1789775087,rnd_task_006,robot_3,North,Central,63.2,2,1,0.46,4,2,0.0,0.18,7,31,0.135,22,100.48,96.48,500.0,6,326.98
run_1789775087,rnd_task_007,robot_1,North,North,27.79,2,0,0.46,4,1,0.1,0.0,6,29,0.175,18,179.12,175.12,500.0,4,251.6
run_1789775087,rnd_task_008,robot_4,North,South,85.83,4,2,0.46,4,2,0.01,0.0,10,73,0.138,29,551.92,547.92,500.0,9,825.06
run_1789775087,rnd_task_009,robot_1,South,North,49.13,4,2,0.46,4,2,0.1,0.0,7,42,0.126,25,328.9,324.9,500.0,6,491.68
run_1789775087,rnd_task_010,robot_3,North,South,52.21,4,2,0.46,4,2,0.14,0.05,8,41,0.145,25,313.48,309.48,500.0,4,413.78
run_1789775087,rnd_task_011,robot_2,Central,South,6.0,0,2,0.46,4,2,0.12,0.02,7,39,0.155,20,205.58,201.58,500.0,5,375.18
run_1789775087,rnd_task_012,robot_3,South,North,6.0,1,2,0.46,4,2,0.0,0.18,6,38,0.097,8,410.46,406.46,500.0,7,575.44
run_1789775087,rnd_task_013,robot_1,Central,North,24.44,2,0,0.46,4,2,0.0,0.18,4,25,0.102,4,135.66,131.66,500.0,5,334.76
run_1789775087,rnd_task_014,robot_2,North,South,66.35,4,2,0.46,4,2,0.05,0.2,8,49,0.13,12,391.0,387.0,500.0,6,600.4
run_1789775087,rnd_task_015,robot_4,South,North,74.42,4,2,0.46,4,2,0.06,0.0,7,47,0.141,12,252.36,248.36,500.0,7,497.12
run_1789775087,rnd_task_016,robot_1,Central,North,6.0,0,2,0.46,4,2,0.0,0.18,5,24,0.119,9,148.36,144.36,500.0,5,303.5
run_1789775087,rnd_task_017,robot_3,Central,North,26.07,2,0,0.46,4,2,0.02,0.15,6,34,0.174,9,175.3,171.3,500.0,5,276.22
run_1789775087,rnd_task_018,robot_2,South,South,47.64,2,1,0.46,4,1,0.0,0.18,7,37,0.154,9,157.02,153.02,500.0,4,350.84
run_1789775087,rnd_task_019,robot_1,North,North,28.7,2,1,0.46,4,1,0.08,0.05,8,42,0.18,9,183.42,179.42,500.0,3,355.2
run_1789775087,rnd_task_023,robot_1,North,North,9.13,2,0,0.46,4,1,0.03,0.0,4,13,0.124,2,66.26,62.26,500.0,0,161.6
run_1789772030,rnd_task_001,robot_1,South,North,71.7,4,2,0.46,4,2,0.08,0.23,5,29,0.142,12,181.42,177.42,500.0,4,309.8
run_1789772030,rnd_task_002,robot_4,Central,North,34.25,2,1,0.46,4,2,0.14,0.02,6,34,0.156,12,221.68,217.68,500.0,6,346.02
run_1789772030,rnd_task_003,robot_2,South,South,4.8,2,0,0.46,4,1,0.4,0.02,4,18,0.122,12,86.58,82.58,500.0,3,196.94
run_1789772030,rnd_task_004,robot_3,South,South,50.15,2,1,0.46,4,1,0.04,0.46,6,29,0.132,12,85.74,81.74,500.0,5,317.02
run_1789772030,rnd_task_005,robot_2,North,North,14.74,2,0,0.46,4,1,0.0,0.18,5,30,0.113,8,208.52,204.52,500.0,6,373.04
run_1789772030,rnd_task_006,robot_1,Central,Central,96.59,4,2,0.46,4,1,0.2,0.0,7,40,0.162,14,237.14,233.14,500.0,6,371.2
run_1789772030,rnd_task_007,robot_3,North,South,62.65,4,2,0.46,4,2,0.25,0.01,8,53,0.15,18,403.56,399.56,500.0,7,532.54
run_1789772030,rnd_task_008,robot_4,South,South,43.06,2,1,0.46,4,1,0.01,0.0,7,48,0.151,18,227.7,223.7,500.0,5,476.86
run_1789772030,rnd_task_009,robot_2,South,North,75.47,4,2,0.46,4,2,0.15,0.07,10,59,0.153,23,286.38,282.38,500.0,8,601.96
run_1789772030,rnd_task_010,robot_1,North,Central,70.73,4,2,0.46,4,2,0.1,0.09,6,27,0.124,8,222.42,218.42,500.0,5,323.64
run_1789772030,rnd_task_011,robot_4,South,South,0.99,0,1,0.46,4,1,0.03,0.46,6,30,0.131,14,168.54,164.54,500.0,6,351.04
run_1789772030,rnd_task_012,robot_3,Central,Central,84.99,4,2,0.46,4,1,0.03,0.0,4,14,0.111,7,93.5,89.5,500.0,4,180.42
run_1789772030,rnd_task_013,robot_1,South,North,66.6,4,2,0.46,4,2,0.03,0.0,7,38,0.136,18,248.64,244.64,500.0,7,426.44
run_1789772030,rnd_task_014,robot_3,North,North,17.74,2,1,0.46,4,1,0.23,0.06,4,24,0.142,11,152.86,148.86,500.0,5,240.22
run_1789772030,rnd_task_015,robot_2,North,North,36.46,2,1,0.46,4,1,0.02,0.14,7,30,0.137,8,165.94,161.94,500.0,5,321.54
run_1789772030,rnd_task_016,robot_4,North,North,0.49,0,1,0.46,4,1,0.02,0.31,8,42,0.156,9,242.02,238.02,500.0,6,398.54
run_1789772030,rnd_task_017,robot_3,Central,North,40.64,2,1,0.46,4,2,0.15,0.14,6,31,0.127,8,213.46,209.46,500.0,6,376.72
run_1789772030,rnd_task_018,robot_1,Central,Central,46.26,2,1,0.46,4,1,0.1,0.02,5,19,0.141,3,119.54,115.54,500.0,4,198.56
run_1789772030,rnd_task_019,robot_2,Central,North,68.76,4,2,0.46,4,2,0.09,0.16,6,42,0.151,10,256.44,252.44,500.0,4,411.16
run_1789772030,rnd_task_021,robot_1,North,Central,42.71,2,0,0.46,4,2,0.07,0.0,3,11,0.107,3,76.18,72.18,500.0,2,148.92
run_1789782380,rnd_task_001,robot_4,South,North,74.17,4,2,0.46,4,2,0.06,0.0,5,29,0.113,18,231.22,227.22,500.0,3,370.7
run_1789782380,rnd_task_002,robot_3,North,Central,0.97,0,2,0.46,4,2,0.09,0.04,5,30,0.095,25,339.26,335.26,500.0,6,483.58
run_1789782380,rnd_task_003,robot_1,North,Central,0.96,0,2,0.46,4,2,0.01,0.0,5,30,0.109,21,358.08,354.08,500.0,4,420.28
run_1789782380,rnd_task_004,robot_2,North,Central,42.64,2,1,0.46,4,2,0.04,0.16,5,30,0.103,22,261.72,257.72,500.0,5,444.74
run_1789782380,rnd_task_005,robot_4,Central,North,64.69,4,2,0.46,4,2,0.06,0.14,5,28,0.128,13,209.92,205.92,500.0,6,295.78
run_1789782380,rnd_task_006,robot_1,Central,South,0.67,0,2,0.46,4,2,0.01,0.0,6,41,0.147,15,254.48,250.48,500.0,8,421.76
run_1789782380,rnd_task_007,robot_2,South,South,0.99,0,1,0.46,4,1,0.14,0.19,5,28,0.179,8,131.06,127.06,500.0,5,245.8
run_1789782380,rnd_task_008,robot_3,South,North,42.77,4,2,0.46,4,2,0.06,0.3,7,47,0.151,11,315.96,311.96,500.0,7,477.32
run_1789782380,rnd_task_009,robot_4,North,North,11.97,2,0,0.46,4,1,0.0,0.18,3,13,0.128,3,46.56,42.56,500.0,4,140.44
run_1789782380,rnd_task_010,robot_2,South,North,73.38,4,2,0.46,4,2,0.08,0.13,4,21,0.092,4,180.56,176.56,500.0,6,348.54
run_1789782380,rnd_task_011,robot_4,South,South,43.8,2,1,0.46,4,1,0.03,0.0,7,37,0.117,5,217.9,213.9,500.0,7,463.2
run_1789782380,rnd_task_012,robot_1,North,South,54.18,4,2,0.46,4,2,0.03,0.0,7,41,0.131,7,357.94,353.94,500.0,7,489.4
run_1789782380,rnd_task_013,robot_3,North,North,33.95,2,1,0.46,4,1,0.0,0.18,4,23,0.145,0,76.7,72.7,500.0,4,234.48
run_1789782380,rnd_task_014,robot_2,Central,North,57.33,2,1,0.46,4,2,0.04,0.19,6,41,0.146,8,198.82,194.82,500.0,7,411.6
run_1789782380,rnd_task_015,robot_3,Central,South,73.38,4,2,0.46,4,2,0.02,0.0,4,24,0.146,8,128.6,124.6,500.0,5,260.44
run_1789782380,rnd_task_016,robot_4,South,Central,82.16,4,2,0.46,4,2,0.0,0.18,5,36,0.115,6,210.32,206.32,500.0,6,471.56
run_1789782380,rnd_task_017,robot_1,North,South,89.92,4,2,0.46,4,2,0.0,0.0,7,41,0.121,5,245.02,241.02,500.0,6,497.3
run_1789782380,rnd_task_018,robot_3,South,South,6.0,0,1,0.46,4,1,0.0,0.18,6,24,0.103,2,94.44,90.44,500.0,5,329.52
run_1789782380,rnd_task_019,robot_2,Central,North,66.41,4,2,0.46,4,2,0.0,0.46,6,35,0.138,3,242.74,238.74,500.0,4,390.4
run_1789782380,rnd_task_020,robot_4,North,North,30.21,2,1,0.46,4,1,0.0,0.18,5,24,0.185,5,84.82,80.82,500.0,3,194.54
run_1789777313,rnd_task_001,robot_1,Central,South,50.83,2,1,0.46,4,2,0.03,0.0,5,29,0.127,13,155.14,151.14,500.0,4,331.0
run_1789777313,rnd_task_002,robot_4,North,North,0.89,0,1,0.46,4,1,0.18,0.0,5,29,0.135,13,231.46,227.46,500.0,4,326.6
run_1789777313,rnd_task_003,robot_3,North,South,64.83,4,2,0.46,4,2,0.15,0.11,8,46,0.143,15,412.76,408.76,500.0,6,517.52
run_1789777313,rnd_task_004,robot_2,South,South,20.85,2,0,0.46,4,1,0.05,0.02,3,17,0.098,11,110.86,106.86,500.0,3,223.6
run_1789777313,rnd_task_005,robot_2,Central,North,65.22,4,2,0.46,4,2,0.02,0.0,6,36,0.159,9,226.34,222.34,500.0,6,364.54
run_1789777313,rnd_task_006,robot_1,South,South,5.97,1,0,0.46,4,1,0.01,0.46,4,24,0.116,8,167.9,163.9,500.0,4,277.0
run_1789777313,rnd_task_007,robot_4,North,Central,97.08,4,2,0.46,4,2,0.0,0.18,6,30,0.12,8,182.88,178.88,500.0,6,365.34
run_1789777313,rnd_task_008,robot_3,North,South,6.0,0,2,0.46,4,2,0.0,0.15,9,48,0.16,9,272.2,268.2,500.0,7,451.1
run_1789777313,rnd_task_009,robot_2,North,South,6.0,0,2,0.46,4,2,0.0,0.0,10,53,0.156,3,258.74,254.74,500.0,6,527.18
run_1789777313,rnd_task_010,robot_1,North,South,0.91,0,2,0.46,4,2,0.02,0.05,6,35,0.171,3,164.38,160.38,500.0,4,291.96
run_1789777313,rnd_task_011,robot_4,North,Central,85.35,4,2,0.46,4,2,0.09,0.11,9,54,0.159,7,283.46,279.46,500.0,6,514.18
run_1789777313,rnd_task_012,robot_1,North,Central,37.82,2,1,0.46,4,2,0.0,0.18,7,36,0.146,4,179.62,175.62,500.0,6,370.1
run_1789777313,rnd_task_013,robot_3,North,South,47.09,4,2,0.46,4,2,0.07,0.0,9,52,0.142,15,364.7,360.7,500.0,7,549.24
run_1789777313,rnd_task_014,robot_2,Central,South,6.0,0,2,0.46,4,2,0.0,0.18,7,35,0.132,14,188.1,184.1,500.0,5,380.06
run_1789777313,rnd_task_015,robot_4,North,South,6.0,0,2,0.46,4,2,0.07,0.12,9,53,0.12,18,404.48,400.48,500.0,7,668.32
run_1789777313,rnd_task_016,robot_1,Central,North,81.89,4,2,0.46,4,2,0.04,0.37,6,24,0.131,11,153.34,149.34,500.0,5,290.2
run_1789777313,rnd_task_017,robot_2,Central,South,61.4,2,1,0.46,4,2,0.02,0.4,8,38,0.124,7,221.84,217.84,500.0,6,450.6
run_1789777313,rnd_task_018,robot_3,North,North,0.54,0,0,0.46,4,1,0.13,0.0,6,24,0.1,7,207.84,203.84,500.0,5,360.76
run_1789777313,rnd_task_019,robot_1,North,North,36.54,2,1,0.46,4,1,0.0,0.18,4,18,0.088,7,95.66,91.66,500.0,3,296.58
run_1789777313,rnd_task_020,robot_4,South,Central,0.54,0,2,0.46,4,2,0.0,0.18,4,14,0.144,0,61.08,57.08,500.0,2,125.36
run_1789781362,rnd_task_001,robot_1,North,North,6.72,2,0,0.46,4,1,0.03,0.02,1,6,0.037,11,221.64,217.64,500.0,3,270.24
run_1789781362,rnd_task_002,robot_2,South,North,79.48,4,2,0.46,4,2,0.07,0.02,4,22,0.071,11,264.06,260.06,500.0,4,420.14
run_1789781362,rnd_task_003,robot_4,North,South,69.15,4,2,0.46,4,2,0.08,0.02,4,22,0.074,10,324.18,320.18,500.0,5,462.54
run_1789781362,rnd_task_004,robot_3,North,North,34.55,2,1,0.46,4,1,0.0,0.34,6,39,0.113,11,327.06,323.06,500.0,7,514.6
run_1789781362,rnd_task_005,robot_1,South,Central,64.69,4,2,0.46,4,2,0.0,0.18,7,36,0.144,7,253.52,249.52,500.0,7,375.08
run_1789781362,rnd_task_006,robot_2,North,North,19.87,2,0,0.46,4,1,0.0,0.18,1,5,0.136,0,15.38,11.38,500.0,4,58.8
run_1789781362,rnd_task_007,robot_4,South,North,74.11,4,2,0.46,4,2,0.05,0.03,9,48,0.206,13,183.08,179.08,500.0,6,349.2
run_1789781362,rnd_task_008,robot_2,South,North,6.17,1,2,0.46,4,2,0.07,0.17,12,61,0.17,19,403.5,399.5,500.0,8,552.0
run_1789781362,rnd_task_009,robot_3,North,Central,57.08,2,1,0.46,4,2,0.04,0.08,10,49,0.151,17,254.2,250.2,500.0,6,488.54
run_1789781362,rnd_task_010,robot_1,South,North,0.58,0,2,0.46,4,2,0.11,0.22,7,40,0.179,11,202.74,198.74,500.0,4,324.34
run_1789781362,rnd_task_011,robot_4,North,North,32.98,2,1,0.46,4,1,0.0,0.18,4,29,0.147,6,174.34,170.34,500.0,6,271.36
run_1789781362,rnd_task_012,robot_1,South,South,37.2,2,1,0.46,4,1,0.0,0.18,10,47,0.202,4,191.64,187.64,500.0,7,347.38
run_1789781362,rnd_task_013,robot_3,Central,Central,73.9,4,2,0.46,4,1,0.0,0.18,6,35,0.192,4,118.82,114.82,500.0,5,261.04
run_1789781362,rnd_task_014,robot_2,North,North,25.08,2,1,0.46,4,1,0.05,0.25,8,41,0.221,4,145.16,141.16,500.0,6,289.14
run_1789781362,rnd_task_015,robot_4,Central,Central,0.85,0,1,0.46,4,1,0.0,0.18,7,35,0.233,4,110.06,106.06,500.0,5,231.62
run_1789781362,rnd_task_016,robot_3,North,North,6.0,0,1,0.46,4,1,0.0,0.18,6,30,0.189,2,121.46,117.46,500.0,6,243.9
run_1789781362,rnd_task_017,robot_1,South,North,54.59,4,2,0.46,4,2,0.03,0.24,7,32,0.107,4,217.0,213.0,500.0,5,428.38
run_1789781362,rnd_task_018,robot_4,South,North,87.39,4,2,0.46,4,2,0.02,0.01,11,55,0.146,8,347.84,343.84,500.0,4,577.26
run_1789781362,rnd_task_019,robot_2,North,South,47.9,4,2,0.46,4,2,0.0,0.18,9,43,0.139,4,265.92,261.92,500.0,4,459.24
run_1789781362,rnd_task_021,robot_1,Central,Central,48.3,2,1,0.46,4,1,0.07,0.08,4,24,0.157,5,123.26,119.26,500.0,2,216.2
run_1789758431,rnd_task_001,robot_1,North,Central,46.23,2,1,0.46,4,2,0.15,0.05,3,16,0.049,55,352.3,348.3,500.0,4,491.64
run_1789758431,rnd_task_002,robot_4,North,South,6.01,0,2,0.46,4,2,0.15,0.05,6,34,0.078,60,461.4,457.4,500.0,6,640.68
run_1789758431,rnd_task_003,robot_3,North,North,24.06,2,1,0.46,4,1,0.34,0.04,4,22,0.067,54,371.38,367.38,500.0,5,507.46
run_1789758431,rnd_task_004,robot_2,North,Central,39.87,2,1,0.46,4,2,0.35,0.09,3,16,0.054,53,308.88,304.88,500.0,3,445.28
run_1789758431,rnd_task_005,robot_2,North,South,0.49,0,2,0.46,4,2,0.02,0.32,8,41,0.201,10,168.62,164.62,500.0,7,317.96
run_1789758431,rnd_task_006,robot_1,North,North,10.43,2,0,0.46,4,1,0.02,0.15,8,40,0.21,10,103.84,99.84,500.0,5,276.44
run_1789758431,rnd_task_007,robot_3,South,North,67.63,4,2,0.46,4,2,0.03,0.27,10,54,0.159,14,318.84,314.84,500.0,7,529.94
run_1789758431,rnd_task_008,robot_4,South,Central,79.34,4,2,0.46,4,2,0.0,0.18,5,26,0.143,5,117.7,113.7,500.0,5,265.5
run_1789758431,rnd_task_009,robot_1,North,North,42.81,2,1,0.46,4,1,0.05,0.0,10,44,0.126,14,268.02,264.02,500.0,8,524.12
run_1789758431,rnd_task_010,robot_2,North,North,24.58,2,1,0.46,4,1,0.12,0.23,7,32,0.12,7,208.18,204.18,500.0,6,399.52
run_1789758431,rnd_task_011,robot_4,Central,North,43.07,2,1,0.46,4,2,0.07,0.13,5,28,0.16,6,115.18,111.18,500.0,4,250.36
run_1789758431,rnd_task_012,robot_3,North,North,31.97,2,1,0.46,4,1,0.04,0.46,6,24,0.152,10,53.44,49.44,500.0,5,236.76
run_1789758431,rnd_task_013,robot_4,South,North,61.24,4,2,0.46,4,2,0.06,0.0,9,55,0.173,16,349.9,345.9,500.0,8,486.88
run_1789758431,rnd_task_014,robot_2,North,North,2.24,2,0,0.46,4,1,0.22,0.04,7,34,0.248,9,83.8,79.8,500.0,5,201.4
run_1789758431,rnd_task_015,robot_3,North,South,69.15,4,2,0.46,4,2,0.13,0.06,9,54,0.206,9,296.52,292.52,500.0,6,408.62
run_1789758431,rnd_task_016,robot_1,North,North,14.75,2,0,0.46,4,1,0.05,0.2,6,36,0.214,7,75.72,71.72,500.0,4,243.24
run_1789758431,rnd_task_017,robot_2,North,Central,49.67,2,1,0.46,4,2,0.0,0.0,6,43,0.173,8,182.76,178.76,500.0,6,370.88
run_1789758431,rnd_task_018,robot_1,Central,South,0.67,0,2,0.46,4,2,0.0,0.4,7,37,0.182,3,214.38,210.38,500.0,5,296.6
run_1789758431,rnd_task_019,robot_4,North,South,0.85,0,2,0.46,4,2,0.03,0.0,9,52,0.185,5,243.98,239.98,500.0,4,420.6
run_1789758431,rnd_task_020,robot_3,North,North,30.95,2,1,0.46,4,1,0.0,0.18,7,40,0.189,4,166.88,162.88,500.0,3,327.6
run_1789754348,rnd_task_001,robot_1,South,North,71.7,4,2,0.46,4,2,0.1,0.11,5,29,0.14,15,184.46,180.46,500.0,4,314.98
run_1789754348,rnd_task_002,robot_4,Central,North,34.25,2,1,0.46,4,2,0.14,0.03,6,34,0.153,15,222.46,218.46,500.0,5,353.06
run_1789754348,rnd_task_003,robot_2,South,South,0.67,0,0,0.46,4,1,0.3,0.01,4,18,0.12,15,87.98,83.98,500.0,3,200.08
run_1789754348,rnd_task_004,robot_3,South,South,50.15,2,1,0.46,4,1,0.01,0.46,6,29,0.123,14,103.7,99.7,500.0,5,342.62
run_1789754348,rnd_task_005,robot_2,North,North,14.74,2,0,0.46,4,1,0.03,0.13,9,58,0.192,13,291.06,287.06,500.0,8,459.4
run_1789754348,rnd_task_006,robot_1,Central,Central,0.85,0,1,0.46,4,1,0.18,0.0,6,34,0.19,11,141.72,137.72,500.0,5,263.28
run_1789754348,rnd_task_007,robot_4,North,South,62.65,4,2,0.46,4,2,0.15,0.18,7,42,0.228,13,168.38,164.38,500.0,4,272.42
run_1789754348,rnd_task_008,robot_3,South,South,43.06,2,1,0.46,4,1,0.0,0.18,8,47,0.203,13,58.64,54.64,500.0,6,345.06
run_1789754348,rnd_task_009,robot_1,South,North,0.96,0,2,0.46,4,2,0.1,0.0,8,44,0.133,15,215.78,211.78,500.0,8,510.6
run_1789754348,rnd_task_010,robot_4,North,Central,70.73,4,2,0.46,4,2,0.06,0.01,5,31,0.096,15,374.54,370.54,500.0,8,477.84
run_1789754348,rnd_task_011,robot_2,South,South,35.05,2,1,0.46,4,1,0.0,0.18,6,26,0.101,13,206.34,202.34,500.0,5,396.0
run_1789754348,rnd_task_012,robot_3,Central,Central,84.99,4,2,0.46,4,1,0.06,0.0,4,20,0.102,11,175.4,171.4,500.0,3,293.6
run_1789754348,rnd_task_013,robot_3,South,North,66.6,4,2,0.46,4,2,0.0,0.18,7,37,0.125,4,252.7,248.7,500.0,7,446.46
run_1789754348,rnd_task_014,robot_2,North,North,17.74,2,1,0.46,4,1,0.0,0.23,6,37,0.13,4,244.46,240.46,500.0,7,430.94
run_1789754348,rnd_task_015,robot_1,North,North,36.46,2,1,0.46,4,1,0.01,0.31,7,34,0.148,2,181.22,177.22,500.0,4,337.48
run_1789754348,rnd_task_016,robot_4,North,North,29.15,2,1,0.46,4,1,0.0,0.46,7,29,0.142,1,177.24,173.24,500.0,3,296.26
run_1789754348,rnd_task_018,robot_1,Central,Central,46.26,2,1,0.46,4,1,0.0,0.18,4,20,0.136,2,134.88,130.88,500.0,4,206.62
run_1789754348,rnd_task_019,robot_3,Central,North,68.76,4,2,0.46,4,2,0.06,0.24,6,41,0.161,12,224.58,220.58,500.0,4,385.28
run_1789754348,rnd_task_020,robot_2,North,Central,25.99,2,0,0.46,4,2,0.03,0.0,4,27,0.174,2,111.02,107.02,500.0,3,218.44
run_1789754348,rnd_task_021,robot_1,North,Central,0.85,0,2,0.46,4,2,0.1,0.0,4,23,0.185,9,117.7,113.7,500.0,2,194.2
run_1789757237,rnd_task_001,robot_1,North,South,0.99,0,2,0.46,4,2,0.02,0.0,6,40,0.124,17,389.88,385.88,500.0,5,483.02
run_1789757237,rnd_task_002,robot_2,Central,North,0.67,0,2,0.46,4,2,0.04,0.02,6,38,0.133,17,248.4,244.4,500.0,3,420.1
run_1789757237,rnd_task_003,robot_3,South,North,6.0,0,2,0.46,4,2,0.05,0.0,6,39,0.138,14,205.9,201.9,500.0,4,419.68
run_1789757237,rnd_task_004,robot_4,North,South,6.0,0,2,0.46,4,2,0.15,0.02,10,64,0.139,35,462.36,458.36,500.0,6,721.0
run_1789757237,rnd_task_005,robot_2,South,North,70.73,4,2,0.46,4,2,0.22,0.01,8,33,0.121,27,304.36,300.36,500.0,8,414.64
run_1789757237,rnd_task_006,robot_3,North,Central,63.2,2,1,0.46,4,2,0.0,0.18,7,30,0.123,27,112.86,108.86,500.0,6,340.62
run_1789757237,rnd_task_007,robot_1,North,North,27.79,2,0,0.46,4,1,0.12,0.18,6,29,0.153,27,196.0,192.0,500.0,4,287.32
run_1789757237,rnd_task_008,robot_4,North,South,6.0,0,2,0.46,4,2,0.01,0.03,9,66,0.135,17,484.36,480.36,500.0,9,757.92
run_1789757237,rnd_task_009,robot_1,South,North,0.99,0,2,0.46,4,2,0.03,0.0,7,42,0.131,10,314.92,310.92,500.0,7,472.06
run_1789757237,rnd_task_010,robot_3,North,South,6.0,1,2,0.46,4,2,0.03,0.0,7,37,0.137,9,297.56,293.56,500.0,4,393.4
run_1789757237,rnd_task_011,robot_2,Central,South,6.0,0,2,0.46,4,2,0.0,0.0,7,40,0.171,10,185.0,181.0,500.0,4,351.34
run_1789757237,rnd_task_012,robot_3,South,North,0.51,0,2,0.46,4,2,0.01,0.23,7,43,0.118,17,363.28,359.28,500.0,8,540.34
run_1789757237,rnd_task_013,robot_2,Central,North,6.0,1,2,0.46,4,2,0.02,0.28,5,25,0.095,10,181.68,177.68,500.0,5,358.34
run_1789757237,rnd_task_014,robot_1,North,South,6.0,0,2,0.46,4,2,0.01,0.23,5,32,0.124,11,216.08,212.08,500.0,5,403.28
run_1789757237,rnd_task_015,robot_4,South,North,74.42,4,2,0.46,4,2,0.0,0.18,8,52,0.157,15,254.18,250.18,500.0,7,497.86
run_1789757237,rnd_task_016,robot_2,Central,North,34.8,2,1,0.46,4,2,0.06,0.29,4,24,0.128,8,144.56,140.56,500.0,5,282.28
run_1789757237,rnd_task_017,robot_1,Central,North,6.2,1,2,0.46,4,2,0.02,0.0,7,35,0.143,9,220.74,216.74,500.0,5,349.54
run_1789757237,rnd_task_018,robot_3,South,South,6.01,0,1,0.46,4,1,0.0,0.18,8,47,0.156,13,150.52,146.52,500.0,5,449.26
run_1789757237,rnd_task_019,robot_2,North,North,28.7,2,1,0.46,4,1,0.04,0.07,8,43,0.17,18,204.46,200.46,500.0,4,388.1
run_1789757237,rnd_task_021,robot_4,North,South,72.98,4,2,0.46,4,2,0.04,0.46,9,42,0.173,12,238.04,234.04,500.0,2,357.5
run_1789755289,rnd_task_001,robot_4,South,North,66.13,4,2,0.46,4,2,0.03,0.04,6,36,0.153,39,231.56,227.56,500.0,5,367.2
run_1789755289,rnd_task_002,robot_3,North,North,0.68,0,1,0.46,4,1,0.26,0.15,7,41,0.168,39,237.72,233.72,500.0,6,380.08
run_1789755289,rnd_task_003,robot_2,South,Central,74.15,4,2,0.46,4,2,0.39,0.14,6,35,0.184,38,159.22,155.22,500.0,4,282.08
run_1789755289,rnd_task_004,robot_1,South,South,6.72,2,0,0.46,4,1,0.18,0.0,5,27,0.201,37,86.56,82.56,500.0,3,189.0
run_1789755289,rnd_task_005,robot_1,North,North,27.08,2,1,0.46,4,1,0.0,0.18,6,27,0.105,5,224.12,220.12,500.0,7,380.42
run_1789755289,rnd_task_006,robot_2,North,North,8.95,2,0,0.46,4,1,0.0,0.18,3,18,0.105,4,107.26,103.26,500.0,5,209.64
run_1789755289,rnd_task_007,robot_4,South,South,18.82,2,0,0.46,4,1,0.06,0.08,8,52,0.175,13,312.5,308.5,500.0,6,455.92
run_1789755289,rnd_task_008,robot_3,South,North,65.59,4,2,0.46,4,2,0.06,0.01,11,65,0.177,16,434.34,430.34,500.0,8,587.58
run_1789755289,rnd_task_009,robot_2,North,South,57.17,4,2,0.46,4,2,0.11,0.13,7,42,0.175,13,222.4,218.4,500.0,6,354.58
run_1789755289,rnd_task_010,robot_1,North,North,22.54,2,1,0.46,4,1,0.06,0.31,6,34,0.221,11,145.1,141.1,500.0,3,226.26
run_1789755289,rnd_task_011,robot_1,North,South,67.93,4,2,0.46,4,2,0.0,0.18,7,36,0.161,3,245.26,241.26,500.0,6,336.3
run_1789755289,rnd_task_012,robot_4,Central,North,65.99,4,2,0.46,4,2,0.0,0.18,7,36,0.17,3,185.2,181.2,500.0,5,305.4
run_1789755289,rnd_task_013,robot_2,Central,Central,84.99,4,2,0.46,4,1,0.0,0.18,5,29,0.14,2,138.54,134.54,500.0,5,299.52
run_1789755289,rnd_task_014,robot_3,North,South,77.44,4,2,0.46,4,2,0.02,0.09,10,48,0.144,13,292.98,288.98,500.0,6,515.58
run_1789755289,rnd_task_015,robot_4,North,South,0.99,0,2,0.46,4,2,0.01,0.0,6,30,0.119,11,216.42,212.42,500.0,5,352.0
run_1789755289,rnd_task_016,robot_1,South,North,54.24,4,2,0.46,4,2,0.04,0.0,7,37,0.145,11,208.76,204.76,500.0,5,385.84
run_1789755289,rnd_task_017,robot_2,North,North,30.73,2,1,0.46,4,1,0.04,0.29,7,30,0.143,11,163.82,159.82,500.0,4,321.9
run_1789755289,rnd_task_019,robot_4,South,South,33.75,2,1,0.46,4,1,0.0,0.18,5,26,0.163,1,70.0,66.0,500.0,4,233.3
run_1789755289,rnd_task_020,robot_2,North,Central,27.15,2,0,0.46,4,2,0.0,0.18,6,20,0.156,1,98.34,94.34,500.0,3,192.92
run_1789755289,rnd_task_021,robot_1,North,North,18.47,2,1,0.46,4,1,0.0,0.18,3,14,0.086,1,102.22,98.22,500.0,2,208.36
run_1789753197,rnd_task_001,robot_4,North,South,70.84,4,2,0.46,4,2,0.01,0.13,7,46,0.128,22,398.74,394.74,500.0,5,547.26
run_1789753197,rnd_task_002,robot_3,North,South,75.41,4,2,0.46,4,2,0.06,0.01,8,53,0.13,23,426.9,422.9,500.0,6,632.84
run_1789753197,rnd_task_003,robot_1,South,Central,6.0,0,2,0.46,4,2,0.12,0.0,4,22,0.138,10,148.52,144.52,500.0,3,216.74
run_1789753197,rnd_task_004,robot_2,South,North,78.18,4,2,0.46,4,2,0.05,0.02,6,40,0.136,21,232.3,228.3,500.0,4,440.2
run_1789753197,rnd_task_005,robot_1,South,North,81.77,4,2,0.46,4,2,0.01,0.45,7,49,0.129,15,286.78,282.78,500.0,6,574.38
run_1789753197,rnd_task_006,robot_2,Central,Central,94.9,4,2,0.46,4,1,0.04,0.0,5,31,0.128,3,153.8,149.8,500.0,6,360.52
run_1789753197,rnd_task_007,robot_4,South,North,88.85,4,2,0.46,4,2,0.0,0.0,8,47,0.135,11,213.52,209.52,500.0,6,518.04
run_1789753197,rnd_task_008,robot_3,North,South,64.59,4,2,0.46,4,2,0.08,0.0,7,40,0.138,10,347.08,343.08,500.0,5,435.02
run_1789753197,rnd_task_009,robot_1,South,South,6.06,1,0,0.46,4,1,0.0,0.18,6,35,0.144,10,179.02,175.02,500.0,6,346.62
run_1789753197,rnd_task_010,robot_2,North,Central,22.65,2,0,0.46,4,2,0.0,0.18,7,35,0.155,10,171.52,167.52,500.0,5,334.96
run_1789753197,rnd_task_011,robot_4,South,North,82.56,4,2,0.46,4,2,0.06,0.07,12,68,0.151,21,455.18,451.18,500.0,9,701.5
run_1789753197,rnd_task_012,robot_3,North,Central,43.07,2,1,0.46,4,2,0.01,0.46,9,43,0.18,11,232.66,228.66,500.0,5,365.86
run_1789753197,rnd_task_013,robot_2,North,South,6.0,1,2,0.46,4,2,0.06,0.12,8,48,0.143,18,279.1,275.1,500.0,6,504.98
run_1789753197,rnd_task_014,robot_1,Central,South,58.31,2,1,0.46,4,2,0.0,0.18,7,43,0.139,14,133.6,129.6,500.0,5,460.18
run_1789753197,rnd_task_015,robot_3,Central,North,21.89,2,0,0.46,4,2,0.0,0.18,3,13,0.092,3,86.14,82.14,500.0,3,174.72
run_1789753197,rnd_task_016,robot_3,South,North,0.49,0,2,0.46,4,2,0.03,0.0,12,64,0.202,20,340.68,336.68,500.0,7,494.42
run_1789753197,rnd_task_017,robot_1,Central,Central,0.85,0,0,0.46,4,1,0.0,0.18,5,29,0.207,1,111.02,107.02,500.0,5,193.06
run_1789753197,rnd_task_018,robot_2,North,South,80.64,4,2,0.46,4,2,0.04,0.28,11,60,0.194,16,298.12,294.12,500.0,5,473.84
run_1789753197,rnd_task_019,robot_4,North,North,16.53,2,0,0.46,4,1,0.03,0.46,8,46,0.216,12,170.36,166.36,500.0,4,314.16
run_1789753197,rnd_task_020,robot_1,South,North,60.98,4,2,0.46,4,2,0.03,0.0,7,42,0.144,19,237.36,233.36,500.0,3,443.32
run_1789756215,rnd_task_001,robot_1,North,South,61.27,4,2,0.46,4,2,0.04,0.0,5,29,0.098,10,396.46,392.46,500.0,6,467.6
run_1789756215,rnd_task_002,robot_4,North,North,15.92,2,1,0.46,4,1,0.05,0.04,2,12,0.048,10,232.72,228.72,500.0,3,335.16
run_1789756215,rnd_task_003,robot_2,South,Central,97.58,4,2,0.46,4,2,0.05,0.01,3,17,0.056,9,163.24,159.24,500.0,4,389.42
run_1789756215,rnd_task_004,robot_3,North,South,6.01,1,2,0.46,4,2,0.01,0.0,4,22,0.083,8,289.28,285.28,500.0,5,411.82
run_1789756215,rnd_task_005,robot_4,South,South,41.52,2,1,0.46,4,1,0.0,0.18,7,35,0.112,10,237.3,233.3,500.0,7,463.6
run_1789756215,rnd_task_006,robot_2,South,North,0.85,0,2,0.46,4,2,0.0,0.18,4,24,0.133,2,166.42,162.42,500.0,5,269.8
run_1789756215,rnd_task_007,robot_3,Central,North,27.33,2,0,0.46,4,2,0.3,0.04,6,32,0.094,31,357.9,353.9,500.0,7,553.58
run_1789756215,rnd_task_008,robot_1,Central,North,40.86,2,1,0.46,4,2,0.09,0.0,4,23,0.09,15,212.88,208.88,500.0,5,375.92
run_1789756215,rnd_task_009,robot_2,North,South,57.94,4,2,0.46,4,2,0.27,0.1,7,42,0.115,37,414.0,410.0,500.0,7,574.4
run_1789756215,rnd_task_010,robot_4,North,North,26.03,2,1,0.46,4,1,0.05,0.14,5,25,0.087,27,260.14,256.14,500.0,5,389.6
run_1789756215,rnd_task_011,robot_1,North,Central,0.97,0,2,0.46,4,2,0.08,0.08,6,31,0.105,23,215.34,211.34,500.0,6,439.0
run_1789756215,rnd_task_012,robot_3,North,Central,98.06,4,2,0.46,4,2,0.0,0.18,6,41,0.156,9,174.78,170.78,500.0,7,397.24
run_1789756215,rnd_task_013,robot_4,North,North,14.4,2,1,0.46,4,1,0.0,0.18,2,12,0.125,1,35.7,31.7,500.0,5,128.26
run_1789756215,rnd_task_014,robot_2,North,Central,36.41,2,0,0.46,4,2,0.06,0.17,9,52,0.153,8,328.94,324.94,500.0,8,508.2
run_1789756215,rnd_task_015,robot_1,South,Central,59.63,4,2,0.46,4,2,0.02,0.0,8,46,0.168,8,210.68,206.68,500.0,6,415.72
run_1789756215,rnd_task_016,robot_4,North,South,60.29,4,2,0.46,4,2,0.03,0.0,6,35,0.163,7,246.12,242.12,500.0,4,332.12
run_1789756215,rnd_task_017,robot_3,North,Central,6.0,1,2,0.46,4,2,0.01,0.17,6,35,0.153,7,186.18,182.18,500.0,5,340.96
run_1789756215,rnd_task_018,robot_4,South,Central,83.93,4,2,0.46,4,2,0.0,0.18,6,37,0.232,10,118.22,114.22,500.0,5,241.6
run_1789756215,rnd_task_019,robot_1,North,North,11.19,2,0,0.46,4,1,0.13,0.17,6,31,0.218,9,101.48,97.48,500.0,4,201.8
run_1789756215,rnd_task_021,robot_2,Central,North,0.54,0,2,0.46,4,2,0.03,0.22,6,32,0.218,11,74.0,70.0,500.0,2,210.7
run_1789814401,rnd_task_001,robot_1,Central,South,6.0,1,2,0.46,4,2,0.04,0.0,5,29,0.125,8,159.06,155.06,500.0,4,335.2
run_1789814401,rnd_task_002,robot_4,North,North,14.4,2,1,0.46,4,1,0.18,0.0,5,29,0.136,8,230.9,226.9,500.0,4,324.18
run_1789814401,rnd_task_003,robot_3,North,South,64.83,4,2,0.46,4,2,0.15,0.05,8,46,0.143,9,411.7,407.7,500.0,6,517.52
run_1789814401,rnd_task_004,robot_2,South,South,20.85,2,0,0.46,4,1,0.0,0.18,3,17,0.1,6,107.34,103.34,500.0,3,218.92
run_1789814401,rnd_task_005,robot_2,Central,North,65.22,4,2,0.46,4,2,0.02,0.0,6,36,0.161,10,221.3,217.3,500.0,6,361.34
run_1789814401,rnd_task_006,robot_1,South,South,5.97,1,0,0.46,4,1,0.01,0.45,4,24,0.112,8,160.78,156.78,500.0,5,285.98
run_1789814401,rnd_task_007,robot_4,North,Central,97.08,4,2,0.46,4,2,0.0,0.0,6,30,0.122,8,180.72,176.72,500.0,6,361.34
run_1789814401,rnd_task_008,robot_3,North,South,59.55,4,2,0.46,4,2,0.01,0.01,9,49,0.156,11,285.24,281.24,500.0,7,474.46
run_1789814401,rnd_task_009,robot_2,North,South,84.05,4,2,0.46,4,2,0.0,0.18,9,48,0.141,4,256.26,252.26,500.0,7,525.42
run_1789814401,rnd_task_010,robot_1,North,South,80.16,4,2,0.46,4,2,0.1,0.0,6,35,0.169,4,171.4,167.4,500.0,4,296.08
run_1789814401,rnd_task_011,robot_4,North,Central,6.0,1,2,0.46,4,2,0.21,0.03,9,54,0.166,9,265.34,261.34,500.0,6,492.6
run_1789814401,rnd_task_012,robot_1,North,Central,37.82,2,1,0.46,4,2,0.0,0.18,7,31,0.127,6,175.52,171.52,500.0,6,361.02
run_1789814401,rnd_task_013,robot_3,North,South,47.09,4,2,0.46,4,2,0.09,0.06,9,52,0.14,11,352.46,348.46,500.0,7,558.8
run_1789814401,rnd_task_014,robot_2,Central,South,6.0,0,2,0.46,4,2,0.0,0.18,6,36,0.136,9,191.62,187.62,500.0,5,383.3
run_1789814401,rnd_task_015,robot_4,North,South,6.0,0,2,0.46,4,2,0.0,0.18,8,48,0.123,10,325.02,321.02,500.0,7,585.16
run_1789814401,rnd_task_016,robot_1,Central,North,6.0,0,2,0.46,4,2,0.0,0.0,6,24,0.133,5,145.48,141.48,500.0,5,286.0
run_1789814401,rnd_task_017,robot_2,Central,South,61.4,2,1,0.46,4,2,0.02,0.4,8,43,0.133,10,258.14,254.14,500.0,6,479.42
run_1789814401,rnd_task_018,robot_3,North,North,21.89,2,0,0.46,4,1,0.06,0.21,5,20,0.1,9,161.46,157.46,500.0,5,298.76
run_1789814401,rnd_task_019,robot_1,North,North,0.67,0,1,0.46,4,1,0.0,0.18,6,30,0.152,9,90.46,86.46,500.0,4,303.34
run_1789814401,rnd_task_020,robot_4,South,Central,33.38,2,0,0.46,4,2,0.0,0.18,3,18,0.186,5,59.84,55.84,500.0,3,129.24
run_1789816419,rnd_task_001,robot_1,South,North,6.0,0,2,0.46,4,2,0.13,0.12,4,22,0.09,40,239.28,235.28,500.0,4,378.18
run_1789816419,rnd_task_002,robot_4,North,North,6.0,0,0,0.46,4,1,0.14,0.08,4,22,0.094,40,300.64,296.64,500.0,4,362.82
run_1789816419,rnd_task_003,robot_2,Central,Central,6.07,1,0,0.46,4,1,0.17,0.07,2,11,0.048,37,159.62,155.62,500.0,3,251.96
run_1789816419,rnd_task_004,robot_3,North,South,6.0,0,2,0.46,4,2,0.07,0.22,7,40,0.101,41,475.66,471.66,500.0,6,631.62
run_1789816419,rnd_task_005,robot_2,South,North,6.0,0,2,0.46,4,2,0.0,0.18,7,41,0.126,3,221.36,217.36,500.0,7,477.2
run_1789816419,rnd_task_006,robot_4,North,South,73.75,4,2,0.46,4,2,0.0,0.18,4,18,0.096,3,168.18,164.18,500.0,3,271.08
run_1789816419,rnd_task_007,robot_1,South,South,6.0,0,0,0.46,4,1,0.04,0.07,7,41,0.142,3,225.66,221.66,500.0,6,421.58
run_1789816419,rnd_task_008,robot_4,North,Central,47.28,2,1,0.46,4,2,0.05,0.08,4,26,0.132,2,130.98,126.98,500.0,5,287.96
run_1789816419,rnd_task_009,robot_3,North,North,0.67,0,0,0.46,4,1,0.04,0.0,10,53,0.209,2,229.08,225.08,500.0,6,383.3
run_1789816419,rnd_task_010,robot_2,South,North,6.0,0,2,0.46,4,2,0.02,0.0,9,59,0.155,7,375.18,371.18,500.0,9,581.52
run_1789816419,rnd_task_011,robot_1,North,South,6.0,0,2,0.46,4,2,0.01,0.0,8,42,0.14,7,344.38,340.38,500.0,6,442.9
run_1789816419,rnd_task_012,robot_4,Central,Central,91.85,4,2,0.46,4,1,0.0,0.18,5,28,0.3,0,55.9,51.9,500.0,4,139.96
run_1789816419,rnd_task_013,robot_3,North,North,20.51,2,1,0.46,4,1,0.0,0.18,3,12,0.082,5,91.18,87.18,500.0,4,195.64
run_1789816419,rnd_task_014,robot_4,North,South,62.79,4,2,0.46,4,2,0.0,0.18,8,35,0.167,7,226.98,222.98,500.0,6,335.24
run_1789816419,rnd_task_015,robot_3,South,North,0.96,0,2,0.46,4,2,0.04,0.0,8,42,0.151,7,296.48,292.48,500.0,6,423.18
run_1789816419,rnd_task_016,robot_1,North,Central,60.35,2,1,0.46,4,2,0.05,0.1,11,65,0.166,14,260.3,256.3,500.0,7,601.0
run_1789816419,rnd_task_017,robot_2,North,South,58.57,4,2,0.46,4,2,0.11,0.02,6,34,0.146,7,210.6,206.6,500.0,4,329.02
run_1789816419,rnd_task_018,robot_4,North,North,9.14,2,0,0.46,4,1,0.0,0.18,5,19,0.107,5,168.18,164.18,500.0,4,243.78
run_1789816419,rnd_task_019,robot_2,South,South,0.99,0,0,0.46,4,1,0.0,0.18,5,23,0.163,7,102.66,98.66,500.0,4,184.1
run_1789816419,rnd_task_021,robot_4,North,South,62.03,4,2,0.46,4,2,0.01,0.46,5,29,0.175,5,166.14,162.14,500.0,2,263.16
run_1789813402,rnd_task_001,robot_1,North,Central,46.23,2,1,0.46,4,2,0.22,0.09,3,16,0.051,39,335.92,331.92,500.0,3,469.8
run_1789813402,rnd_task_002,robot_4,North,South,77.2,4,2,0.46,4,2,0.0,0.18,6,34,0.082,45,430.26,426.26,500.0,6,610.0
run_1789813402,rnd_task_003,robot_3,North,North,24.06,2,1,0.46,4,1,0.16,0.13,4,21,0.066,38,347.3,343.3,500.0,5,482.22
run_1789813402,rnd_task_004,robot_2,North,Central,39.87,2,1,0.46,4,2,0.27,0.14,3,16,0.056,38,303.56,299.56,500.0,3,432.04
run_1789813402,rnd_task_005,robot_2,North,South,77.31,4,2,0.46,4,2,0.05,0.14,8,42,0.201,7,170.48,166.48,500.0,6,328.6
run_1789813402,rnd_task_006,robot_1,North,North,10.43,2,0,0.46,4,1,0.03,0.0,8,40,0.216,7,99.54,95.54,500.0,5,268.14
run_1789813402,rnd_task_007,robot_3,South,North,67.63,4,2,0.46,4,2,0.02,0.31,9,49,0.157,10,294.74,290.74,500.0,7,485.4
run_1789813402,rnd_task_008,robot_4,South,Central,79.34,4,2,0.46,4,2,0.0,0.18,5,26,0.15,2,108.22,104.22,500.0,5,252.5
run_1789813402,rnd_task_009,robot_1,North,North,42.81,2,1,0.46,4,1,0.13,0.13,10,43,0.126,15,258.08,254.08,500.0,8,507.48
run_1789813402,rnd_task_010,robot_2,North,North,24.58,2,1,0.46,4,1,0.08,0.07,6,32,0.125,15,214.28,210.28,500.0,6,383.1
run_1789813402,rnd_task_011,robot_4,Central,North,43.07,2,1,0.46,4,2,0.0,0.18,5,28,0.171,10,99.32,95.32,500.0,4,233.8
run_1789813402,rnd_task_012,robot_3,North,North,31.97,2,1,0.46,4,1,0.03,0.02,5,24,0.145,12,62.84,58.84,500.0,5,249.02
run_1789813402,rnd_task_013,robot_4,South,North,61.24,4,2,0.46,4,2,0.03,0.2,9,53,0.193,14,280.62,276.62,500.0,8,414.28
run_1789813402,rnd_task_014,robot_2,North,North,2.24,2,0,0.46,4,1,0.05,0.18,6,34,0.262,6,72.22,68.22,500.0,5,190.98
run_1789813402,rnd_task_015,robot_3,North,South,6.0,1,2,0.46,4,2,0.0,0.0,8,49,0.219,13,229.0,225.0,500.0,6,346.56
run_1789813402,rnd_task_016,robot_1,North,North,14.75,2,0,0.46,4,1,0.02,0.05,7,40,0.239,10,74.56,70.56,500.0,4,242.72
run_1789813402,rnd_task_017,robot_2,North,Central,0.67,0,2,0.46,4,2,0.05,0.05,6,43,0.175,7,178.3,174.3,500.0,6,365.64
run_1789813402,rnd_task_018,robot_1,Central,South,68.02,4,2,0.46,4,2,0.1,0.05,7,32,0.151,3,219.48,215.48,500.0,5,305.6
run_1789813402,rnd_task_019,robot_4,North,South,0.85,0,2,0.46,4,2,0.1,0.01,9,53,0.187,12,259.2,255.2,500.0,4,426.76
run_1789813402,rnd_task_020,robot_3,North,North,0.67,0,1,0.46,4,1,0.03,0.2,8,45,0.201,9,184.84,180.84,500.0,3,347.4
run_1789815454,rnd_task_001,robot_4,South,North,52.88,4,2,0.46,4,2,0.11,0.0,4,23,0.113,28,221.68,217.68,500.0,3,301.16
run_1789815454,rnd_task_002,robot_3,Central,South,6.0,0,2,0.46,4,2,0.08,0.01,5,34,0.127,28,205.4,201.4,500.0,5,393.74
run_1789815454,rnd_task_003,robot_2,North,North,6.89,2,0,0.46,4,1,0.27,0.04,4,24,0.122,26,242.46,238.46,500.0,3,295.6
run_1789815454,rnd_task_004,robot_1,North,South,78.18,4,2,0.46,4,2,0.14,0.02,8,51,0.159,33,323.82,319.82,500.0,7,490.42
run_1789815454,rnd_task_005,robot_4,North,South,65.59,4,2,0.46,4,2,0.05,0.0,5,28,0.186,7,168.7,164.7,500.0,6,236.64
run_1789815454,rnd_task_006,robot_2,North,North,24.69,2,0,0.46,4,1,0.0,0.18,5,27,0.217,6,81.54,77.54,500.0,4,174.72
run_1789815454,rnd_task_007,robot_3,North,Central,67.52,2,1,0.46,4,2,0.02,0.3,11,65,0.208,10,204.9,200.9,500.0,8,481.6
run_1789815454,rnd_task_008,robot_2,North,South,60.02,4,2,0.46,4,2,0.0,0.18,11,53,0.201,3,256.24,252.24,500.0,8,418.66
run_1789815454,rnd_task_009,robot_1,South,South,0.67,0,0,0.46,4,1,0.04,0.46,5,23,0.147,1,53.32,49.32,500.0,4,203.56
run_1789815454,rnd_task_010,robot_4,South,Central,68.76,4,2,0.46,4,2,0.0,0.18,6,31,0.174,2,77.34,73.34,500.0,4,253.6
run_1789815454,rnd_task_011,robot_1,South,North,80.64,4,2,0.46,4,2,0.04,0.14,9,49,0.185,7,188.94,184.94,500.0,6,400.94
run_1789815454,rnd_task_012,robot_4,North,South,46.35,4,2,0.46,4,2,0.07,0.02,10,58,0.219,11,317.54,313.54,500.0,6,402.6
run_1789815454,rnd_task_013,robot_3,North,Central,83.07,4,2,0.46,4,2,0.06,0.04,9,42,0.188,11,176.32,172.32,500.0,6,330.12
run_1789815454,rnd_task_014,robot_2,South,North,55.23,4,2,0.46,4,2,0.11,0.11,11,56,0.188,18,210.96,206.96,500.0,6,457.1
run_1789815454,rnd_task_015,robot_1,Central,Central,105.23,4,2,0.46,4,1,0.08,0.0,6,41,0.204,12,129.12,125.12,500.0,6,294.2
run_1789815454,rnd_task_016,robot_4,North,North,16.78,2,0,0.46,4,1,0.0,0.18,9,44,0.179,10,201.26,197.26,500.0,6,368.6
run_1789815454,rnd_task_017,robot_3,South,South,31.82,2,1,0.46,4,1,0.0,0.18,7,36,0.219,8,113.02,109.02,500.0,4,237.22
run_1789815454,rnd_task_018,robot_2,North,Central,58.06,2,1,0.46,4,2,0.07,0.06,6,31,0.157,3,95.94,91.94,500.0,5,279.62
run_1789815454,rnd_task_020,robot_3,Central,Central,81.52,4,2,0.46,4,1,0.0,0.18,3,8,0.087,1,73.28,69.28,500.0,3,138.6
run_1789815454,rnd_task_021,robot_4,Central,Central,80.25,4,2,0.46,4,1,0.01,0.46,5,35,0.192,2,142.3,138.3,500.0,2,259.8
run_1789811175,rnd_task_001,robot_4,South,North,66.13,4,2,0.46,4,2,0.12,0.27,6,36,0.152,15,234.68,230.68,500.0,5,369.2
run_1789811175,rnd_task_002,robot_3,North,North,32.25,2,1,0.46,4,1,0.15,0.14,6,36,0.15,15,228.7,224.7,500.0,6,372.2
run_1789811175,rnd_task_003,robot_2,South,Central,0.85,0,2,0.46,4,2,0.02,0.01,6,35,0.181,12,164.14,160.14,500.0,4,288.02
run_1789811175,rnd_task_004,robot_1,South,South,6.72,2,0,0.46,4,1,0.0,0.0,5,27,0.199,10,88.94,84.94,500.0,3,190.68
run_1789811175,rnd_task_005,robot_1,North,North,27.08,2,1,0.46,4,1,0.0,0.18,6,27,0.104,9,225.7,221.7,500.0,7,384.92
run_1789811175,rnd_task_006,robot_2,North,North,8.95,2,0,0.46,4,1,0.03,0.0,3,18,0.103,8,107.38,103.38,500.0,5,214.26
run_1789811175,rnd_task_007,robot_4,South,South,0.85,0,0,0.46,4,1,0.06,0.17,7,47,0.16,9,304.12,300.12,500.0,6,449.98
run_1789811175,rnd_task_008,robot_3,South,North,65.59,4,2,0.46,4,2,0.05,0.0,9,55,0.157,12,405.04,401.04,500.0,8,559.42
run_1789811175,rnd_task_009,robot_2,North,South,57.17,4,2,0.46,4,2,0.04,0.1,7,40,0.185,4,193.6,189.6,500.0,5,312.92
run_1789811175,rnd_task_010,robot_1,North,North,22.54,2,1,0.46,4,1,0.01,0.28,7,39,0.244,4,161.08,157.08,500.0,4,237.3
run_1789811175,rnd_task_011,robot_4,North,South,0.88,0,2,0.46,4,2,0.01,0.0,7,33,0.103,11,354.02,350.02,500.0,8,487.26
run_1789811175,rnd_task_012,robot_1,Central,North,65.99,4,2,0.46,4,2,0.02,0.46,6,31,0.125,6,190.96,186.96,500.0,5,351.36
run_1789811175,rnd_task_013,robot_2,Central,Central,84.99,4,2,0.46,4,1,0.01,0.0,6,31,0.152,6,144.24,140.24,500.0,4,303.04
run_1789811175,rnd_task_014,robot_3,North,South,6.0,0,2,0.46,4,2,0.04,0.0,9,51,0.141,13,314.82,310.82,500.0,6,554.84
run_1789811175,rnd_task_015,robot_2,North,South,0.99,0,2,0.46,4,2,0.11,0.03,6,30,0.088,16,388.72,384.72,500.0,7,499.02
run_1789811175,rnd_task_016,robot_1,South,North,0.49,0,2,0.46,4,2,0.04,0.03,5,36,0.093,16,364.9,360.9,500.0,6,560.0
run_1789811175,rnd_task_017,robot_4,North,North,30.73,2,1,0.46,4,1,0.0,0.18,4,24,0.127,10,173.76,169.76,500.0,4,283.06
run_1789811175,rnd_task_018,robot_3,North,South,0.49,0,2,0.46,4,2,0.12,0.12,5,25,0.075,21,341.46,337.46,500.0,5,509.02
run_1789811175,rnd_task_019,robot_4,South,South,33.75,2,1,0.46,4,1,0.07,0.21,4,23,0.079,18,242.62,238.62,500.0,4,432.92
run_1789811175,rnd_task_021,robot_1,North,North,18.47,2,1,0.46,4,1,0.27,0.0,7,41,0.125,25,356.56,352.56,500.0,2,496.2
run_1789809833,rnd_task_001,robot_4,North,South,6.05,0,2,0.46,4,2,0.17,0.03,5,35,0.094,25,405.4,401.4,500.0,4,552.6
run_1789809833,rnd_task_002,robot_3,North,South,6.0,0,2,0.46,4,2,0.17,0.08,6,41,0.098,26,414.74,410.74,500.0,5,631.4
run_1789809833,rnd_task_003,robot_1,South,Central,6.0,0,2,0.46,4,2,0.04,0.01,4,22,0.136,19,153.36,149.36,500.0,3,219.9
run_1789809833,rnd_task_004,robot_2,South,North,78.18,4,2,0.46,4,2,0.21,0.02,8,52,0.103,28,568.44,564.44,500.0,6,773.58
run_1789809833,rnd_task_005,robot_1,South,North,81.77,4,2,0.46,4,2,0.18,0.0,12,78,0.117,18,739.2,735.2,500.0,10,1041.72
run_1789809833,rnd_task_006,robot_4,Central,Central,0.52,0,1,0.46,4,1,0.05,0.11,5,37,0.116,11,280.44,276.44,500.0,5,484.4
run_1789809833,rnd_task_007,robot_3,South,North,6.0,1,2,0.46,4,2,0.03,0.0,6,41,0.113,12,188.02,184.02,500.0,6,530.06
run_1789809833,rnd_task_008,robot_2,North,South,64.59,4,2,0.46,4,2,0.03,0.0,3,20,0.117,6,152.56,148.56,500.0,3,239.0
run_1789809833,rnd_task_009,robot_2,South,South,22.65,2,0,0.46,4,1,0.0,0.18,4,22,0.167,4,79.22,75.22,500.0,4,180.02
run_1789809833,rnd_task_010,robot_4,North,Central,22.65,2,0,0.46,4,2,0.02,0.46,7,40,0.185,4,170.46,166.46,500.0,6,324.26
run_1789809833,rnd_task_011,robot_3,South,North,0.67,0,2,0.46,4,2,0.0,0.46,13,72,0.164,10,417.64,413.64,500.0,8,683.4
run_1789809833,rnd_task_012,robot_2,North,Central,0.85,0,2,0.46,4,2,0.01,0.03,8,44,0.121,9,375.02,371.02,500.0,6,546.64
run_1789809833,rnd_task_013,robot_1,North,South,51.16,4,2,0.46,4,2,0.03,0.0,5,36,0.143,9,190.22,186.22,500.0,4,364.44
run_1789809833,rnd_task_014,robot_4,Central,South,58.31,2,1,0.46,4,2,0.03,0.02,8,48,0.146,9,153.2,149.2,500.0,6,494.84
run_1789809833,rnd_task_015,robot_1,Central,North,21.89,2,0,0.46,4,2,0.06,0.36,4,25,0.124,1,149.86,145.86,500.0,6,289.58
run_1789809833,rnd_task_016,robot_2,South,North,6.0,0,2,0.46,4,2,0.0,0.18,10,60,0.195,7,266.36,262.36,500.0,7,472.94
run_1789809833,rnd_task_017,robot_3,Central,Central,75.93,4,2,0.46,4,1,0.0,0.2,6,31,0.164,5,142.88,138.88,500.0,5,268.04
run_1789809833,rnd_task_018,robot_4,North,South,80.64,4,2,0.46,4,2,0.01,0.41,10,54,0.179,8,301.18,297.18,500.0,5,457.22
run_1789809833,rnd_task_019,robot_1,North,North,16.53,2,0,0.46,4,1,0.02,0.01,6,35,0.22,6,116.68,112.68,500.0,3,235.9
run_1789809833,rnd_task_021,robot_1,North,Central,62.4,4,2,0.46,4,2,0.0,0.18,5,30,0.141,2,171.42,167.42,500.0,2,297.64
run_1789817441,rnd_task_001,robot_4,South,North,78.74,4,2,0.46,4,2,0.02,0.15,7,40,0.133,6,240.7,236.7,500.0,6,450.88
run_1789817441,rnd_task_002,robot_1,Central,Central,82.53,4,2,0.46,4,1,0.09,0.0,5,28,0.148,6,179.66,175.66,500.0,3,270.56
run_1789817441,rnd_task_003,robot_2,North,North,33.77,2,1,0.46,4,1,0.0,0.0,7,40,0.153,5,290.82,286.82,500.0,5,418.48
run_1789817441,rnd_task_004,robot_3,Central,Central,46.6,2,0,0.46,4,1,0.06,0.2,5,28,0.135,5,186.3,182.3,500.0,4,296.36
run_1789817441,rnd_task_005,robot_1,North,North,26.89,2,1,0.46,4,1,0.01,0.32,7,38,0.142,1,173.7,169.7,500.0,7,407.42
run_1789817441,rnd_task_006,robot_3,Central,South,31.22,2,0,0.46,4,2,0.0,0.18,5,24,0.194,0,85.26,81.26,500.0,5,185.9
run_1789817441,rnd_task_007,robot_2,North,South,0.99,0,2,0.46,4,2,0.0,0.18,7,43,0.182,2,210.98,206.98,500.0,7,350.96
run_1789817441,rnd_task_008,robot_4,North,Central,26.72,2,0,0.46,4,2,0.0,0.18,8,53,0.202,3,246.02,242.02,500.0,7,396.8
run_1789817441,rnd_task_009,robot_3,South,South,6.0,0,0,0.46,4,1,0.0,0.18,4,24,0.156,2,98.26,94.26,500.0,4,204.6
run_1789817441,rnd_task_010,robot_1,North,South,77.44,4,2,0.46,4,2,0.0,0.18,8,52,0.168,4,283.2,279.2,500.0,7,475.02
run_1789817441,rnd_task_011,robot_3,North,South,64.29,4,2,0.46,4,2,0.05,0.0,7,43,0.144,3,300.52,296.52,500.0,7,471.06
run_1789817441,rnd_task_012,robot_2,South,South,6.0,0,1,0.46,4,1,0.0,0.18,4,24,0.117,2,52.8,48.8,500.0,4,273.32
run_1789817441,rnd_task_013,robot_4,South,Central,83.19,4,2,0.46,4,2,0.01,0.18,7,38,0.119,2,278.98,274.98,500.0,6,486.9
run_1789817441,rnd_task_014,robot_2,North,South,6.05,1,2,0.46,4,2,0.0,0.23,7,41,0.144,4,296.36,292.36,500.0,7,443.46
run_1789817441,rnd_task_015,robot_1,Central,South,6.0,0,2,0.46,4,2,0.03,0.0,7,30,0.111,5,219.28,215.28,500.0,7,379.8
run_1789817441,rnd_task_016,robot_3,South,North,71.4,4,2,0.46,4,2,0.0,0.18,8,47,0.145,5,181.12,177.12,500.0,7,496.9
run_1789817441,rnd_task_017,robot_4,Central,North,23.83,2,0,0.46,4,2,0.01,0.0,2,7,0.083,2,94.16,90.16,500.0,3,145.42
run_1789817441,rnd_task_018,robot_4,North,North,4.48,2,0,0.46,4,1,0.0,0.18,5,23,0.2,1,28.86,24.86,500.0,5,159.76
run_1789817441,rnd_task_019,robot_2,South,South,10.42,2,0,0.46,4,1,0.0,0.18,6,25,0.153,1,73.1,69.1,500.0,4,222.38
run_1789817441,rnd_task_020,robot_1,Central,North,58.33,4,2,0.46,4,2,0.0,0.18,7,36,0.162,0,187.92,183.92,500.0,3,321.54
run_1789812280,rnd_task_001,robot_1,North,South,61.27,4,2,0.46,4,2,0.0,0.0,5,28,0.094,11,397.32,393.32,500.0,6,467.6
run_1789812280,rnd_task_002,robot_4,North,North,6.0,0,1,0.46,4,1,0.07,0.0,2,12,0.046,11,239.94,235.94,500.0,3,344.14
run_1789812280,rnd_task_003,robot_2,South,Central,97.58,4,2,0.46,4,2,0.06,0.0,4,22,0.076,8,170.52,166.52,500.0,4,396.02
run_1789812280,rnd_task_004,robot_3,North,South,73.75,4,2,0.46,4,2,0.04,0.16,4,22,0.085,8,275.68,271.68,500.0,5,399.34
run_1789812280,rnd_task_005,robot_4,South,South,41.52,2,1,0.46,4,1,0.01,0.0,7,35,0.111,9,239.8,235.8,500.0,8,466.4
run_1789812280,rnd_task_006,robot_2,South,North,64.38,4,2,0.46,4,2,0.0,0.18,4,18,0.097,6,169.8,165.8,500.0,5,268.68
run_1789812280,rnd_task_007,robot_3,Central,North,27.33,2,0,0.46,4,2,0.02,0.0,4,20,0.087,9,192.22,188.22,500.0,5,367.74
run_1789812280,rnd_task_008,robot_1,Central,North,0.49,0,2,0.46,4,2,0.06,0.3,6,29,0.114,10,216.82,212.82,500.0,6,386.96
run_1789812280,rnd_task_009,robot_2,North,South,57.94,4,2,0.46,4,2,0.09,0.23,8,41,0.179,9,225.16,221.16,500.0,6,357.88
run_1789812280,rnd_task_010,robot_3,North,North,26.03,2,1,0.46,4,1,0.08,0.23,7,34,0.194,6,123.56,119.56,500.0,5,257.42
run_1789812280,rnd_task_011,robot_4,North,Central,79.12,4,2,0.46,4,2,0.06,0.04,9,49,0.169,9,302.82,298.82,500.0,7,448.84
run_1789812280,rnd_task_012,robot_1,North,Central,98.06,4,2,0.46,4,2,0.08,0.0,9,43,0.162,8,153.48,149.48,500.0,5,393.9
run_1789812280,rnd_task_013,robot_2,North,North,14.4,2,1,0.46,4,1,0.09,0.13,6,26,0.129,6,200.44,196.44,500.0,6,311.06
run_1789812280,rnd_task_014,robot_3,North,Central,36.41,2,0,0.46,4,2,0.0,0.18,5,20,0.11,4,154.34,150.34,500.0,5,235.34
run_1789812280,rnd_task_015,robot_1,South,Central,0.99,0,2,0.46,4,2,0.04,0.0,7,37,0.107,15,225.1,221.1,500.0,7,504.66
run_1789812280,rnd_task_016,robot_4,North,South,60.29,4,2,0.46,4,2,0.06,0.05,7,35,0.124,11,342.6,338.6,500.0,5,450.1
run_1789812280,rnd_task_017,robot_3,North,Central,40.86,2,1,0.46,4,2,0.06,0.35,6,35,0.117,14,174.92,170.92,500.0,4,445.42
run_1789812280,rnd_task_018,robot_2,South,Central,83.93,4,2,0.46,4,2,0.02,0.15,5,29,0.107,12,210.7,206.7,500.0,4,390.7
run_1789812280,rnd_task_020,robot_3,North,South,79.0,4,2,0.46,4,2,0.33,0.08,8,36,0.186,10,167.14,163.14,500.0,3,290.3
run_1789812280,rnd_task_021,robot_1,Central,North,37.05,2,1,0.46,4,2,0.0,0.18,2,12,0.117,5,62.54,58.54,500.0,1,136.82
run_1789884199,rnd_task_001,robot_1,North,South,61.27,4,2,0.46,4,2,0.0,0.0,5,28,0.094,14,408.2,404.2,500.0,6,470.32
run_1789884199,rnd_task_002,robot_4,North,North,15.92,2,1,0.46,4,1,0.01,0.0,3,17,0.071,14,235.4,231.4,500.0,3,340.06
run_1789884199,rnd_task_003,robot_2,South,Central,97.58,4,2,0.46,4,2,0.03,0.0,4,22,0.075,14,169.64,165.64,500.0,4,398.24
run_1789884199,rnd_task_004,robot_3,North,South,73.75,4,2,0.46,4,2,0.02,0.11,4,22,0.085,14,278.34,274.34,500.0,5,400.44
run_1789884199,rnd_task_005,robot_4,South,South,41.52,2,1,0.46,4,1,0.03,0.02,7,35,0.105,9,261.66,257.66,500.0,8,493.2
run_1789884199,rnd_task_006,robot_2,South,North,64.38,4,2,0.46,4,2,0.0,0.18,4,18,0.095,3,174.72,170.72,500.0,5,274.46
run_1789884199,rnd_task_007,robot_3,Central,North,27.33,2,0,0.46,4,2,0.03,0.0,4,20,0.087,8,191.46,187.46,500.0,5,367.02
run_1789884199,rnd_task_008,robot_1,Central,North,40.86,2,1,0.46,4,2,0.04,0.1,5,28,0.102,10,247.92,243.92,500.0,6,412.36
run_1789884199,rnd_task_009,robot_2,North,South,57.94,4,2,0.46,4,2,0.08,0.03,8,41,0.174,8,238.48,234.48,500.0,6,368.32
run_1789884199,rnd_task_010,robot_3,North,North,0.85,0,1,0.46,4,1,0.0,0.18,7,39,0.227,2,124.96,120.96,500.0,5,255.22
run_1789884199,rnd_task_011,robot_4,North,Central,79.12,4,2,0.46,4,2,0.06,0.09,7,43,0.154,3,286.32,282.32,500.0,7,427.6
run_1789884199,rnd_task_012,robot_1,North,Central,98.06,4,2,0.46,4,2,0.0,0.18,6,37,0.142,3,142.76,138.76,500.0,6,379.0
run_1789884199,rnd_task_013,robot_3,North,North,14.4,2,1,0.46,4,1,0.09,0.04,3,8,0.079,2,33.36,29.36,500.0,3,126.72
run_1789884199,rnd_task_014,robot_2,North,Central,0.99,0,2,0.46,4,2,0.0,0.0,8,37,0.112,5,327.2,323.2,500.0,6,482.92
run_1789884199,rnd_task_015,robot_3,South,Central,0.99,0,2,0.46,4,2,0.09,0.02,9,52,0.138,18,324.36,320.36,500.0,7,563.3
run_1789884199,rnd_task_016,robot_4,North,South,60.29,4,2,0.46,4,2,0.09,0.08,9,47,0.156,18,362.66,358.66,500.0,5,487.24
run_1789884199,rnd_task_017,robot_1,North,Central,40.86,2,1,0.46,4,2,0.02,0.0,4,25,0.108,13,178.2,174.2,500.0,4,332.0
run_1789884199,rnd_task_018,robot_2,South,Central,83.93,4,2,0.46,4,2,0.1,0.07,5,30,0.16,15,122.5,118.5,500.0,5,275.76
run_1789884199,rnd_task_019,robot_1,North,North,11.19,2,0,0.46,4,1,0.0,0.18,5,27,0.227,5,112.74,108.74,500.0,4,167.58
run_1789884199,rnd_task_021,robot_4,Central,North,37.05,2,1,0.46,4,2,0.04,0.0,6,36,0.155,6,234.38,230.38,500.0,2,334.58
run_1789881769,rnd_task_001,robot_1,South,North,71.7,4,2,0.46,4,2,0.11,0.16,5,29,0.143,8,177.62,173.62,500.0,4,307.84
run_1789881769,rnd_task_002,robot_4,Central,North,34.25,2,1,0.46,4,2,0.13,0.0,6,29,0.133,8,217.22,213.22,500.0,6,344.6
run_1789881769,rnd_task_003,robot_2,South,South,4.8,2,0,0.46,4,1,0.17,0.04,4,18,0.124,7,86.24,82.24,500.0,3,193.48
run_1789881769,rnd_task_004,robot_3,South,South,50.15,2,1,0.46,4,1,0.0,0.0,6,29,0.13,8,92.48,88.48,500.0,5,322.8
run_1789881769,rnd_task_005,robot_2,North,North,14.74,2,0,0.46,4,1,0.0,0.18,6,35,0.136,3,200.54,196.54,500.0,6,366.32
run_1789881769,rnd_task_006,robot_1,Central,Central,96.59,4,2,0.46,4,1,0.03,0.0,6,29,0.162,3,128.2,124.2,500.0,5,259.8
run_1789881769,rnd_task_007,robot_3,North,South,62.65,4,2,0.46,4,2,0.02,0.03,7,43,0.157,2,285.4,281.4,500.0,6,406.58
run_1789881769,rnd_task_008,robot_4,South,South,43.06,2,1,0.46,4,1,0.03,0.0,9,55,0.179,3,223.34,219.34,500.0,7,468.98
run_1789881769,rnd_task_009,robot_1,South,North,75.47,4,2,0.46,4,2,0.0,0.18,9,44,0.151,2,174.3,170.3,500.0,8,451.04
run_1789881769,rnd_task_010,robot_2,North,Central,70.73,4,2,0.46,4,2,0.0,0.18,6,24,0.204,0,114.08,110.08,500.0,4,186.06
run_1789881769,rnd_task_011,robot_3,South,South,0.49,0,1,0.46,4,1,0.05,0.36,5,30,0.176,2,116.54,112.54,500.0,6,260.96
run_1789881769,rnd_task_012,robot_2,Central,Central,0.67,0,1,0.46,4,1,0.0,0.46,4,12,0.115,2,81.86,77.86,500.0,4,156.7
run_1789881769,rnd_task_013,robot_4,South,North,66.6,4,2,0.46,4,2,0.05,0.39,6,36,0.13,3,210.28,206.28,500.0,8,414.86
run_1789881769,rnd_task_014,robot_2,North,North,17.74,2,1,0.46,4,1,0.0,0.0,5,25,0.149,1,155.52,151.52,500.0,5,241.42
run_1789881769,rnd_task_015,robot_3,North,North,36.46,2,1,0.46,4,1,0.1,0.15,9,60,0.144,15,374.42,370.42,500.0,8,641.02
run_1789881769,rnd_task_016,robot_1,North,North,29.15,2,1,0.46,4,1,0.0,0.46,4,18,0.131,1,88.9,84.9,500.0,4,183.6
run_1789881769,rnd_task_017,robot_2,Central,North,40.64,2,1,0.46,4,2,0.08,0.07,4,19,0.083,10,177.66,173.66,500.0,5,337.42
run_1789881769,rnd_task_018,robot_1,Central,Central,46.26,2,1,0.46,4,1,0.1,0.09,6,40,0.143,13,250.48,246.48,500.0,5,418.56
run_1789881769,rnd_task_019,robot_4,Central,North,68.76,4,2,0.46,4,2,0.05,0.26,6,35,0.144,12,202.08,198.08,500.0,4,361.64
run_1789881769,rnd_task_020,robot_2,North,Central,0.85,0,2,0.46,4,2,0.02,0.06,6,34,0.219,4,124.0,120.0,500.0,3,228.68
run_1789880517,rnd_task_001,robot_4,North,South,6.0,0,2,0.46,4,2,0.06,0.19,7,52,0.14,26,415.04,411.04,500.0,5,571.96
run_1789880517,rnd_task_002,robot_3,North,South,75.41,4,2,0.46,4,2,0.07,0.0,8,59,0.145,26,433.04,429.04,500.0,6,634.26
run_1789880517,rnd_task_003,robot_1,South,Central,6.0,0,2,0.46,4,2,0.03,0.0,4,22,0.135,20,154.68,150.68,500.0,3,221.6
run_1789880517,rnd_task_004,robot_2,South,North,6.0,0,2,0.46,4,2,0.05,0.19,6,46,0.143,26,253.54,249.54,500.0,4,461.48
run_1789880517,rnd_task_005,robot_1,South,North,81.77,4,2,0.46,4,2,0.03,0.0,7,54,0.139,11,289.9,285.9,500.0,6,589.8
run_1789880517,rnd_task_006,robot_2,Central,Central,94.9,4,2,0.46,4,1,0.07,0.0,5,32,0.107,11,231.88,227.88,500.0,6,449.24
run_1789880517,rnd_task_007,robot_4,South,North,6.0,1,2,0.46,4,2,0.0,0.18,6,37,0.108,13,195.96,191.96,500.0,6,501.3
run_1789880517,rnd_task_008,robot_3,North,South,6.0,1,2,0.46,4,2,0.12,0.02,7,42,0.112,16,477.38,473.38,500.0,6,572.84
run_1789880517,rnd_task_009,robot_1,South,South,22.65,2,0,0.46,4,1,0.1,0.0,6,35,0.118,13,244.16,240.16,500.0,6,422.76
run_1789880517,rnd_task_010,robot_2,North,Central,22.65,2,0,0.46,4,2,0.04,0.11,6,34,0.147,8,183.12,179.12,500.0,6,341.12
run_1789880517,rnd_task_011,robot_4,South,North,6.0,0,2,0.46,4,2,0.04,0.03,11,77,0.173,15,440.42,436.42,500.0,7,694.6
run_1789880517,rnd_task_012,robot_3,North,Central,43.07,2,1,0.46,4,2,0.0,0.18,7,41,0.172,9,223.68,219.68,500.0,5,360.6
run_1789880517,rnd_task_013,robot_1,North,South,51.16,4,2,0.46,4,2,0.0,0.23,9,59,0.165,11,336.46,332.46,500.0,8,547.02
run_1789880517,rnd_task_014,robot_2,Central,South,0.49,0,2,0.46,4,2,0.0,0.18,8,58,0.165,10,166.32,162.32,500.0,6,507.98
run_1789880517,rnd_task_015,robot_3,Central,North,21.89,2,0,0.46,4,2,0.0,0.18,4,24,0.191,3,90.3,86.3,500.0,3,178.16
run_1789880517,rnd_task_016,robot_3,South,North,77.44,4,2,0.46,4,2,0.03,0.29,12,58,0.188,11,320.46,316.46,500.0,6,479.2
run_1789880517,rnd_task_017,robot_4,Central,Central,75.93,4,2,0.46,4,1,0.04,0.0,7,36,0.174,7,163.74,159.74,500.0,5,298.7
run_1789880517,rnd_task_018,robot_2,North,South,80.64,4,2,0.46,4,2,0.01,0.0,11,54,0.184,10,293.54,289.54,500.0,5,446.14
run_1789880517,rnd_task_019,robot_1,North,North,6.0,0,0,0.46,4,1,0.01,0.12,9,47,0.186,10,182.16,178.16,500.0,4,377.2
run_1789880517,rnd_task_020,robot_4,South,North,60.98,4,2,0.46,4,2,0.05,0.0,9,49,0.171,14,240.94,236.94,500.0,3,445.38
run_1789882692,rnd_task_001,robot_4,South,North,66.13,4,2,0.46,4,2,0.03,0.29,6,36,0.155,24,234.96,230.96,500.0,5,362.08
run_1789882692,rnd_task_002,robot_3,North,North,32.25,2,1,0.46,4,1,0.23,0.24,7,41,0.173,24,223.74,219.74,500.0,6,369.04
run_1789882692,rnd_task_003,robot_2,South,Central,74.15,4,2,0.46,4,2,0.36,0.17,6,35,0.192,24,146.6,142.6,500.0,4,270.38
run_1789882692,rnd_task_004,robot_1,South,South,6.0,0,0,0.46,4,1,0.23,0.0,5,27,0.203,22,85.86,81.86,500.0,3,187.0
run_1789882692,rnd_task_005,robot_1,North,North,27.08,2,1,0.46,4,1,0.02,0.0,7,31,0.12,8,221.84,217.84,500.0,7,384.16
run_1789882692,rnd_task_006,robot_2,North,North,8.95,2,0,0.46,4,1,0.0,0.18,3,18,0.106,2,107.74,103.74,500.0,5,208.1
run_1789882692,rnd_task_007,robot_4,South,South,18.82,2,0,0.46,4,1,0.03,0.0,7,47,0.162,10,307.46,303.46,500.0,6,445.34
run_1789882692,rnd_task_008,robot_3,South,North,65.59,4,2,0.46,4,2,0.04,0.0,9,55,0.16,18,402.48,398.48,500.0,8,551.48
run_1789882692,rnd_task_009,robot_2,North,South,57.17,4,2,0.46,4,2,0.11,0.05,7,41,0.181,8,213.2,209.2,500.0,5,331.86
run_1789882692,rnd_task_010,robot_1,North,North,22.54,2,1,0.46,4,1,0.01,0.46,7,34,0.221,2,141.36,137.36,500.0,4,226.42
run_1789882692,rnd_task_011,robot_4,North,South,0.88,0,2,0.46,4,2,0.04,0.1,7,38,0.119,17,352.56,348.56,500.0,6,486.54
run_1789882692,rnd_task_012,robot_1,Central,North,65.99,4,2,0.46,4,2,0.01,0.46,6,31,0.127,12,187.92,183.92,500.0,4,347.76
run_1789882692,rnd_task_013,robot_2,Central,Central,84.99,4,2,0.46,4,1,0.12,0.1,6,31,0.151,12,147.06,143.06,500.0,4,304.9
run_1789882692,rnd_task_014,robot_3,North,South,6.0,0,2,0.46,4,2,0.0,0.18,9,51,0.152,11,280.0,276.0,500.0,4,512.18
run_1789882692,rnd_task_017,robot_4,North,North,30.73,2,1,0.46,4,1,0.0,0.18,4,24,0.127,3,164.66,160.66,500.0,1,283.1
run_1789882692,rnd_task_019,robot_4,South,South,33.75,2,1,0.46,4,1,0.17,0.0,1,6,0.014,5,245.02,241.02,500.0,0,428.2
run_1789882692,rnd_task_020,robot_4,North,Central,27.15,2,0,0.46,4,2,0.15,0.0,1,6,0.021,14,203.6,199.6,500.0,0,280.86
run_1789882692,rnd_task_021,robot_4,North,North,18.47,2,1,0.46,4,1,0.0,0.18,1,6,0.033,7,97.4,93.4,500.0,0,180.4
